task,protocol,run_id,dependency_id,dependency_type,producer_agent,consumer_agent,raw_checkpoint_count,canonical_checkpoint_count,duplicate_checkpoint_count,integrated_checkpoint_count,first_upstream_step,first_downstream_step,canonical_CAIL,first_integrated_closure_step,stable_closure_step,stable_closure_delay,final_integrated_pass,upstream_ever_passed,downstream_ever_passed,agent_local_integrated_ever_passed,producer_stranded,consumer_progress_stranded,local_integrated_progress_stranded,integrated_open_after_producer_count,regression_count,recovery_count,closure_retention,trajectory_archetype,integrated_trajectory,full_trajectory,contract_summary
cachetools,single,oh1292_standard100_ddebb7d_r01,cachetools.keys_to_func.untyped_key_contract,interface_dependency,key_agent,decorator_agent,1,1,0,1,1,1,0,1,1,0,True,True,True,False,False,False,False,0,0,0,1.0,terminal_closed_only,1:111,1:W:111,"Function decorators with typed=False must use the untyped key behavior from hashkey: equal values of different numeric types share the same cache key, positional and keyword arguments are represented stably, and keys remain hashable."
cachetools,single,oh1292_standard100_ddebb7d_r01,cachetools.keys_to_func.typed_key_contract,interface_dependency,key_agent,decorator_agent,1,1,0,1,1,1,0,1,1,0,True,True,True,False,False,False,False,0,0,0,1.0,terminal_closed_only,1:111,1:W:111,"Function decorators with typed=True must select typedkey semantics from keys.py, so equal values of different types are cached separately while preserving the same cache metadata API."
cachetools,single,oh1292_standard100_ddebb7d_r01,cachetools.keys_to_cachedmethod.typed_method_key_contract,interface_dependency,key_agent,integrator,1,1,0,1,1,1,0,1,1,0,True,True,True,False,False,False,False,0,0,0,1.0,terminal_closed_only,1:111,1:W:111,typedmethodkey must ignore self while preserving typed argument distinction for cachedmethod users.
cachetools,single,oh1292_standard100_ddebb7d_r01,cachetools.core_to_func.wrapper_metadata_contract,shared_api_contract,integrator,decorator_agent,1,1,0,1,1,1,0,1,1,0,True,True,True,False,False,False,False,0,0,0,1.0,terminal_closed_only,1:111,1:W:111,"Decorator factories must expose the same cache wrapper metadata contract as cached(): cache_info(), cache_clear(), cache_parameters(), cache attribute, cache_key, and lock behavior where applicable."
cachetools,single,oh1292_standard100_ddebb7d_r01,cachetools.core_to_func.maxsize_and_lock_contract,shared_api_contract,integrator,decorator_agent,1,1,0,1,1,1,0,1,1,0,True,True,True,False,False,False,False,0,0,0,1.0,terminal_closed_only,1:111,1:W:111,"Decorator factories must preserve cache-class edge cases and wrapper lock semantics: maxsize=0 disables storage, maxsize=None gives an unbounded cache, and recursive equality requires an RLock-compatible wrapper path."
cachetools,serial_specialists,oh1292_standard100_ddebb7d_r01,cachetools.keys_to_func.untyped_key_contract,interface_dependency,key_agent,decorator_agent,5,5,0,3,1,3,2,4,4,0,True,True,True,True,False,False,False,1,0,0,1.0,progressive_stable_closure,2:100 > 4:111 > 5:111,1:A:100 > 2:W:100 > 3:A:111 > 4:W:111 > 5:W:111,"Function decorators with typed=False must use the untyped key behavior from hashkey: equal values of different numeric types share the same cache key, positional and keyword arguments are represented stably, and keys remain hashable."
cachetools,serial_specialists,oh1292_standard100_ddebb7d_r01,cachetools.keys_to_func.typed_key_contract,interface_dependency,key_agent,decorator_agent,5,5,0,3,1,3,2,4,4,0,True,True,True,True,False,False,False,1,0,0,1.0,progressive_stable_closure,2:100 > 4:111 > 5:111,1:A:100 > 2:W:100 > 3:A:111 > 4:W:111 > 5:W:111,"Function decorators with typed=True must select typedkey semantics from keys.py, so equal values of different types are cached separately while preserving the same cache metadata API."
cachetools,serial_specialists,oh1292_standard100_ddebb7d_r01,cachetools.keys_to_cachedmethod.typed_method_key_contract,interface_dependency,key_agent,integrator,5,5,0,3,1,1,0,2,2,0,True,True,True,True,False,False,False,0,0,0,1.0,progressive_stable_closure,2:111 > 4:111 > 5:111,1:A:111 > 2:W:111 > 3:A:111 > 4:W:111 > 5:W:111,typedmethodkey must ignore self while preserving typed argument distinction for cachedmethod users.
cachetools,serial_specialists,oh1292_standard100_ddebb7d_r01,cachetools.core_to_func.wrapper_metadata_contract,shared_api_contract,integrator,decorator_agent,5,5,0,3,1,3,2,4,4,0,True,True,True,True,False,False,False,1,0,0,1.0,progressive_stable_closure,2:100 > 4:111 > 5:111,1:A:100 > 2:W:100 > 3:A:111 > 4:W:111 > 5:W:111,"Decorator factories must expose the same cache wrapper metadata contract as cached(): cache_info(), cache_clear(), cache_parameters(), cache attribute, cache_key, and lock behavior where applicable."
cachetools,serial_specialists,oh1292_standard100_ddebb7d_r01,cachetools.core_to_func.maxsize_and_lock_contract,shared_api_contract,integrator,decorator_agent,5,5,0,3,1,3,2,4,4,0,True,True,True,True,False,False,False,1,0,0,1.0,progressive_stable_closure,2:100 > 4:111 > 5:111,1:A:100 > 2:W:100 > 3:A:111 > 4:W:111 > 5:W:111,"Decorator factories must preserve cache-class edge cases and wrapper lock semantics: maxsize=0 disables storage, maxsize=None gives an unbounded cache, and recursive equality requires an RLock-compatible wrapper path."
cachetools,async_private,oh1292_standard100_ddebb7d_r01,cachetools.keys_to_func.untyped_key_contract,interface_dependency,key_agent,decorator_agent,7,5,2,3,1,3,2,4,4,0,True,True,True,False,False,False,False,1,0,0,1.0,progressive_stable_closure,2:100 > 4:111 > 5:111,1:A:100 > 2:W:100 > 3:A:010 > 4:W:111 > 5:W:111,"Function decorators with typed=False must use the untyped key behavior from hashkey: equal values of different numeric types share the same cache key, positional and keyword arguments are represented stably, and keys remain hashable."
cachetools,async_private,oh1292_standard100_ddebb7d_r01,cachetools.keys_to_func.typed_key_contract,interface_dependency,key_agent,decorator_agent,7,5,2,3,1,4,3,4,4,0,True,True,True,False,False,False,False,1,0,0,1.0,progressive_stable_closure,2:100 > 4:111 > 5:111,1:A:100 > 2:W:100 > 3:A:000 > 4:W:111 > 5:W:111,"Function decorators with typed=True must select typedkey semantics from keys.py, so equal values of different types are cached separately while preserving the same cache metadata API."
cachetools,async_private,oh1292_standard100_ddebb7d_r01,cachetools.keys_to_cachedmethod.typed_method_key_contract,interface_dependency,key_agent,integrator,7,5,2,3,1,1,0,2,2,0,True,True,True,True,False,False,False,0,0,0,1.0,progressive_stable_closure,2:111 > 4:111 > 5:111,1:A:111 > 2:W:111 > 3:A:000 > 4:W:111 > 5:W:111,typedmethodkey must ignore self while preserving typed argument distinction for cachedmethod users.
cachetools,async_private,oh1292_standard100_ddebb7d_r01,cachetools.core_to_func.wrapper_metadata_contract,shared_api_contract,integrator,decorator_agent,7,5,2,3,1,3,2,4,4,0,True,True,True,True,False,False,False,1,0,0,1.0,progressive_stable_closure,2:100 > 4:111 > 5:111,1:A:100 > 2:W:100 > 3:A:111 > 4:W:111 > 5:W:111,"Decorator factories must expose the same cache wrapper metadata contract as cached(): cache_info(), cache_clear(), cache_parameters(), cache attribute, cache_key, and lock behavior where applicable."
cachetools,async_private,oh1292_standard100_ddebb7d_r01,cachetools.core_to_func.maxsize_and_lock_contract,shared_api_contract,integrator,decorator_agent,7,5,2,3,1,4,3,4,4,0,True,True,True,False,False,False,False,1,0,0,1.0,progressive_stable_closure,2:100 > 4:111 > 5:111,1:A:100 > 2:W:100 > 3:A:100 > 4:W:111 > 5:W:111,"Decorator factories must preserve cache-class edge cases and wrapper lock semantics: maxsize=0 disables storage, maxsize=None gives an unbounded cache, and recursive equality requires an RLock-compatible wrapper path."
cachetools,caid_manager,oh1292_standard100_ddebb7d_r01,cachetools.keys_to_func.untyped_key_contract,interface_dependency,key_agent,decorator_agent,5,5,0,3,1,3,2,4,4,0,True,True,True,False,False,False,False,1,0,0,1.0,progressive_stable_closure,2:100 > 4:111 > 5:111,1:A:100 > 2:W:100 > 3:A:010 > 4:W:111 > 5:W:111,"Function decorators with typed=False must use the untyped key behavior from hashkey: equal values of different numeric types share the same cache key, positional and keyword arguments are represented stably, and keys remain hashable."
cachetools,caid_manager,oh1292_standard100_ddebb7d_r01,cachetools.keys_to_func.typed_key_contract,interface_dependency,key_agent,decorator_agent,5,5,0,3,1,3,2,4,4,0,True,True,True,False,False,False,False,1,0,0,1.0,progressive_stable_closure,2:100 > 4:111 > 5:111,1:A:100 > 2:W:100 > 3:A:010 > 4:W:111 > 5:W:111,"Function decorators with typed=True must select typedkey semantics from keys.py, so equal values of different types are cached separately while preserving the same cache metadata API."
cachetools,caid_manager,oh1292_standard100_ddebb7d_r01,cachetools.keys_to_cachedmethod.typed_method_key_contract,interface_dependency,key_agent,integrator,5,5,0,3,1,1,0,2,2,0,True,True,True,True,False,False,False,0,0,0,1.0,progressive_stable_closure,2:111 > 4:111 > 5:111,1:A:111 > 2:W:111 > 3:A:000 > 4:W:111 > 5:W:111,typedmethodkey must ignore self while preserving typed argument distinction for cachedmethod users.
cachetools,caid_manager,oh1292_standard100_ddebb7d_r01,cachetools.core_to_func.wrapper_metadata_contract,shared_api_contract,integrator,decorator_agent,5,5,0,3,1,3,2,4,4,0,True,True,True,True,False,False,False,1,0,0,1.0,progressive_stable_closure,2:100 > 4:111 > 5:111,1:A:100 > 2:W:100 > 3:A:111 > 4:W:111 > 5:W:111,"Decorator factories must expose the same cache wrapper metadata contract as cached(): cache_info(), cache_clear(), cache_parameters(), cache attribute, cache_key, and lock behavior where applicable."
cachetools,caid_manager,oh1292_standard100_ddebb7d_r01,cachetools.core_to_func.maxsize_and_lock_contract,shared_api_contract,integrator,decorator_agent,5,5,0,3,1,3,2,4,4,0,True,True,True,True,False,False,False,1,0,0,1.0,progressive_stable_closure,2:100 > 4:111 > 5:111,1:A:100 > 2:W:100 > 3:A:111 > 4:W:111 > 5:W:111,"Decorator factories must preserve cache-class edge cases and wrapper lock semantics: maxsize=0 disables storage, maxsize=None gives an unbounded cache, and recursive equality requires an RLock-compatible wrapper path."
deprecated,single,oh1292_standard100_3d110b2_r01,deprecated.classic_to_sphinx.warning_message_contract,interface_dependency,classic_agent,sphinx_agent,1,1,0,1,1,1,0,1,1,0,True,True,True,False,False,False,False,0,0,0,1.0,terminal_closed_only,1:111,1:W:111,"SphinxAdapter must consume ClassicAdapter's configured and bare decorator behavior, warning category/action handling, reason/version fields, and warning-message construction while adding Sphinx-specific directive behavior."
deprecated,single,oh1292_standard100_3d110b2_r01,deprecated.classic_to_sphinx.class_identity_contract,integration_contract,classic_agent,sphinx_agent,1,1,0,1,1,1,0,1,1,0,True,True,True,False,False,False,False,0,0,0,1.0,terminal_closed_only,1:111,1:W:111,"Classic class decorator and metaclass behavior must remain compatible with Sphinx class decorators so class identity, isinstance behavior, and construction semantics are preserved."
deprecated,single,oh1292_standard100_3d110b2_r01,deprecated.sphinx_to_integration.docstring_reference_contract,integration_contract,sphinx_agent,integrator,1,1,0,1,1,1,0,1,1,0,True,True,True,False,False,False,False,0,0,0,1.0,terminal_closed_only,1:111,1:W:111,Sphinx directive factories must append wrapped directives to function and class docstrings and strip Sphinx cross-reference syntax from emitted warning text while preserving the public package API.
deprecated,serial_specialists,oh1292_standard100_3d110b2_r01,deprecated.classic_to_sphinx.warning_message_contract,interface_dependency,classic_agent,sphinx_agent,5,5,0,3,1,3,2,4,4,0,True,True,True,True,False,False,False,1,0,0,1.0,progressive_stable_closure,2:100 > 4:111 > 5:111,1:A:100 > 2:W:100 > 3:A:111 > 4:W:111 > 5:W:111,"SphinxAdapter must consume ClassicAdapter's configured and bare decorator behavior, warning category/action handling, reason/version fields, and warning-message construction while adding Sphinx-specific directive behavior."
deprecated,serial_specialists,oh1292_standard100_3d110b2_r01,deprecated.classic_to_sphinx.class_identity_contract,integration_contract,classic_agent,sphinx_agent,5,5,0,3,1,3,2,4,4,0,True,True,True,True,False,False,False,1,0,0,1.0,progressive_stable_closure,2:100 > 4:111 > 5:111,1:A:100 > 2:W:100 > 3:A:111 > 4:W:111 > 5:W:111,"Classic class decorator and metaclass behavior must remain compatible with Sphinx class decorators so class identity, isinstance behavior, and construction semantics are preserved."
deprecated,serial_specialists,oh1292_standard100_3d110b2_r01,deprecated.sphinx_to_integration.docstring_reference_contract,integration_contract,sphinx_agent,integrator,5,5,0,3,3,3,0,4,4,0,True,True,True,True,False,False,False,0,0,0,1.0,progressive_stable_closure,2:000 > 4:111 > 5:111,1:A:000 > 2:W:000 > 3:A:111 > 4:W:111 > 5:W:111,Sphinx directive factories must append wrapped directives to function and class docstrings and strip Sphinx cross-reference syntax from emitted warning text while preserving the public package API.
deprecated,async_private,oh1292_standard100_3d110b2_r01,deprecated.classic_to_sphinx.warning_message_contract,interface_dependency,classic_agent,sphinx_agent,7,5,2,3,1,1,0,,,,False,True,True,True,True,True,True,0,0,0,,both_sides_seen_but_open,2:000 > 4:010 > 5:010,1:A:111 > 2:W:000 > 3:A:010 > 4:W:010 > 5:W:010,"SphinxAdapter must consume ClassicAdapter's configured and bare decorator behavior, warning category/action handling, reason/version fields, and warning-message construction while adding Sphinx-specific directive behavior."
deprecated,async_private,oh1292_standard100_3d110b2_r01,deprecated.classic_to_sphinx.class_identity_contract,integration_contract,classic_agent,sphinx_agent,7,5,2,3,1,1,0,,,,False,True,True,True,True,True,True,0,0,0,,both_sides_seen_but_open,2:000 > 4:010 > 5:010,1:A:111 > 2:W:000 > 3:A:010 > 4:W:010 > 5:W:010,"Classic class decorator and metaclass behavior must remain compatible with Sphinx class decorators so class identity, isinstance behavior, and construction semantics are preserved."
deprecated,async_private,oh1292_standard100_3d110b2_r01,deprecated.sphinx_to_integration.docstring_reference_contract,integration_contract,sphinx_agent,integrator,7,5,2,3,1,1,0,4,4,0,True,True,True,True,False,False,False,0,0,0,1.0,progressive_stable_closure,2:000 > 4:111 > 5:111,1:A:111 > 2:W:000 > 3:A:111 > 4:W:111 > 5:W:111,Sphinx directive factories must append wrapped directives to function and class docstrings and strip Sphinx cross-reference syntax from emitted warning text while preserving the public package API.
deprecated,caid_manager,oh1292_standard100_3d110b2_r01,deprecated.classic_to_sphinx.warning_message_contract,interface_dependency,classic_agent,sphinx_agent,5,5,0,3,1,3,2,4,4,0,True,True,True,False,False,False,False,1,0,0,1.0,progressive_stable_closure,2:100 > 4:111 > 5:111,1:A:100 > 2:W:100 > 3:A:010 > 4:W:111 > 5:W:111,"SphinxAdapter must consume ClassicAdapter's configured and bare decorator behavior, warning category/action handling, reason/version fields, and warning-message construction while adding Sphinx-specific directive behavior."
deprecated,caid_manager,oh1292_standard100_3d110b2_r01,deprecated.classic_to_sphinx.class_identity_contract,integration_contract,classic_agent,sphinx_agent,5,5,0,3,1,3,2,4,4,0,True,True,True,False,False,False,False,1,0,0,1.0,progressive_stable_closure,2:100 > 4:111 > 5:111,1:A:100 > 2:W:100 > 3:A:010 > 4:W:111 > 5:W:111,"Classic class decorator and metaclass behavior must remain compatible with Sphinx class decorators so class identity, isinstance behavior, and construction semantics are preserved."
deprecated,caid_manager,oh1292_standard100_3d110b2_r01,deprecated.sphinx_to_integration.docstring_reference_contract,integration_contract,sphinx_agent,integrator,5,5,0,3,3,3,0,4,4,0,True,True,True,True,False,False,False,0,0,0,1.0,progressive_stable_closure,2:000 > 4:111 > 5:111,1:A:000 > 2:W:000 > 3:A:111 > 4:W:111 > 5:W:111,Sphinx directive factories must append wrapped directives to function and class docstrings and strip Sphinx cross-reference syntax from emitted warning text while preserving the public package API.
portalocker,single,oh1292_standard100_endpointfix_3d110b2_r05,portalocker.backend_to_utilities.exception_timeout_contract,interface_dependency,backend_agent,utilities_agent,1,1,0,1,1,1,0,1,1,0,True,True,True,False,False,False,False,0,0,0,1.0,terminal_closed_only,1:111,1:W:111,"Lock and RLock timeout, fail_when_locked, acquire/release, and retry behavior must consume the platform backend's AlreadyLocked and LockException translation consistently."
portalocker,single,oh1292_standard100_endpointfix_3d110b2_r05,portalocker.backend_to_utilities.flags_fileno_contract,shared_api_contract,backend_agent,utilities_agent,1,1,0,1,1,1,0,1,1,0,True,True,True,False,False,False,False,0,0,0,1.0,terminal_closed_only,1:111,1:W:111,Utility locks must use shared/exclusive/non-blocking flags and file-object or fileno backend acceptance consistently across direct backend calls and Lock/RLock wrappers.
portalocker,single,oh1292_standard100_endpointfix_3d110b2_r05,portalocker.utilities_to_integration.lifecycle_contract,integration_contract,utilities_agent,integrator,1,1,0,1,1,1,0,1,1,0,True,True,True,False,False,False,False,0,0,0,1.0,terminal_closed_only,1:111,1:W:111,"Temporary-file locks, combined-module use, and bounded semaphores must preserve lock lifecycle, filename selection, cleanup, and acquire/release semantics across the backend and utility artifacts."
portalocker,serial_specialists,oh1292_standard100_endpointfix_3d110b2_r05,portalocker.backend_to_utilities.exception_timeout_contract,interface_dependency,backend_agent,utilities_agent,5,5,0,3,1,3,2,4,4,0,True,True,True,True,False,False,False,1,0,0,1.0,progressive_stable_closure,2:100 > 4:111 > 5:111,1:A:100 > 2:W:100 > 3:A:111 > 4:W:111 > 5:W:111,"Lock and RLock timeout, fail_when_locked, acquire/release, and retry behavior must consume the platform backend's AlreadyLocked and LockException translation consistently."
portalocker,serial_specialists,oh1292_standard100_endpointfix_3d110b2_r05,portalocker.backend_to_utilities.flags_fileno_contract,shared_api_contract,backend_agent,utilities_agent,5,5,0,3,1,3,2,4,4,0,True,True,True,True,False,False,False,1,0,0,1.0,progressive_stable_closure,2:100 > 4:111 > 5:111,1:A:100 > 2:W:100 > 3:A:111 > 4:W:111 > 5:W:111,Utility locks must use shared/exclusive/non-blocking flags and file-object or fileno backend acceptance consistently across direct backend calls and Lock/RLock wrappers.
portalocker,serial_specialists,oh1292_standard100_endpointfix_3d110b2_r05,portalocker.utilities_to_integration.lifecycle_contract,integration_contract,utilities_agent,integrator,5,5,0,3,3,,,,,,False,True,False,False,True,False,False,2,0,0,,stranded_producer,2:000 > 4:100 > 5:100,1:A:000 > 2:W:000 > 3:A:100 > 4:W:100 > 5:W:100,"Temporary-file locks, combined-module use, and bounded semaphores must preserve lock lifecycle, filename selection, cleanup, and acquire/release semantics across the backend and utility artifacts."
portalocker,async_private,oh1292_standard100_endpointfix_3d110b2_r05,portalocker.backend_to_utilities.exception_timeout_contract,interface_dependency,backend_agent,utilities_agent,7,5,2,3,1,1,0,,,,False,True,True,True,True,True,True,0,0,0,,both_sides_seen_but_open,2:000 > 4:000 > 5:000,1:A:111 > 2:W:000 > 3:A:111 > 4:W:000 > 5:W:000,"Lock and RLock timeout, fail_when_locked, acquire/release, and retry behavior must consume the platform backend's AlreadyLocked and LockException translation consistently."
portalocker,async_private,oh1292_standard100_endpointfix_3d110b2_r05,portalocker.backend_to_utilities.flags_fileno_contract,shared_api_contract,backend_agent,utilities_agent,7,5,2,3,1,1,0,,,,False,True,True,True,True,True,True,0,0,0,,both_sides_seen_but_open,2:000 > 4:000 > 5:000,1:A:111 > 2:W:000 > 3:A:111 > 4:W:000 > 5:W:000,Utility locks must use shared/exclusive/non-blocking flags and file-object or fileno backend acceptance consistently across direct backend calls and Lock/RLock wrappers.
portalocker,async_private,oh1292_standard100_endpointfix_3d110b2_r05,portalocker.utilities_to_integration.lifecycle_contract,integration_contract,utilities_agent,integrator,7,5,2,3,1,,,,,,False,True,False,False,True,False,False,0,0,0,,stranded_producer,2:000 > 4:000 > 5:000,1:A:100 > 2:W:000 > 3:A:100 > 4:W:000 > 5:W:000,"Temporary-file locks, combined-module use, and bounded semaphores must preserve lock lifecycle, filename selection, cleanup, and acquire/release semantics across the backend and utility artifacts."
portalocker,caid_manager,oh1292_standard100_endpointfix_3d110b2_r05,portalocker.backend_to_utilities.exception_timeout_contract,interface_dependency,backend_agent,utilities_agent,7,7,0,4,1,3,2,7,7,0,True,True,True,True,False,False,False,3,0,0,1.0,final_checkpoint_closure,2:100 > 4:100 > 6:100 > 7:111,1:A:100 > 2:W:100 > 3:A:111 > 4:W:100 > 5:A:111 > 6:W:100 > 7:W:111,"Lock and RLock timeout, fail_when_locked, acquire/release, and retry behavior must consume the platform backend's AlreadyLocked and LockException translation consistently."
portalocker,caid_manager,oh1292_standard100_endpointfix_3d110b2_r05,portalocker.backend_to_utilities.flags_fileno_contract,shared_api_contract,backend_agent,utilities_agent,7,7,0,4,1,3,2,7,7,0,True,True,True,True,False,False,False,3,0,0,1.0,final_checkpoint_closure,2:100 > 4:100 > 6:100 > 7:111,1:A:100 > 2:W:100 > 3:A:111 > 4:W:100 > 5:A:111 > 6:W:100 > 7:W:111,Utility locks must use shared/exclusive/non-blocking flags and file-object or fileno backend acceptance consistently across direct backend calls and Lock/RLock wrappers.
portalocker,caid_manager,oh1292_standard100_endpointfix_3d110b2_r05,portalocker.utilities_to_integration.lifecycle_contract,integration_contract,utilities_agent,integrator,7,7,0,4,3,7,4,7,7,0,True,True,True,False,False,False,False,0,0,0,1.0,final_checkpoint_closure,2:000 > 4:000 > 6:000 > 7:111,1:A:000 > 2:W:000 > 3:A:100 > 4:W:000 > 5:A:100 > 6:W:000 > 7:W:111,"Temporary-file locks, combined-module use, and bounded semaphores must preserve lock lifecycle, filename selection, cleanup, and acquire/release semantics across the backend and utility artifacts."
tinydb,single,oh1292_standard100_endpointfix_3d110b2_r05,tinydb.query_to_table.search_cache_contract,interface_dependency,query_agent,state_agent,1,1,0,1,1,1,0,1,1,0,True,True,True,False,False,False,False,0,0,0,1.0,terminal_closed_only,1:111,1:W:111,"Table search and TinyDB search must consume Query equality/hash behavior, frozen query values, and LRUCache semantics consistently for query caching and repeated lookup."
tinydb,single,oh1292_standard100_endpointfix_3d110b2_r05,tinydb.operations_to_table.update_transform_contract,shared_api_contract,query_agent,state_agent,1,1,0,1,1,1,0,1,1,0,True,True,True,False,False,False,False,0,0,0,1.0,terminal_closed_only,1:111,1:W:111,"Table and TinyDB update paths must consume operation transform functions such as set, delete, increment, and decrement with the same mutation and return-value semantics."
tinydb,single,oh1292_standard100_endpointfix_3d110b2_r05,tinydb.state_stack.shared_mapping_contract,shared_state_contract,state_agent,integrator,1,1,0,1,1,1,0,1,1,0,True,True,True,False,False,False,False,0,0,0,1.0,terminal_closed_only,1:111,1:W:111,"Storage, Table, TinyDB, and CachingMiddleware must agree on the complete database mapping, table names, document IDs, read/write lifecycle, and cache flush behavior."
tinydb,serial_specialists,oh1292_standard100_endpointfix_3d110b2_r05,tinydb.query_to_table.search_cache_contract,interface_dependency,query_agent,state_agent,5,5,0,3,1,3,2,4,4,0,True,True,True,True,False,False,False,1,0,0,1.0,progressive_stable_closure,2:100 > 4:111 > 5:111,1:A:100 > 2:W:100 > 3:A:111 > 4:W:111 > 5:W:111,"Table search and TinyDB search must consume Query equality/hash behavior, frozen query values, and LRUCache semantics consistently for query caching and repeated lookup."
tinydb,serial_specialists,oh1292_standard100_endpointfix_3d110b2_r05,tinydb.operations_to_table.update_transform_contract,shared_api_contract,query_agent,state_agent,5,5,0,3,3,3,0,4,4,0,True,True,True,True,False,False,False,0,0,0,1.0,progressive_stable_closure,2:000 > 4:111 > 5:111,1:A:000 > 2:W:000 > 3:A:111 > 4:W:111 > 5:W:111,"Table and TinyDB update paths must consume operation transform functions such as set, delete, increment, and decrement with the same mutation and return-value semantics."
tinydb,serial_specialists,oh1292_standard100_endpointfix_3d110b2_r05,tinydb.state_stack.shared_mapping_contract,shared_state_contract,state_agent,integrator,5,5,0,3,3,3,0,4,4,0,True,True,True,True,False,False,False,0,0,0,1.0,progressive_stable_closure,2:000 > 4:111 > 5:111,1:A:000 > 2:W:000 > 3:A:111 > 4:W:111 > 5:W:111,"Storage, Table, TinyDB, and CachingMiddleware must agree on the complete database mapping, table names, document IDs, read/write lifecycle, and cache flush behavior."
tinydb,async_private,oh1292_standard100_endpointfix_3d110b2_r05,tinydb.query_to_table.search_cache_contract,interface_dependency,query_agent,state_agent,7,5,2,3,1,3,2,,,,False,True,True,True,True,True,True,3,0,0,,both_sides_seen_but_open,2:100 > 4:100 > 5:100,1:A:100 > 2:W:100 > 3:A:111 > 4:W:100 > 5:W:100,"Table search and TinyDB search must consume Query equality/hash behavior, frozen query values, and LRUCache semantics consistently for query caching and repeated lookup."
tinydb,async_private,oh1292_standard100_endpointfix_3d110b2_r05,tinydb.operations_to_table.update_transform_contract,shared_api_contract,query_agent,state_agent,7,5,2,3,,3,,,,,False,False,True,False,False,True,False,0,0,0,,consumer_only_progress,2:000 > 4:000 > 5:000,1:A:000 > 2:W:000 > 3:A:010 > 4:W:000 > 5:W:000,"Table and TinyDB update paths must consume operation transform functions such as set, delete, increment, and decrement with the same mutation and return-value semantics."
tinydb,async_private,oh1292_standard100_endpointfix_3d110b2_r05,tinydb.state_stack.shared_mapping_contract,shared_state_contract,state_agent,integrator,7,5,2,3,3,3,0,,,,False,True,True,True,True,True,True,0,0,0,,both_sides_seen_but_open,2:000 > 4:000 > 5:000,1:A:000 > 2:W:000 > 3:A:111 > 4:W:000 > 5:W:000,"Storage, Table, TinyDB, and CachingMiddleware must agree on the complete database mapping, table names, document IDs, read/write lifecycle, and cache flush behavior."
tinydb,caid_manager,oh1292_standard100_endpointfix_3d110b2_r05,tinydb.query_to_table.search_cache_contract,interface_dependency,query_agent,state_agent,5,5,0,3,1,4,3,4,4,0,True,True,True,False,False,False,False,1,0,0,1.0,progressive_stable_closure,2:100 > 4:111 > 5:111,1:A:100 > 2:W:100 > 3:A:000 > 4:W:111 > 5:W:111,"Table search and TinyDB search must consume Query equality/hash behavior, frozen query values, and LRUCache semantics consistently for query caching and repeated lookup."
tinydb,caid_manager,oh1292_standard100_endpointfix_3d110b2_r05,tinydb.operations_to_table.update_transform_contract,shared_api_contract,query_agent,state_agent,5,5,0,3,4,4,0,4,4,0,True,True,True,False,False,False,False,0,0,0,1.0,progressive_stable_closure,2:000 > 4:111 > 5:111,1:A:000 > 2:W:000 > 3:A:000 > 4:W:111 > 5:W:111,"Table and TinyDB update paths must consume operation transform functions such as set, delete, increment, and decrement with the same mutation and return-value semantics."
tinydb,caid_manager,oh1292_standard100_endpointfix_3d110b2_r05,tinydb.state_stack.shared_mapping_contract,shared_state_contract,state_agent,integrator,5,5,0,3,4,4,0,4,4,0,True,True,True,False,False,False,False,0,0,0,1.0,progressive_stable_closure,2:000 > 4:111 > 5:111,1:A:000 > 2:W:000 > 3:A:000 > 4:W:111 > 5:W:111,"Storage, Table, TinyDB, and CachingMiddleware must agree on the complete database mapping, table names, document IDs, read/write lifecycle, and cache flush behavior."
wcwidth,single,oh1292_standard100_ddebb7d_r01,wcwidth.unicode_versions_to_width.version_matching_contract,interface_dependency,version_agent,width_agent,1,1,0,1,1,1,0,1,1,0,True,True,True,False,False,False,False,0,0,0,1.0,terminal_closed_only,1:111,1:W:111,"The width algorithm must consume list_versions() as an ascending catalog of supported Unicode version strings and implement exact, nearest, low, high, latest, and invalid-version matching against that catalog."
wcwidth,single,oh1292_standard100_ddebb7d_r01,wcwidth.width_to_integration.public_width_contract,integration_contract,width_agent,integrator,1,1,0,1,1,1,0,1,1,0,True,True,True,False,False,False,False,0,0,0,1.0,terminal_closed_only,1:111,1:W:111,"The completed width algorithm must preserve public wcwidth() and wcswidth() behavior for empty strings, C0 controls, combining characters, East-Asian wide characters, emoji ZWJ sequences, VS-16 presentation, and table integrity."
wcwidth,serial_specialists,oh1292_standard100_ddebb7d_r01,wcwidth.unicode_versions_to_width.version_matching_contract,interface_dependency,version_agent,width_agent,5,5,0,3,3,3,0,4,4,0,True,True,True,True,False,False,False,0,0,0,1.0,progressive_stable_closure,2:000 > 4:111 > 5:111,1:A:000 > 2:W:000 > 3:A:111 > 4:W:111 > 5:W:111,"The width algorithm must consume list_versions() as an ascending catalog of supported Unicode version strings and implement exact, nearest, low, high, latest, and invalid-version matching against that catalog."
wcwidth,serial_specialists,oh1292_standard100_ddebb7d_r01,wcwidth.width_to_integration.public_width_contract,integration_contract,width_agent,integrator,5,5,0,3,3,3,0,4,4,0,True,True,True,True,False,False,False,0,0,0,1.0,progressive_stable_closure,2:000 > 4:111 > 5:111,1:A:000 > 2:W:000 > 3:A:111 > 4:W:111 > 5:W:111,"The completed width algorithm must preserve public wcwidth() and wcswidth() behavior for empty strings, C0 controls, combining characters, East-Asian wide characters, emoji ZWJ sequences, VS-16 presentation, and table integrity."
wcwidth,async_private,oh1292_standard100_ddebb7d_r01,wcwidth.unicode_versions_to_width.version_matching_contract,interface_dependency,version_agent,width_agent,7,5,2,3,3,3,0,4,4,0,True,True,True,True,False,False,False,0,0,0,1.0,progressive_stable_closure,2:000 > 4:111 > 5:111,1:A:000 > 2:W:000 > 3:A:111 > 4:W:111 > 5:W:111,"The width algorithm must consume list_versions() as an ascending catalog of supported Unicode version strings and implement exact, nearest, low, high, latest, and invalid-version matching against that catalog."
wcwidth,async_private,oh1292_standard100_ddebb7d_r01,wcwidth.width_to_integration.public_width_contract,integration_contract,width_agent,integrator,7,5,2,3,3,3,0,4,4,0,True,True,True,True,False,False,False,0,0,0,1.0,progressive_stable_closure,2:000 > 4:111 > 5:111,1:A:000 > 2:W:000 > 3:A:111 > 4:W:111 > 5:W:111,"The completed width algorithm must preserve public wcwidth() and wcswidth() behavior for empty strings, C0 controls, combining characters, East-Asian wide characters, emoji ZWJ sequences, VS-16 presentation, and table integrity."
wcwidth,caid_manager,oh1292_standard100_ddebb7d_r01,wcwidth.unicode_versions_to_width.version_matching_contract,interface_dependency,version_agent,width_agent,5,5,0,3,3,3,0,4,4,0,True,True,True,True,False,False,False,0,0,0,1.0,progressive_stable_closure,2:000 > 4:111 > 5:111,1:A:000 > 2:W:000 > 3:A:111 > 4:W:111 > 5:W:111,"The width algorithm must consume list_versions() as an ascending catalog of supported Unicode version strings and implement exact, nearest, low, high, latest, and invalid-version matching against that catalog."
wcwidth,caid_manager,oh1292_standard100_ddebb7d_r01,wcwidth.width_to_integration.public_width_contract,integration_contract,width_agent,integrator,5,5,0,3,3,3,0,4,4,0,True,True,True,True,False,False,False,0,0,0,1.0,progressive_stable_closure,2:000 > 4:111 > 5:111,1:A:000 > 2:W:000 > 3:A:111 > 4:W:111 > 5:W:111,"The completed width algorithm must preserve public wcwidth() and wcswidth() behavior for empty strings, C0 controls, combining characters, East-Asian wide characters, emoji ZWJ sequences, VS-16 presentation, and table integrity."
requests,single,oh1292_standard100_ddebb7d_r01,requests.prep_to_transport.prepared_request_contract,interface_dependency,prep_agent,transport_agent,1,1,0,1,,1,,,,,False,False,True,False,False,True,False,0,0,0,,consumer_only_progress,1:010,1:W:010,"PreparedRequest, Response, hooks, cookies, auth, and body/header utilities must be stable for Session and HTTPAdapter consumers."
requests,single,oh1292_standard100_ddebb7d_r01,requests.utils_to_adapters.proxy_tls_url_contract,shared_api_contract,prep_agent,transport_agent,1,1,0,1,,1,,,,,False,False,True,False,False,True,False,0,0,0,,consumer_only_progress,1:010,1:W:010,"Proxy selection, URL normalization, auth extraction, and TLS path helpers must match adapter and session expectations."
requests,single,oh1292_standard100_ddebb7d_r01,requests.foundation_to_public_api.package_contract,interface_dependency,prep_agent,integration_agent,1,1,0,1,1,1,0,1,1,0,True,True,True,False,False,False,False,0,0,0,1.0,terminal_closed_only,1:111,1:W:111,"Foundation structures, status codes, utilities, and compatibility exports must support package import and vendored dependency checks."
requests,serial_specialists,oh1292_standard100_ddebb7d_r01,requests.prep_to_transport.prepared_request_contract,interface_dependency,prep_agent,transport_agent,7,7,0,4,,3,,,,,False,False,True,False,False,True,False,0,0,0,,consumer_only_progress,2:000 > 4:010 > 6:010 > 7:010,1:A:000 > 2:W:000 > 3:A:010 > 4:W:010 > 5:A:010 > 6:W:010 > 7:W:010,"PreparedRequest, Response, hooks, cookies, auth, and body/header utilities must be stable for Session and HTTPAdapter consumers."
requests,serial_specialists,oh1292_standard100_ddebb7d_r01,requests.utils_to_adapters.proxy_tls_url_contract,shared_api_contract,prep_agent,transport_agent,7,7,0,4,,3,,,,,False,False,True,False,False,True,False,0,0,0,,consumer_only_progress,2:000 > 4:010 > 6:010 > 7:010,1:A:000 > 2:W:000 > 3:A:010 > 4:W:010 > 5:A:010 > 6:W:010 > 7:W:010,"Proxy selection, URL normalization, auth extraction, and TLS path helpers must match adapter and session expectations."
requests,serial_specialists,oh1292_standard100_ddebb7d_r01,requests.foundation_to_public_api.package_contract,interface_dependency,prep_agent,integration_agent,7,7,0,4,1,1,0,2,2,0,True,True,True,True,False,False,False,0,0,0,1.0,progressive_stable_closure,2:111 > 4:111 > 6:111 > 7:111,1:A:111 > 2:W:111 > 3:A:111 > 4:W:111 > 5:A:111 > 6:W:111 > 7:W:111,"Foundation structures, status codes, utilities, and compatibility exports must support package import and vendored dependency checks."
requests,async_private,oh1292_standard100_ddebb7d_r01,requests.prep_to_transport.prepared_request_contract,interface_dependency,prep_agent,transport_agent,10,7,3,4,1,,,,,,False,True,False,False,True,False,False,4,0,0,,stranded_producer,2:100 > 4:100 > 6:100 > 7:100,1:A:100 > 2:W:100 > 3:A:000 > 4:W:100 > 5:A:000 > 6:W:100 > 7:W:100,"PreparedRequest, Response, hooks, cookies, auth, and body/header utilities must be stable for Session and HTTPAdapter consumers."
requests,async_private,oh1292_standard100_ddebb7d_r01,requests.utils_to_adapters.proxy_tls_url_contract,shared_api_contract,prep_agent,transport_agent,10,7,3,4,1,,,,,,False,True,False,False,True,False,False,4,0,0,,stranded_producer,2:100 > 4:100 > 6:100 > 7:100,1:A:100 > 2:W:100 > 3:A:000 > 4:W:100 > 5:A:000 > 6:W:100 > 7:W:100,"Proxy selection, URL normalization, auth extraction, and TLS path helpers must match adapter and session expectations."
requests,async_private,oh1292_standard100_ddebb7d_r01,requests.foundation_to_public_api.package_contract,interface_dependency,prep_agent,integration_agent,10,7,3,4,1,1,0,2,2,0,True,True,True,True,False,False,False,0,0,0,1.0,progressive_stable_closure,2:111 > 4:111 > 6:111 > 7:111,1:A:111 > 2:W:111 > 3:A:010 > 4:W:111 > 5:A:010 > 6:W:111 > 7:W:111,"Foundation structures, status codes, utilities, and compatibility exports must support package import and vendored dependency checks."
requests,caid_manager,oh1292_standard100_ddebb7d_r01,requests.prep_to_transport.prepared_request_contract,interface_dependency,prep_agent,transport_agent,11,11,0,6,5,7,2,11,11,0,True,True,True,True,False,False,False,3,0,0,1.0,final_checkpoint_closure,2:000 > 4:000 > 6:100 > 8:100 > 10:100 > 11:111,1:A:000 > 2:W:000 > 3:A:000 > 4:W:000 > 5:A:100 > 6:W:100 > 7:A:111 > 8:W:100 > 9:A:111 > 10:W:100 > 11:W:111,"PreparedRequest, Response, hooks, cookies, auth, and body/header utilities must be stable for Session and HTTPAdapter consumers."
requests,caid_manager,oh1292_standard100_ddebb7d_r01,requests.utils_to_adapters.proxy_tls_url_contract,shared_api_contract,prep_agent,transport_agent,11,11,0,6,11,7,-4,11,11,0,True,True,True,False,False,False,False,0,0,0,1.0,final_checkpoint_closure,2:000 > 4:000 > 6:000 > 8:000 > 10:000 > 11:111,1:A:000 > 2:W:000 > 3:A:000 > 4:W:000 > 5:A:000 > 6:W:000 > 7:A:010 > 8:W:000 > 9:A:010 > 10:W:000 > 11:W:111,"Proxy selection, URL normalization, auth extraction, and TLS path helpers must match adapter and session expectations."
requests,caid_manager,oh1292_standard100_ddebb7d_r01,requests.foundation_to_public_api.package_contract,interface_dependency,prep_agent,integration_agent,11,11,0,6,5,1,-4,6,6,0,True,True,True,True,False,False,False,0,0,0,1.0,progressive_stable_closure,2:010 > 4:010 > 6:111 > 8:111 > 10:111 > 11:111,1:A:010 > 2:W:010 > 3:A:010 > 4:W:010 > 5:A:111 > 6:W:111 > 7:A:111 > 8:W:111 > 9:A:111 > 10:W:111 > 11:W:111,"Foundation structures, status codes, utilities, and compatibility exports must support package import and vendored dependency checks."
simpy,single,oh1292_standard100_endpointfix_3d110b2_r05,simpy.environment_to_events.scheduling_contract,interface_dependency,environment_agent,event_agent,1,1,0,1,1,1,0,1,1,0,True,True,True,False,False,False,False,0,0,0,1.0,terminal_closed_only,1:111,1:W:111,"Environment.run/step/peek/timeout/process must provide correct now, scheduling, callback, and exception behavior for Event, Process, Timeout, and Condition consumers."
simpy,single,oh1292_standard100_endpointfix_3d110b2_r05,simpy.events_to_resources.request_trigger_contract,shared_api_contract,event_agent,resource_agent,1,1,0,1,1,,,,,,False,True,False,False,True,False,False,1,0,0,,stranded_producer,1:100,1:W:100,"Resource requests, releases, stores, containers, and priority/preemptive queues must consume event triggered/processed state, callbacks, and process resumption consistently."
simpy,single,oh1292_standard100_endpointfix_3d110b2_r05,simpy.environment_to_realtime_util.run_timeout_contract,interface_dependency,environment_agent,realtime_util_agent,1,1,0,1,,,,,,,False,False,False,False,False,False,False,0,0,0,,capability_blocked,1:000,1:W:000,"RealtimeEnvironment and utility helpers depend on Environment.run(), timeout, process, and negative-delay semantics."
simpy,serial_specialists,oh1292_standard100_endpointfix_3d110b2_r05,simpy.environment_to_events.scheduling_contract,interface_dependency,environment_agent,event_agent,9,9,0,5,3,3,0,4,4,0,True,True,True,True,False,False,False,0,0,0,1.0,progressive_stable_closure,2:000 > 4:111 > 6:111 > 8:111 > 9:111,1:A:000 > 2:W:000 > 3:A:111 > 4:W:111 > 5:A:111 > 6:W:111 > 7:A:111 > 8:W:111 > 9:W:111,"Environment.run/step/peek/timeout/process must provide correct now, scheduling, callback, and exception behavior for Event, Process, Timeout, and Condition consumers."
simpy,serial_specialists,oh1292_standard100_endpointfix_3d110b2_r05,simpy.events_to_resources.request_trigger_contract,shared_api_contract,event_agent,resource_agent,9,9,0,5,3,5,2,6,6,0,True,True,True,True,False,False,False,1,0,0,1.0,progressive_stable_closure,2:000 > 4:100 > 6:111 > 8:111 > 9:111,1:A:000 > 2:W:000 > 3:A:100 > 4:W:100 > 5:A:111 > 6:W:111 > 7:A:111 > 8:W:111 > 9:W:111,"Resource requests, releases, stores, containers, and priority/preemptive queues must consume event triggered/processed state, callbacks, and process resumption consistently."
simpy,serial_specialists,oh1292_standard100_endpointfix_3d110b2_r05,simpy.environment_to_realtime_util.run_timeout_contract,interface_dependency,environment_agent,realtime_util_agent,9,9,0,5,3,7,4,8,8,0,True,True,True,True,False,False,False,2,0,0,1.0,progressive_stable_closure,2:000 > 4:100 > 6:100 > 8:111 > 9:111,1:A:000 > 2:W:000 > 3:A:100 > 4:W:100 > 5:A:100 > 6:W:100 > 7:A:111 > 8:W:111 > 9:W:111,"RealtimeEnvironment and utility helpers depend on Environment.run(), timeout, process, and negative-delay semantics."
simpy,async_private,oh1292_standard100_endpointfix_3d110b2_r05,simpy.environment_to_events.scheduling_contract,interface_dependency,environment_agent,event_agent,13,9,4,5,3,3,0,,,,False,True,True,True,True,True,True,0,0,0,,both_sides_seen_but_open,2:000 > 4:000 > 6:000 > 8:000 > 9:000,1:A:000 > 2:W:000 > 3:A:111 > 4:W:000 > 5:A:111 > 6:W:000 > 7:A:000 > 8:W:000 > 9:W:000,"Environment.run/step/peek/timeout/process must provide correct now, scheduling, callback, and exception behavior for Event, Process, Timeout, and Condition consumers."
simpy,async_private,oh1292_standard100_endpointfix_3d110b2_r05,simpy.events_to_resources.request_trigger_contract,shared_api_contract,event_agent,resource_agent,13,9,4,5,3,5,2,,,,False,True,True,True,True,True,True,0,0,0,,both_sides_seen_but_open,2:000 > 4:000 > 6:000 > 8:000 > 9:000,1:A:000 > 2:W:000 > 3:A:100 > 4:W:000 > 5:A:111 > 6:W:000 > 7:A:000 > 8:W:000 > 9:W:000,"Resource requests, releases, stores, containers, and priority/preemptive queues must consume event triggered/processed state, callbacks, and process resumption consistently."
simpy,async_private,oh1292_standard100_endpointfix_3d110b2_r05,simpy.environment_to_realtime_util.run_timeout_contract,interface_dependency,environment_agent,realtime_util_agent,13,9,4,5,3,,,,,,False,True,False,False,True,False,False,0,0,0,,stranded_producer,2:000 > 4:000 > 6:000 > 8:000 > 9:000,1:A:000 > 2:W:000 > 3:A:100 > 4:W:000 > 5:A:100 > 6:W:000 > 7:A:000 > 8:W:000 > 9:W:000,"RealtimeEnvironment and utility helpers depend on Environment.run(), timeout, process, and negative-delay semantics."
simpy,caid_manager,oh1292_standard100_endpointfix_3d110b2_r05,simpy.environment_to_events.scheduling_contract,interface_dependency,environment_agent,event_agent,13,13,0,7,3,11,8,13,13,0,True,True,True,True,False,False,False,0,0,0,1.0,final_checkpoint_closure,2:000 > 4:000 > 6:000 > 8:000 > 10:000 > 12:000 > 13:111,1:A:000 > 2:W:000 > 3:A:100 > 4:W:000 > 5:A:100 > 6:W:000 > 7:A:100 > 8:W:000 > 9:A:000 > 10:W:000 > 11:A:111 > 12:W:000 > 13:W:111,"Environment.run/step/peek/timeout/process must provide correct now, scheduling, callback, and exception behavior for Event, Process, Timeout, and Condition consumers."
simpy,caid_manager,oh1292_standard100_endpointfix_3d110b2_r05,simpy.events_to_resources.request_trigger_contract,shared_api_contract,event_agent,resource_agent,13,13,0,7,7,11,4,13,13,0,True,True,True,True,False,False,False,0,0,0,1.0,final_checkpoint_closure,2:000 > 4:000 > 6:000 > 8:000 > 10:000 > 12:000 > 13:111,1:A:000 > 2:W:000 > 3:A:000 > 4:W:000 > 5:A:000 > 6:W:000 > 7:A:100 > 8:W:000 > 9:A:000 > 10:W:000 > 11:A:111 > 12:W:000 > 13:W:111,"Resource requests, releases, stores, containers, and priority/preemptive queues must consume event triggered/processed state, callbacks, and process resumption consistently."
simpy,caid_manager,oh1292_standard100_endpointfix_3d110b2_r05,simpy.environment_to_realtime_util.run_timeout_contract,interface_dependency,environment_agent,realtime_util_agent,13,13,0,7,3,,,,,,False,True,False,False,True,False,False,1,0,0,,stranded_producer,2:000 > 4:000 > 6:000 > 8:000 > 10:000 > 12:000 > 13:100,1:A:000 > 2:W:000 > 3:A:100 > 4:W:000 > 5:A:100 > 6:W:000 > 7:A:100 > 8:W:000 > 9:A:000 > 10:W:000 > 11:A:100 > 12:W:000 > 13:W:100,"RealtimeEnvironment and utility helpers depend on Environment.run(), timeout, process, and negative-delay semantics."
parsel,single,oh1292_standard100_ddebb7d_r01,parsel.css_to_selector.pseudo_element_contract,interface_dependency,css_agent,selector_agent,1,1,0,1,,,,,,,False,False,False,False,False,False,False,0,0,0,,capability_blocked,1:000,1:W:000,"CSS translator output for ::text, ::attr(), unknown pseudo-elements, and css2xpath must be consumed correctly by Selector.css()."
parsel,single,oh1292_standard100_ddebb7d_r01,parsel.xpath_utils_to_selector.regex_has_class_contract,shared_api_contract,utility_xpath_agent,selector_agent,1,1,0,1,,,,,,,False,False,False,False,False,False,False,0,0,0,,capability_blocked,1:000,1:W:000,"Utility flatten/extract_regex/shorten behavior and XPath has-class registration must support selector regex extraction, repr, and XPath queries."
parsel,serial_specialists,oh1292_standard100_ddebb7d_r01,parsel.css_to_selector.pseudo_element_contract,interface_dependency,css_agent,selector_agent,7,7,0,4,3,5,2,,,,False,True,True,True,True,True,True,3,0,0,,both_sides_seen_but_open,2:000 > 4:100 > 6:100 > 7:100,1:A:000 > 2:W:000 > 3:A:100 > 4:W:100 > 5:A:111 > 6:W:100 > 7:W:100,"CSS translator output for ::text, ::attr(), unknown pseudo-elements, and css2xpath must be consumed correctly by Selector.css()."
parsel,serial_specialists,oh1292_standard100_ddebb7d_r01,parsel.xpath_utils_to_selector.regex_has_class_contract,shared_api_contract,utility_xpath_agent,selector_agent,7,7,0,4,5,5,0,,,,False,True,True,True,True,True,True,0,0,0,,both_sides_seen_but_open,2:000 > 4:000 > 6:000 > 7:000,1:A:000 > 2:W:000 > 3:A:000 > 4:W:000 > 5:A:111 > 6:W:000 > 7:W:000,"Utility flatten/extract_regex/shorten behavior and XPath has-class registration must support selector regex extraction, repr, and XPath queries."
parsel,async_private,oh1292_standard100_ddebb7d_r01,parsel.css_to_selector.pseudo_element_contract,interface_dependency,css_agent,selector_agent,10,7,3,4,3,,,,,,False,True,False,False,True,False,False,3,0,0,,stranded_producer,2:000 > 4:100 > 6:100 > 7:100,1:A:000 > 2:W:000 > 3:A:100 > 4:W:100 > 5:A:000 > 6:W:100 > 7:W:100,"CSS translator output for ::text, ::attr(), unknown pseudo-elements, and css2xpath must be consumed correctly by Selector.css()."
parsel,async_private,oh1292_standard100_ddebb7d_r01,parsel.xpath_utils_to_selector.regex_has_class_contract,shared_api_contract,utility_xpath_agent,selector_agent,10,7,3,4,5,,,,,,False,True,False,False,True,False,False,0,0,0,,stranded_producer,2:000 > 4:000 > 6:000 > 7:000,1:A:000 > 2:W:000 > 3:A:000 > 4:W:000 > 5:A:100 > 6:W:000 > 7:W:000,"Utility flatten/extract_regex/shorten behavior and XPath has-class registration must support selector regex extraction, repr, and XPath queries."
parsel,caid_manager,oh1292_standard100_ddebb7d_r01,parsel.css_to_selector.pseudo_element_contract,interface_dependency,css_agent,selector_agent,7,7,0,4,1,7,6,7,7,0,True,True,True,False,False,False,False,3,0,0,1.0,final_checkpoint_closure,2:100 > 4:100 > 6:100 > 7:111,1:A:100 > 2:W:100 > 3:A:000 > 4:W:100 > 5:A:000 > 6:W:100 > 7:W:111,"CSS translator output for ::text, ::attr(), unknown pseudo-elements, and css2xpath must be consumed correctly by Selector.css()."
parsel,caid_manager,oh1292_standard100_ddebb7d_r01,parsel.xpath_utils_to_selector.regex_has_class_contract,shared_api_contract,utility_xpath_agent,selector_agent,7,7,0,4,7,6,-1,7,7,0,True,True,True,False,False,False,False,0,0,0,1.0,final_checkpoint_closure,2:000 > 4:000 > 6:010 > 7:111,1:A:000 > 2:W:000 > 3:A:000 > 4:W:000 > 5:A:000 > 6:W:010 > 7:W:111,"Utility flatten/extract_regex/shorten behavior and XPath has-class registration must support selector regex extraction, repr, and XPath queries."
filesystem_spec,single,oh1292_standard100_endpointfix_3d110b2_r05,filesystem_spec.registry_to_core.protocol_resolution_contract,interface_dependency,registry_agent,core_agent,1,1,0,1,1,,,,,,False,True,False,False,True,False,False,1,0,0,,stranded_producer,1:100,1:W:100,"Protocol registry lookup, deferred implementation import, and filesystem instantiation must be stable for url_to_fs, open_files, and core list/open behavior."
filesystem_spec,single,oh1292_standard100_endpointfix_3d110b2_r05,filesystem_spec.utils_to_core.path_compression_contract,shared_api_contract,utility_agent,core_agent,1,1,0,1,1,,,,,,False,True,False,False,True,False,False,1,0,0,,stranded_producer,1:100,1:W:100,"URL/protocol parsing, path expansion helpers, read-block utilities, and compression registration must support core OpenFile/OpenFiles behavior."
filesystem_spec,serial_specialists,oh1292_standard100_endpointfix_3d110b2_r05,filesystem_spec.registry_to_core.protocol_resolution_contract,interface_dependency,registry_agent,core_agent,7,7,0,4,1,,,,,,False,True,False,False,True,False,False,4,0,0,,stranded_producer,2:100 > 4:100 > 6:100 > 7:100,1:A:100 > 2:W:100 > 3:A:100 > 4:W:100 > 5:A:100 > 6:W:100 > 7:W:100,"Protocol registry lookup, deferred implementation import, and filesystem instantiation must be stable for url_to_fs, open_files, and core list/open behavior."
filesystem_spec,serial_specialists,oh1292_standard100_endpointfix_3d110b2_r05,filesystem_spec.utils_to_core.path_compression_contract,shared_api_contract,utility_agent,core_agent,7,7,0,4,3,5,2,6,6,0,True,True,True,True,False,False,False,1,0,0,1.0,progressive_stable_closure,2:000 > 4:100 > 6:111 > 7:111,1:A:000 > 2:W:000 > 3:A:100 > 4:W:100 > 5:A:111 > 6:W:111 > 7:W:111,"URL/protocol parsing, path expansion helpers, read-block utilities, and compression registration must support core OpenFile/OpenFiles behavior."
filesystem_spec,async_private,oh1292_standard100_endpointfix_3d110b2_r05,filesystem_spec.registry_to_core.protocol_resolution_contract,interface_dependency,registry_agent,core_agent,10,7,3,4,1,,,,,,False,True,False,False,True,False,False,4,0,0,,stranded_producer,2:100 > 4:100 > 6:100 > 7:100,1:A:100 > 2:W:100 > 3:A:000 > 4:W:100 > 5:A:100 > 6:W:100 > 7:W:100,"Protocol registry lookup, deferred implementation import, and filesystem instantiation must be stable for url_to_fs, open_files, and core list/open behavior."
filesystem_spec,async_private,oh1292_standard100_endpointfix_3d110b2_r05,filesystem_spec.utils_to_core.path_compression_contract,shared_api_contract,utility_agent,core_agent,10,7,3,4,,5,,,,,False,False,True,False,False,True,False,0,0,0,,consumer_only_progress,2:000 > 4:000 > 6:000 > 7:000,1:A:000 > 2:W:000 > 3:A:000 > 4:W:000 > 5:A:010 > 6:W:000 > 7:W:000,"URL/protocol parsing, path expansion helpers, read-block utilities, and compression registration must support core OpenFile/OpenFiles behavior."
filesystem_spec,caid_manager,oh1292_standard100_endpointfix_3d110b2_r05,filesystem_spec.registry_to_core.protocol_resolution_contract,interface_dependency,registry_agent,core_agent,7,7,0,4,5,7,2,7,7,0,True,True,True,False,False,False,False,1,0,0,1.0,final_checkpoint_closure,2:000 > 4:000 > 6:100 > 7:111,1:A:000 > 2:W:000 > 3:A:000 > 4:W:000 > 5:A:100 > 6:W:100 > 7:W:111,"Protocol registry lookup, deferred implementation import, and filesystem instantiation must be stable for url_to_fs, open_files, and core list/open behavior."
filesystem_spec,caid_manager,oh1292_standard100_endpointfix_3d110b2_r05,filesystem_spec.utils_to_core.path_compression_contract,shared_api_contract,utility_agent,core_agent,7,7,0,4,1,4,3,4,4,0,True,True,True,False,False,False,False,1,0,0,1.0,progressive_stable_closure,2:100 > 4:111 > 6:111 > 7:111,1:A:100 > 2:W:100 > 3:A:000 > 4:W:111 > 5:A:000 > 6:W:111 > 7:W:111,"URL/protocol parsing, path expansion helpers, read-block utilities, and compression registration must support core OpenFile/OpenFiles behavior."
marshmallow,single,oh1292_standard100_endpointfix_3d110b2_r05,marshmallow.fields_to_schema.validation_contract,shared_api_contract,field_agent,schema_agent,1,1,0,1,,,,,,,False,False,False,False,False,False,False,0,0,0,,capability_blocked,1:000,1:W:000,"Field deserialize/serialize, validator, missing/default/null, and utility conversion contracts must be stable for Schema.load, Schema.dump, and Schema.validate."
marshmallow,single,oh1292_standard100_endpointfix_3d110b2_r05,marshmallow.registry_to_nested.schema_resolution_contract,interface_dependency,registry_agent,field_agent,1,1,0,1,1,,,,,,False,True,False,False,True,False,False,1,0,0,,stranded_producer,1:100,1:W:100,"Schema registration, declared-field collection, Meta options, and class-name lookup must support Nested fields, self references, and only/exclude propagation."
marshmallow,single,oh1292_standard100_endpointfix_3d110b2_r05,marshmallow.decorators_to_schema.hook_error_contract,shared_state_contract,schema_agent,field_agent,1,1,0,1,,,,,,,False,False,False,False,False,False,False,0,0,0,,capability_blocked,1:000,1:W:000,"Decorator hook metadata, schema hook invocation, and ErrorStore merge semantics must agree with field and schema validation error contracts."
marshmallow,serial_specialists,oh1292_standard100_endpointfix_3d110b2_r05,marshmallow.fields_to_schema.validation_contract,shared_api_contract,field_agent,schema_agent,7,7,0,4,,,,,,,False,False,False,False,False,False,False,0,0,0,,capability_blocked,2:000 > 4:000 > 6:000 > 7:000,1:A:000 > 2:W:000 > 3:A:000 > 4:W:000 > 5:A:000 > 6:W:000 > 7:W:000,"Field deserialize/serialize, validator, missing/default/null, and utility conversion contracts must be stable for Schema.load, Schema.dump, and Schema.validate."
marshmallow,serial_specialists,oh1292_standard100_endpointfix_3d110b2_r05,marshmallow.registry_to_nested.schema_resolution_contract,interface_dependency,registry_agent,field_agent,7,7,0,4,1,,,,,,False,True,False,False,True,False,False,0,0,0,,stranded_producer,2:000 > 4:000 > 6:000 > 7:000,1:A:100 > 2:W:000 > 3:A:000 > 4:W:000 > 5:A:000 > 6:W:000 > 7:W:000,"Schema registration, declared-field collection, Meta options, and class-name lookup must support Nested fields, self references, and only/exclude propagation."
marshmallow,serial_specialists,oh1292_standard100_endpointfix_3d110b2_r05,marshmallow.decorators_to_schema.hook_error_contract,shared_state_contract,schema_agent,field_agent,7,7,0,4,,,,,,,False,False,False,False,False,False,False,0,0,0,,capability_blocked,2:000 > 4:000 > 6:000 > 7:000,1:A:000 > 2:W:000 > 3:A:000 > 4:W:000 > 5:A:000 > 6:W:000 > 7:W:000,"Decorator hook metadata, schema hook invocation, and ErrorStore merge semantics must agree with field and schema validation error contracts."
marshmallow,async_private,oh1292_standard100_endpointfix_3d110b2_r05,marshmallow.fields_to_schema.validation_contract,shared_api_contract,field_agent,schema_agent,10,7,3,4,,,,,,,False,False,False,False,False,False,False,0,0,0,,capability_blocked,2:000 > 4:000 > 6:000 > 7:000,1:A:000 > 2:W:000 > 3:A:000 > 4:W:000 > 5:A:000 > 6:W:000 > 7:W:000,"Field deserialize/serialize, validator, missing/default/null, and utility conversion contracts must be stable for Schema.load, Schema.dump, and Schema.validate."
marshmallow,async_private,oh1292_standard100_endpointfix_3d110b2_r05,marshmallow.registry_to_nested.schema_resolution_contract,interface_dependency,registry_agent,field_agent,10,7,3,4,1,,,,,,False,True,False,False,True,False,False,2,0,0,,stranded_producer,2:100 > 4:100 > 6:000 > 7:000,1:A:100 > 2:W:100 > 3:A:000 > 4:W:100 > 5:A:000 > 6:W:000 > 7:W:000,"Schema registration, declared-field collection, Meta options, and class-name lookup must support Nested fields, self references, and only/exclude propagation."
marshmallow,async_private,oh1292_standard100_endpointfix_3d110b2_r05,marshmallow.decorators_to_schema.hook_error_contract,shared_state_contract,schema_agent,field_agent,10,7,3,4,,,,,,,False,False,False,False,False,False,False,0,0,0,,capability_blocked,2:000 > 4:000 > 6:000 > 7:000,1:A:000 > 2:W:000 > 3:A:000 > 4:W:000 > 5:A:000 > 6:W:000 > 7:W:000,"Decorator hook metadata, schema hook invocation, and ErrorStore merge semantics must agree with field and schema validation error contracts."
marshmallow,caid_manager,oh1292_standard100_endpointfix_3d110b2_r05,marshmallow.fields_to_schema.validation_contract,shared_api_contract,field_agent,schema_agent,9,9,0,5,3,3,0,9,9,0,True,True,True,True,False,False,False,0,0,0,1.0,final_checkpoint_closure,2:000 > 4:000 > 6:000 > 8:000 > 9:111,1:A:000 > 2:W:000 > 3:A:111 > 4:W:000 > 5:A:111 > 6:W:000 > 7:A:000 > 8:W:000 > 9:W:111,"Field deserialize/serialize, validator, missing/default/null, and utility conversion contracts must be stable for Schema.load, Schema.dump, and Schema.validate."
marshmallow,caid_manager,oh1292_standard100_endpointfix_3d110b2_r05,marshmallow.registry_to_nested.schema_resolution_contract,interface_dependency,registry_agent,field_agent,9,9,0,5,3,3,0,9,9,0,True,True,True,True,False,False,False,0,0,0,1.0,final_checkpoint_closure,2:000 > 4:000 > 6:000 > 8:000 > 9:111,1:A:000 > 2:W:000 > 3:A:111 > 4:W:000 > 5:A:111 > 6:W:000 > 7:A:100 > 8:W:000 > 9:W:111,"Schema registration, declared-field collection, Meta options, and class-name lookup must support Nested fields, self references, and only/exclude propagation."
marshmallow,caid_manager,oh1292_standard100_endpointfix_3d110b2_r05,marshmallow.decorators_to_schema.hook_error_contract,shared_state_contract,schema_agent,field_agent,9,9,0,5,3,9,6,9,9,0,True,True,True,False,False,False,False,0,0,0,1.0,final_checkpoint_closure,2:000 > 4:000 > 6:000 > 8:000 > 9:111,1:A:000 > 2:W:000 > 3:A:100 > 4:W:000 > 5:A:100 > 6:W:000 > 7:A:000 > 8:W:000 > 9:W:111,"Decorator hook metadata, schema hook invocation, and ErrorStore merge semantics must agree with field and schema validation error contracts."
graphene,single,oh1292_standard100_endpointfix_3d110b2_r05,graphene.mounting_to_object.fields_contract,shared_api_contract,mounting_agent,metadata_agent,1,1,0,1,1,1,0,1,1,0,True,True,True,False,False,False,False,0,0,0,1.0,terminal_closed_only,1:111,1:W:111,"Unmounted scalar/type mounting into Field, InputField, Argument, and ordered field structures must be stable before object/input metadata is assembled."
graphene,single,oh1292_standard100_endpointfix_3d110b2_r05,graphene.object_metadata_to_schema.typemap_contract,interface_dependency,metadata_agent,schema_agent,1,1,0,1,1,1,0,1,1,0,True,True,True,False,False,False,False,0,0,0,1.0,terminal_closed_only,1:111,1:W:111,"Object, input object, interface, union, enum, field, and argument metadata must be converted consistently into GraphQL-core TypeMap and Schema objects."
graphene,single,oh1292_standard100_endpointfix_3d110b2_r05,graphene.scalars_to_schema.coercion_execution_contract,shared_api_contract,mounting_agent,schema_agent,1,1,0,1,1,1,0,1,1,0,True,True,True,False,False,False,False,0,0,0,1.0,terminal_closed_only,1:111,1:W:111,"Scalar get_type, serialize, and coercion contracts must agree with schema/type-map conversion and GraphQL execution-facing definitions."
graphene,serial_specialists,oh1292_standard100_endpointfix_3d110b2_r05,graphene.mounting_to_object.fields_contract,shared_api_contract,mounting_agent,metadata_agent,7,7,0,4,1,3,2,,,,False,True,True,True,True,True,True,4,0,0,,both_sides_seen_but_open,2:100 > 4:100 > 6:100 > 7:100,1:A:100 > 2:W:100 > 3:A:111 > 4:W:100 > 5:A:100 > 6:W:100 > 7:W:100,"Unmounted scalar/type mounting into Field, InputField, Argument, and ordered field structures must be stable before object/input metadata is assembled."
graphene,serial_specialists,oh1292_standard100_endpointfix_3d110b2_r05,graphene.object_metadata_to_schema.typemap_contract,interface_dependency,metadata_agent,schema_agent,7,7,0,4,1,,,,,,False,True,False,False,True,False,False,4,0,0,,stranded_producer,2:100 > 4:100 > 6:100 > 7:100,1:A:100 > 2:W:100 > 3:A:100 > 4:W:100 > 5:A:100 > 6:W:100 > 7:W:100,"Object, input object, interface, union, enum, field, and argument metadata must be converted consistently into GraphQL-core TypeMap and Schema objects."
graphene,serial_specialists,oh1292_standard100_endpointfix_3d110b2_r05,graphene.scalars_to_schema.coercion_execution_contract,shared_api_contract,mounting_agent,schema_agent,7,7,0,4,1,,,,,,False,True,False,False,True,False,False,4,0,0,,stranded_producer,2:100 > 4:100 > 6:100 > 7:100,1:A:100 > 2:W:100 > 3:A:100 > 4:W:100 > 5:A:100 > 6:W:100 > 7:W:100,"Scalar get_type, serialize, and coercion contracts must agree with schema/type-map conversion and GraphQL execution-facing definitions."
graphene,async_private,oh1292_standard100_endpointfix_3d110b2_r05,graphene.mounting_to_object.fields_contract,shared_api_contract,mounting_agent,metadata_agent,10,7,3,4,1,1,0,,,,False,True,True,True,True,True,True,0,0,0,,both_sides_seen_but_open,2:000 > 4:010 > 6:010 > 7:010,1:A:111 > 2:W:000 > 3:A:010 > 4:W:010 > 5:A:000 > 6:W:010 > 7:W:010,"Unmounted scalar/type mounting into Field, InputField, Argument, and ordered field structures must be stable before object/input metadata is assembled."
graphene,async_private,oh1292_standard100_endpointfix_3d110b2_r05,graphene.object_metadata_to_schema.typemap_contract,interface_dependency,metadata_agent,schema_agent,10,7,3,4,1,,,,,,False,True,False,False,True,False,False,4,0,0,,stranded_producer,2:100 > 4:100 > 6:100 > 7:100,1:A:100 > 2:W:100 > 3:A:100 > 4:W:100 > 5:A:100 > 6:W:100 > 7:W:100,"Object, input object, interface, union, enum, field, and argument metadata must be converted consistently into GraphQL-core TypeMap and Schema objects."
graphene,async_private,oh1292_standard100_endpointfix_3d110b2_r05,graphene.scalars_to_schema.coercion_execution_contract,shared_api_contract,mounting_agent,schema_agent,10,7,3,4,1,,,,,,False,True,False,False,True,False,False,0,0,0,,stranded_producer,2:000 > 4:000 > 6:000 > 7:000,1:A:100 > 2:W:000 > 3:A:000 > 4:W:000 > 5:A:000 > 6:W:000 > 7:W:000,"Scalar get_type, serialize, and coercion contracts must agree with schema/type-map conversion and GraphQL execution-facing definitions."
graphene,caid_manager,oh1292_standard100_endpointfix_3d110b2_r05,graphene.mounting_to_object.fields_contract,shared_api_contract,mounting_agent,metadata_agent,11,11,0,6,3,1,-2,11,11,0,True,True,True,True,False,False,False,0,0,0,1.0,final_checkpoint_closure,2:010 > 4:010 > 6:010 > 8:010 > 10:010 > 11:111,1:A:010 > 2:W:010 > 3:A:111 > 4:W:010 > 5:A:010 > 6:W:010 > 7:A:111 > 8:W:010 > 9:A:010 > 10:W:010 > 11:W:111,"Unmounted scalar/type mounting into Field, InputField, Argument, and ordered field structures must be stable before object/input metadata is assembled."
graphene,caid_manager,oh1292_standard100_endpointfix_3d110b2_r05,graphene.object_metadata_to_schema.typemap_contract,interface_dependency,metadata_agent,schema_agent,11,11,0,6,1,11,10,11,11,0,True,True,True,False,False,False,False,5,0,0,1.0,final_checkpoint_closure,2:100 > 4:100 > 6:100 > 8:100 > 10:100 > 11:111,1:A:100 > 2:W:100 > 3:A:100 > 4:W:100 > 5:A:100 > 6:W:100 > 7:A:100 > 8:W:100 > 9:A:100 > 10:W:100 > 11:W:111,"Object, input object, interface, union, enum, field, and argument metadata must be converted consistently into GraphQL-core TypeMap and Schema objects."
graphene,caid_manager,oh1292_standard100_endpointfix_3d110b2_r05,graphene.scalars_to_schema.coercion_execution_contract,shared_api_contract,mounting_agent,schema_agent,11,11,0,6,3,11,8,11,11,0,True,True,True,False,False,False,False,0,0,0,1.0,final_checkpoint_closure,2:000 > 4:000 > 6:000 > 8:000 > 10:000 > 11:111,1:A:000 > 2:W:000 > 3:A:100 > 4:W:000 > 5:A:000 > 6:W:000 > 7:A:100 > 8:W:000 > 9:A:000 > 10:W:000 > 11:W:111,"Scalar get_type, serialize, and coercion contracts must agree with schema/type-map conversion and GraphQL execution-facing definitions."
imapclient,single,oh1292_standard100_ddebb7d_r01,imapclient.lexer_to_parser.token_literal_contract,shared_api_contract,utility_lexer_agent,parser_agent,1,1,0,1,1,1,0,1,1,0,True,True,True,False,False,False,False,0,0,0,1.0,terminal_closed_only,1:111,1:W:111,"Lexer tokenization, literal handling, and IMAP protocol assertion contracts must be stable before parser tuple and typed-object parsing can be correct."
imapclient,single,oh1292_standard100_ddebb7d_r01,imapclient.parser_to_client.typed_response_contract,interface_dependency,parser_agent,client_agent,1,1,0,1,1,,,,,,False,True,False,False,True,False,False,1,0,0,,stranded_producer,1:100,1:W:100,"High-level IMAPClient search/fetch/status/store behavior must consume SearchIds, fetch dictionaries, UID keys, and typed response objects from the parser consistently."
imapclient,single,oh1292_standard100_ddebb7d_r01,imapclient.utility_to_client.command_normalization_contract,shared_state_contract,utility_lexer_agent,client_agent,1,1,0,1,,,,,,,False,False,False,False,False,False,False,0,0,0,,capability_blocked,1:000,1:W:000,"Client command construction consumes date formatting, IMAP UTF-7 folder encoding, fixed-offset datetime behavior, and bytes/text helper contracts."
imapclient,serial_specialists,oh1292_standard100_ddebb7d_r01,imapclient.lexer_to_parser.token_literal_contract,shared_api_contract,utility_lexer_agent,parser_agent,7,7,0,4,1,3,2,4,4,0,True,True,True,True,False,False,False,1,0,0,1.0,progressive_stable_closure,2:100 > 4:111 > 6:111 > 7:111,1:A:100 > 2:W:100 > 3:A:111 > 4:W:111 > 5:A:111 > 6:W:111 > 7:W:111,"Lexer tokenization, literal handling, and IMAP protocol assertion contracts must be stable before parser tuple and typed-object parsing can be correct."
imapclient,serial_specialists,oh1292_standard100_ddebb7d_r01,imapclient.parser_to_client.typed_response_contract,interface_dependency,parser_agent,client_agent,7,7,0,4,3,,,,,,False,True,False,False,True,False,False,3,0,0,,stranded_producer,2:000 > 4:100 > 6:100 > 7:100,1:A:000 > 2:W:000 > 3:A:100 > 4:W:100 > 5:A:100 > 6:W:100 > 7:W:100,"High-level IMAPClient search/fetch/status/store behavior must consume SearchIds, fetch dictionaries, UID keys, and typed response objects from the parser consistently."
imapclient,serial_specialists,oh1292_standard100_ddebb7d_r01,imapclient.utility_to_client.command_normalization_contract,shared_state_contract,utility_lexer_agent,client_agent,7,7,0,4,1,,,,,,False,True,False,False,True,False,False,4,0,0,,stranded_producer,2:100 > 4:100 > 6:100 > 7:100,1:A:100 > 2:W:100 > 3:A:100 > 4:W:100 > 5:A:100 > 6:W:100 > 7:W:100,"Client command construction consumes date formatting, IMAP UTF-7 folder encoding, fixed-offset datetime behavior, and bytes/text helper contracts."
imapclient,async_private,oh1292_standard100_ddebb7d_r01,imapclient.lexer_to_parser.token_literal_contract,shared_api_contract,utility_lexer_agent,parser_agent,10,7,3,4,1,4,3,4,4,0,True,True,True,False,False,False,False,1,0,0,1.0,progressive_stable_closure,2:100 > 4:111 > 6:111 > 7:111,1:A:100 > 2:W:100 > 3:A:000 > 4:W:111 > 5:A:000 > 6:W:111 > 7:W:111,"Lexer tokenization, literal handling, and IMAP protocol assertion contracts must be stable before parser tuple and typed-object parsing can be correct."
imapclient,async_private,oh1292_standard100_ddebb7d_r01,imapclient.parser_to_client.typed_response_contract,interface_dependency,parser_agent,client_agent,10,7,3,4,4,,,,,,False,True,False,False,True,False,False,3,0,0,,stranded_producer,2:000 > 4:100 > 6:100 > 7:100,1:A:000 > 2:W:000 > 3:A:000 > 4:W:100 > 5:A:000 > 6:W:100 > 7:W:100,"High-level IMAPClient search/fetch/status/store behavior must consume SearchIds, fetch dictionaries, UID keys, and typed response objects from the parser consistently."
imapclient,async_private,oh1292_standard100_ddebb7d_r01,imapclient.utility_to_client.command_normalization_contract,shared_state_contract,utility_lexer_agent,client_agent,10,7,3,4,1,,,,,,False,True,False,False,True,False,False,4,0,0,,stranded_producer,2:100 > 4:100 > 6:100 > 7:100,1:A:100 > 2:W:100 > 3:A:000 > 4:W:100 > 5:A:000 > 6:W:100 > 7:W:100,"Client command construction consumes date formatting, IMAP UTF-7 folder encoding, fixed-offset datetime behavior, and bytes/text helper contracts."
imapclient,caid_manager,oh1292_standard100_ddebb7d_r01,imapclient.lexer_to_parser.token_literal_contract,shared_api_contract,utility_lexer_agent,parser_agent,11,11,0,6,3,7,4,11,11,0,True,True,True,False,False,False,False,0,0,0,1.0,final_checkpoint_closure,2:000 > 4:000 > 6:000 > 8:000 > 10:000 > 11:111,1:A:000 > 2:W:000 > 3:A:100 > 4:W:000 > 5:A:100 > 6:W:000 > 7:A:010 > 8:W:000 > 9:A:010 > 10:W:000 > 11:W:111,"Lexer tokenization, literal handling, and IMAP protocol assertion contracts must be stable before parser tuple and typed-object parsing can be correct."
imapclient,caid_manager,oh1292_standard100_ddebb7d_r01,imapclient.parser_to_client.typed_response_contract,interface_dependency,parser_agent,client_agent,11,11,0,6,7,11,4,11,11,0,True,True,True,False,False,False,False,0,0,0,1.0,final_checkpoint_closure,2:000 > 4:000 > 6:000 > 8:000 > 10:000 > 11:111,1:A:000 > 2:W:000 > 3:A:000 > 4:W:000 > 5:A:000 > 6:W:000 > 7:A:100 > 8:W:000 > 9:A:100 > 10:W:000 > 11:W:111,"High-level IMAPClient search/fetch/status/store behavior must consume SearchIds, fetch dictionaries, UID keys, and typed response objects from the parser consistently."
imapclient,caid_manager,oh1292_standard100_ddebb7d_r01,imapclient.utility_to_client.command_normalization_contract,shared_state_contract,utility_lexer_agent,client_agent,11,11,0,6,3,11,8,11,11,0,True,True,True,False,False,False,False,0,0,0,1.0,final_checkpoint_closure,2:000 > 4:000 > 6:000 > 8:000 > 10:000 > 11:111,1:A:000 > 2:W:000 > 3:A:100 > 4:W:000 > 5:A:100 > 6:W:000 > 7:A:000 > 8:W:000 > 9:A:000 > 10:W:000 > 11:W:111,"Client command construction consumes date formatting, IMAP UTF-7 folder encoding, fixed-offset datetime behavior, and bytes/text helper contracts."
pexpect,single,oh1292_standard100_endpointfix_3d110b2_r05,pexpect.expect_to_spawn.match_state_contract,interface_dependency,expect_agent,spawn_agent,1,1,0,1,,,,,,,False,False,False,False,False,False,False,0,0,0,,capability_blocked,1:000,1:W:000,"Expecter and searcher matching semantics must be stable for SpawnBase.expect, expect_exact, before/after/match, buffer, and searchwindowsize behavior."
pexpect,single,oh1292_standard100_endpointfix_3d110b2_r05,pexpect.transport_to_spawn.read_timeout_contract,shared_api_contract,transport_agent,spawn_agent,1,1,0,1,,,,,,,False,False,False,False,False,False,False,0,0,0,,capability_blocked,1:000,1:W:000,"pty and popen transports must present read_nonblocking, EOF, TIMEOUT, bytes/text, and CRLF behavior that SpawnBase and Expecter consume consistently."
pexpect,single,oh1292_standard100_endpointfix_3d110b2_r05,pexpect.spawn_to_wrappers.run_async_contract,shared_state_contract,spawn_agent,wrapper_agent,1,1,0,1,,,,,,,False,False,False,False,False,False,False,0,0,0,,capability_blocked,1:000,1:W:000,"run, replwrap, and async wrappers must consume SpawnBase expect/read behavior, EOF/TIMEOUT handling, callback events, and transport output normalization consistently."
pexpect,serial_specialists,oh1292_standard100_endpointfix_3d110b2_r05,pexpect.expect_to_spawn.match_state_contract,interface_dependency,expect_agent,spawn_agent,9,9,0,5,,,,,,,False,False,False,False,False,False,False,0,0,0,,capability_blocked,2:000 > 4:000 > 6:000 > 8:000 > 9:000,1:A:000 > 2:W:000 > 3:A:000 > 4:W:000 > 5:A:000 > 6:W:000 > 7:A:000 > 8:W:000 > 9:W:000,"Expecter and searcher matching semantics must be stable for SpawnBase.expect, expect_exact, before/after/match, buffer, and searchwindowsize behavior."
pexpect,serial_specialists,oh1292_standard100_endpointfix_3d110b2_r05,pexpect.transport_to_spawn.read_timeout_contract,shared_api_contract,transport_agent,spawn_agent,9,9,0,5,3,,,,,,False,True,False,False,True,False,False,0,0,0,,stranded_producer,2:000 > 4:000 > 6:000 > 8:000 > 9:000,1:A:000 > 2:W:000 > 3:A:100 > 4:W:000 > 5:A:000 > 6:W:000 > 7:A:000 > 8:W:000 > 9:W:000,"pty and popen transports must present read_nonblocking, EOF, TIMEOUT, bytes/text, and CRLF behavior that SpawnBase and Expecter consume consistently."
pexpect,serial_specialists,oh1292_standard100_endpointfix_3d110b2_r05,pexpect.spawn_to_wrappers.run_async_contract,shared_state_contract,spawn_agent,wrapper_agent,9,9,0,5,,,,,,,False,False,False,False,False,False,False,0,0,0,,capability_blocked,2:000 > 4:000 > 6:000 > 8:000 > 9:000,1:A:000 > 2:W:000 > 3:A:000 > 4:W:000 > 5:A:000 > 6:W:000 > 7:A:000 > 8:W:000 > 9:W:000,"run, replwrap, and async wrappers must consume SpawnBase expect/read behavior, EOF/TIMEOUT handling, callback events, and transport output normalization consistently."
pexpect,async_private,oh1292_standard100_endpointfix_3d110b2_r05,pexpect.expect_to_spawn.match_state_contract,interface_dependency,expect_agent,spawn_agent,13,9,4,5,3,3,0,,,,False,True,True,True,True,True,True,0,0,0,,both_sides_seen_but_open,2:000 > 4:000 > 6:000 > 8:000 > 9:000,1:A:000 > 2:W:000 > 3:A:111 > 4:W:000 > 5:A:000 > 6:W:000 > 7:A:000 > 8:W:000 > 9:W:000,"Expecter and searcher matching semantics must be stable for SpawnBase.expect, expect_exact, before/after/match, buffer, and searchwindowsize behavior."
pexpect,async_private,oh1292_standard100_endpointfix_3d110b2_r05,pexpect.transport_to_spawn.read_timeout_contract,shared_api_contract,transport_agent,spawn_agent,13,9,4,5,3,3,0,,,,False,True,True,True,True,True,True,0,0,0,,both_sides_seen_but_open,2:000 > 4:000 > 6:000 > 8:000 > 9:000,1:A:000 > 2:W:000 > 3:A:111 > 4:W:000 > 5:A:000 > 6:W:000 > 7:A:000 > 8:W:000 > 9:W:000,"pty and popen transports must present read_nonblocking, EOF, TIMEOUT, bytes/text, and CRLF behavior that SpawnBase and Expecter consume consistently."
pexpect,async_private,oh1292_standard100_endpointfix_3d110b2_r05,pexpect.spawn_to_wrappers.run_async_contract,shared_state_contract,spawn_agent,wrapper_agent,13,9,4,5,3,3,0,,,,False,True,True,True,True,True,True,0,0,0,,both_sides_seen_but_open,2:000 > 4:000 > 6:000 > 8:000 > 9:000,1:A:000 > 2:W:000 > 3:A:111 > 4:W:000 > 5:A:000 > 6:W:000 > 7:A:000 > 8:W:000 > 9:W:000,"run, replwrap, and async wrappers must consume SpawnBase expect/read behavior, EOF/TIMEOUT handling, callback events, and transport output normalization consistently."
pexpect,caid_manager,oh1292_standard100_endpointfix_3d110b2_r05,pexpect.expect_to_spawn.match_state_contract,interface_dependency,expect_agent,spawn_agent,11,11,0,6,3,3,0,11,11,0,True,True,True,True,False,False,False,0,0,0,1.0,final_checkpoint_closure,2:000 > 4:000 > 6:000 > 8:000 > 10:000 > 11:111,1:A:000 > 2:W:000 > 3:A:111 > 4:W:000 > 5:A:000 > 6:W:000 > 7:A:000 > 8:W:000 > 9:A:111 > 10:W:000 > 11:W:111,"Expecter and searcher matching semantics must be stable for SpawnBase.expect, expect_exact, before/after/match, buffer, and searchwindowsize behavior."
pexpect,caid_manager,oh1292_standard100_endpointfix_3d110b2_r05,pexpect.transport_to_spawn.read_timeout_contract,shared_api_contract,transport_agent,spawn_agent,11,11,0,6,3,3,0,11,11,0,True,True,True,True,False,False,False,0,0,0,1.0,final_checkpoint_closure,2:000 > 4:000 > 6:000 > 8:000 > 10:000 > 11:111,1:A:000 > 2:W:000 > 3:A:111 > 4:W:000 > 5:A:000 > 6:W:000 > 7:A:000 > 8:W:000 > 9:A:111 > 10:W:000 > 11:W:111,"pty and popen transports must present read_nonblocking, EOF, TIMEOUT, bytes/text, and CRLF behavior that SpawnBase and Expecter consume consistently."
pexpect,caid_manager,oh1292_standard100_endpointfix_3d110b2_r05,pexpect.spawn_to_wrappers.run_async_contract,shared_state_contract,spawn_agent,wrapper_agent,11,11,0,6,3,11,8,11,11,0,True,True,True,False,False,False,False,0,0,0,1.0,final_checkpoint_closure,2:000 > 4:000 > 6:000 > 8:000 > 10:000 > 11:111,1:A:000 > 2:W:000 > 3:A:100 > 4:W:000 > 5:A:000 > 6:W:000 > 7:A:000 > 8:W:000 > 9:A:100 > 10:W:000 > 11:W:111,"run, replwrap, and async wrappers must consume SpawnBase expect/read behavior, EOF/TIMEOUT handling, callback events, and transport output normalization consistently."
flask,single,oh1292_standard100_endpointfix_3d110b2_r05,flask.scaffold_to_dispatch.route_context_contract,interface_dependency,scaffold_agent,dispatch_agent,1,1,0,1,,,,,,,False,False,False,False,False,False,False,0,0,0,,capability_blocked,1:000,1:W:000,"Scaffold and sansio App route registration, endpoint naming, URL map, and callback registries must be stable for Flask request dispatch and URL generation."
flask,single,oh1292_standard100_endpointfix_3d110b2_r05,flask.session_json_to_context.cookie_response_contract,shared_state_contract,session_json_agent,dispatch_agent,1,1,0,1,,,,,,,False,False,False,False,False,False,False,0,0,0,,capability_blocked,1:000,1:W:000,"SessionInterface, SecureCookieSession, TaggedJSONSerializer, and JSONProvider response behavior must be stable for request context open/save and response conversion."
flask,single,oh1292_standard100_endpointfix_3d110b2_r05,flask.context_to_template_testing.client_context_contract,integration_contract,dispatch_agent,template_testing_agent,1,1,0,1,,,,,,,False,False,False,False,False,False,False,0,0,0,,capability_blocked,1:000,1:W:000,"Templating and test client helpers must consume current_app/request/session context, JSON dumps, and response/session behavior consistently."
flask,serial_specialists,oh1292_standard100_endpointfix_3d110b2_r05,flask.scaffold_to_dispatch.route_context_contract,interface_dependency,scaffold_agent,dispatch_agent,9,9,0,5,,,,,,,False,False,False,False,False,False,False,0,0,0,,capability_blocked,2:000 > 4:000 > 6:000 > 8:000 > 9:000,1:A:000 > 2:W:000 > 3:A:000 > 4:W:000 > 5:A:000 > 6:W:000 > 7:A:000 > 8:W:000 > 9:W:000,"Scaffold and sansio App route registration, endpoint naming, URL map, and callback registries must be stable for Flask request dispatch and URL generation."
flask,serial_specialists,oh1292_standard100_endpointfix_3d110b2_r05,flask.session_json_to_context.cookie_response_contract,shared_state_contract,session_json_agent,dispatch_agent,9,9,0,5,,,,,,,False,False,False,False,False,False,False,0,0,0,,capability_blocked,2:000 > 4:000 > 6:000 > 8:000 > 9:000,1:A:000 > 2:W:000 > 3:A:000 > 4:W:000 > 5:A:000 > 6:W:000 > 7:A:000 > 8:W:000 > 9:W:000,"SessionInterface, SecureCookieSession, TaggedJSONSerializer, and JSONProvider response behavior must be stable for request context open/save and response conversion."
flask,serial_specialists,oh1292_standard100_endpointfix_3d110b2_r05,flask.context_to_template_testing.client_context_contract,integration_contract,dispatch_agent,template_testing_agent,9,9,0,5,,,,,,,False,False,False,False,False,False,False,0,0,0,,capability_blocked,2:000 > 4:000 > 6:000 > 8:000 > 9:000,1:A:000 > 2:W:000 > 3:A:000 > 4:W:000 > 5:A:000 > 6:W:000 > 7:A:000 > 8:W:000 > 9:W:000,"Templating and test client helpers must consume current_app/request/session context, JSON dumps, and response/session behavior consistently."
flask,async_private,oh1292_standard100_endpointfix_3d110b2_r05,flask.scaffold_to_dispatch.route_context_contract,interface_dependency,scaffold_agent,dispatch_agent,13,9,4,5,,,,,,,False,False,False,False,False,False,False,0,0,0,,capability_blocked,2:000 > 4:000 > 6:000 > 8:000 > 9:000,1:A:000 > 2:W:000 > 3:A:000 > 4:W:000 > 5:A:000 > 6:W:000 > 7:A:000 > 8:W:000 > 9:W:000,"Scaffold and sansio App route registration, endpoint naming, URL map, and callback registries must be stable for Flask request dispatch and URL generation."
flask,async_private,oh1292_standard100_endpointfix_3d110b2_r05,flask.session_json_to_context.cookie_response_contract,shared_state_contract,session_json_agent,dispatch_agent,13,9,4,5,,,,,,,False,False,False,False,False,False,False,0,0,0,,capability_blocked,2:000 > 4:000 > 6:000 > 8:000 > 9:000,1:A:000 > 2:W:000 > 3:A:000 > 4:W:000 > 5:A:000 > 6:W:000 > 7:A:000 > 8:W:000 > 9:W:000,"SessionInterface, SecureCookieSession, TaggedJSONSerializer, and JSONProvider response behavior must be stable for request context open/save and response conversion."
flask,async_private,oh1292_standard100_endpointfix_3d110b2_r05,flask.context_to_template_testing.client_context_contract,integration_contract,dispatch_agent,template_testing_agent,13,9,4,5,,,,,,,False,False,False,False,False,False,False,0,0,0,,capability_blocked,2:000 > 4:000 > 6:000 > 8:000 > 9:000,1:A:000 > 2:W:000 > 3:A:000 > 4:W:000 > 5:A:000 > 6:W:000 > 7:A:000 > 8:W:000 > 9:W:000,"Templating and test client helpers must consume current_app/request/session context, JSON dumps, and response/session behavior consistently."
flask,caid_manager,oh1292_standard100_endpointfix_3d110b2_r05,flask.scaffold_to_dispatch.route_context_contract,interface_dependency,scaffold_agent,dispatch_agent,13,13,0,7,,13,,,,,False,False,True,False,False,True,False,0,0,0,,consumer_only_progress,2:000 > 4:000 > 6:000 > 8:000 > 10:000 > 12:000 > 13:010,1:A:000 > 2:W:000 > 3:A:000 > 4:W:000 > 5:A:000 > 6:W:000 > 7:A:000 > 8:W:000 > 9:A:000 > 10:W:000 > 11:A:000 > 12:W:000 > 13:W:010,"Scaffold and sansio App route registration, endpoint naming, URL map, and callback registries must be stable for Flask request dispatch and URL generation."
flask,caid_manager,oh1292_standard100_endpointfix_3d110b2_r05,flask.session_json_to_context.cookie_response_contract,shared_state_contract,session_json_agent,dispatch_agent,13,13,0,7,1,13,12,13,13,0,True,True,True,False,False,False,False,0,0,0,1.0,final_checkpoint_closure,2:000 > 4:000 > 6:000 > 8:000 > 10:000 > 12:000 > 13:011,1:A:100 > 2:W:000 > 3:A:000 > 4:W:000 > 5:A:000 > 6:W:000 > 7:A:000 > 8:W:000 > 9:A:000 > 10:W:000 > 11:A:100 > 12:W:000 > 13:W:011,"SessionInterface, SecureCookieSession, TaggedJSONSerializer, and JSONProvider response behavior must be stable for request context open/save and response conversion."
flask,caid_manager,oh1292_standard100_endpointfix_3d110b2_r05,flask.context_to_template_testing.client_context_contract,integration_contract,dispatch_agent,template_testing_agent,13,13,0,7,1,1,0,13,13,0,True,True,True,False,False,False,False,0,0,0,1.0,final_checkpoint_closure,2:000 > 4:000 > 6:000 > 8:000 > 10:000 > 12:000 > 13:111,1:A:110 > 2:W:000 > 3:A:000 > 4:W:000 > 5:A:000 > 6:W:000 > 7:A:000 > 8:W:000 > 9:A:000 > 10:W:000 > 11:A:110 > 12:W:000 > 13:W:111,"Templating and test client helpers must consume current_app/request/session context, JSON dumps, and response/session behavior consistently."
python-rsa,single,oh1292_standard100_endpointfix_3d110b2_r05,python_rsa.arithmetic_to_key_generation.inverse_prime_contract,interface_dependency,arithmetic_agent,key_agent,1,1,0,1,1,1,0,1,1,0,True,True,True,False,False,False,False,0,0,0,1.0,terminal_closed_only,1:111,1:W:111,"Key generation must consume modular inverse, primality, prime selection, byte-size, and integer codec behavior with the same return types and exception semantics."
python-rsa,single,oh1292_standard100_endpointfix_3d110b2_r05,python_rsa.key_to_serialization.pem_der_contract,integration_contract,key_agent,serialization_agent,1,1,0,1,1,1,0,1,1,0,True,True,True,False,False,False,False,0,0,0,1.0,terminal_closed_only,1:111,1:W:111,"DER/PEM load-save functions must preserve the PublicKey and PrivateKey field layout, CRT exponent/coefficient recalculation, equality semantics, and byte return types."
python-rsa,single,oh1292_standard100_endpointfix_3d110b2_r05,python_rsa.codec_key_to_pkcs1.crypto_api_contract,shared_api_contract,arithmetic_agent,pkcs1_agent,1,1,0,1,1,1,0,1,1,0,True,True,True,False,False,False,False,0,0,0,1.0,terminal_closed_only,1:111,1:W:111,"PKCS#1 encrypt/decrypt and sign/verify must consume byte-size, int2bytes/bytes2int, raw encrypt/decrypt, and key-generation behavior consistently."
python-rsa,serial_specialists,oh1292_standard100_endpointfix_3d110b2_r05,python_rsa.arithmetic_to_key_generation.inverse_prime_contract,interface_dependency,arithmetic_agent,key_agent,9,9,0,5,1,3,2,4,8,4,True,True,True,True,False,False,False,2,1,1,0.75,regressed_then_recovered,2:100 > 4:111 > 6:100 > 8:111 > 9:111,1:A:100 > 2:W:100 > 3:A:111 > 4:W:111 > 5:A:111 > 6:W:100 > 7:A:111 > 8:W:111 > 9:W:111,"Key generation must consume modular inverse, primality, prime selection, byte-size, and integer codec behavior with the same return types and exception semantics."
python-rsa,serial_specialists,oh1292_standard100_endpointfix_3d110b2_r05,python_rsa.key_to_serialization.pem_der_contract,integration_contract,key_agent,serialization_agent,9,9,0,5,3,5,2,6,6,0,True,True,True,True,False,False,False,1,0,0,1.0,progressive_stable_closure,2:000 > 4:100 > 6:111 > 8:111 > 9:111,1:A:000 > 2:W:000 > 3:A:100 > 4:W:100 > 5:A:111 > 6:W:111 > 7:A:111 > 8:W:111 > 9:W:111,"DER/PEM load-save functions must preserve the PublicKey and PrivateKey field layout, CRT exponent/coefficient recalculation, equality semantics, and byte return types."
python-rsa,serial_specialists,oh1292_standard100_endpointfix_3d110b2_r05,python_rsa.codec_key_to_pkcs1.crypto_api_contract,shared_api_contract,arithmetic_agent,pkcs1_agent,9,9,0,5,3,7,4,8,8,0,True,True,True,True,False,False,False,2,0,0,1.0,progressive_stable_closure,2:000 > 4:100 > 6:100 > 8:111 > 9:111,1:A:000 > 2:W:000 > 3:A:100 > 4:W:100 > 5:A:100 > 6:W:100 > 7:A:111 > 8:W:111 > 9:W:111,"PKCS#1 encrypt/decrypt and sign/verify must consume byte-size, int2bytes/bytes2int, raw encrypt/decrypt, and key-generation behavior consistently."
python-rsa,async_private,oh1292_standard100_endpointfix_3d110b2_r05,python_rsa.arithmetic_to_key_generation.inverse_prime_contract,interface_dependency,arithmetic_agent,key_agent,13,9,4,5,1,4,3,4,4,0,True,True,True,False,False,False,False,1,0,0,1.0,progressive_stable_closure,2:100 > 4:111 > 6:111 > 8:111 > 9:111,1:A:100 > 2:W:100 > 3:A:000 > 4:W:111 > 5:A:000 > 6:W:111 > 7:A:000 > 8:W:111 > 9:W:111,"Key generation must consume modular inverse, primality, prime selection, byte-size, and integer codec behavior with the same return types and exception semantics."
python-rsa,async_private,oh1292_standard100_endpointfix_3d110b2_r05,python_rsa.key_to_serialization.pem_der_contract,integration_contract,key_agent,serialization_agent,13,9,4,5,4,,,,,,False,True,False,False,True,False,False,4,0,0,,stranded_producer,2:000 > 4:100 > 6:100 > 8:100 > 9:100,1:A:000 > 2:W:000 > 3:A:000 > 4:W:100 > 5:A:000 > 6:W:100 > 7:A:000 > 8:W:100 > 9:W:100,"DER/PEM load-save functions must preserve the PublicKey and PrivateKey field layout, CRT exponent/coefficient recalculation, equality semantics, and byte return types."
python-rsa,async_private,oh1292_standard100_endpointfix_3d110b2_r05,python_rsa.codec_key_to_pkcs1.crypto_api_contract,shared_api_contract,arithmetic_agent,pkcs1_agent,13,9,4,5,4,,,,,,False,True,False,False,True,False,False,4,0,0,,stranded_producer,2:000 > 4:100 > 6:100 > 8:100 > 9:100,1:A:000 > 2:W:000 > 3:A:000 > 4:W:100 > 5:A:000 > 6:W:100 > 7:A:000 > 8:W:100 > 9:W:100,"PKCS#1 encrypt/decrypt and sign/verify must consume byte-size, int2bytes/bytes2int, raw encrypt/decrypt, and key-generation behavior consistently."
python-rsa,caid_manager,oh1292_standard100_endpointfix_3d110b2_r05,python_rsa.arithmetic_to_key_generation.inverse_prime_contract,interface_dependency,arithmetic_agent,key_agent,11,11,0,6,5,6,1,6,6,0,True,True,True,True,False,False,False,0,0,0,1.0,progressive_stable_closure,2:000 > 4:000 > 6:111 > 8:111 > 10:111 > 11:111,1:A:000 > 2:W:000 > 3:A:000 > 4:W:000 > 5:A:100 > 6:W:111 > 7:A:111 > 8:W:111 > 9:A:100 > 10:W:111 > 11:W:111,"Key generation must consume modular inverse, primality, prime selection, byte-size, and integer codec behavior with the same return types and exception semantics."
python-rsa,caid_manager,oh1292_standard100_endpointfix_3d110b2_r05,python_rsa.key_to_serialization.pem_der_contract,integration_contract,key_agent,serialization_agent,11,11,0,6,6,6,0,6,6,0,True,True,True,False,False,False,False,0,0,0,1.0,progressive_stable_closure,2:000 > 4:000 > 6:111 > 8:111 > 10:111 > 11:111,1:A:000 > 2:W:000 > 3:A:000 > 4:W:000 > 5:A:000 > 6:W:111 > 7:A:100 > 8:W:111 > 9:A:100 > 10:W:111 > 11:W:111,"DER/PEM load-save functions must preserve the PublicKey and PrivateKey field layout, CRT exponent/coefficient recalculation, equality semantics, and byte return types."
python-rsa,caid_manager,oh1292_standard100_endpointfix_3d110b2_r05,python_rsa.codec_key_to_pkcs1.crypto_api_contract,shared_api_contract,arithmetic_agent,pkcs1_agent,11,11,0,6,6,7,1,11,11,0,True,True,True,True,False,False,False,3,0,0,1.0,final_checkpoint_closure,2:000 > 4:000 > 6:100 > 8:100 > 10:100 > 11:111,1:A:000 > 2:W:000 > 3:A:000 > 4:W:000 > 5:A:000 > 6:W:100 > 7:A:111 > 8:W:100 > 9:A:111 > 10:W:100 > 11:W:111,"PKCS#1 encrypt/decrypt and sign/verify must consume byte-size, int2bytes/bytes2int, raw encrypt/decrypt, and key-generation behavior consistently."
cookiecutter,single,oh1292_standard100_endpointfix_3d110b2_r05,cookiecutter.config_prompt_to_main.context_contract,shared_state_contract,config_prompt_agent,orchestration_agent,1,1,0,1,,,,,,,False,False,False,False,False,False,False,0,0,0,,capability_blocked,1:000,1:W:000,"Configuration, replay, and prompt code must provide stable context shape, default merging, no_input, choices, and extra_context behavior consumed by the top-level workflow."
cookiecutter,single,oh1292_standard100_endpointfix_3d110b2_r05,cookiecutter.source_to_main.repo_dir_contract,interface_dependency,source_agent,orchestration_agent,1,1,0,1,,,,,,,False,False,False,False,False,False,False,0,0,0,,capability_blocked,1:000,1:W:000,"Repository, VCS, and zipfile source resolution must return stable repo_dir, cleanup, URL/archive classification, and cache reuse semantics consumed by cookiecutter()."
cookiecutter,single,oh1292_standard100_endpointfix_3d110b2_r05,cookiecutter.generate_hooks_to_main.project_contract,integration_contract,generation_agent,orchestration_agent,1,1,0,1,,,,,,,False,False,False,False,False,False,False,0,0,0,,capability_blocked,1:000,1:W:000,"Generation and hooks must provide stable project directory creation, overwrite/skip behavior, hook execution, failure cleanup, and undefined-variable semantics consumed by the workflow."
cookiecutter,serial_specialists,oh1292_standard100_endpointfix_3d110b2_r05,cookiecutter.config_prompt_to_main.context_contract,shared_state_contract,config_prompt_agent,orchestration_agent,9,9,0,5,,7,,,,,False,False,True,False,False,True,False,0,0,0,,consumer_only_progress,2:000 > 4:000 > 6:000 > 8:010 > 9:010,1:A:000 > 2:W:000 > 3:A:000 > 4:W:000 > 5:A:000 > 6:W:000 > 7:A:010 > 8:W:010 > 9:W:010,"Configuration, replay, and prompt code must provide stable context shape, default merging, no_input, choices, and extra_context behavior consumed by the top-level workflow."
cookiecutter,serial_specialists,oh1292_standard100_endpointfix_3d110b2_r05,cookiecutter.source_to_main.repo_dir_contract,interface_dependency,source_agent,orchestration_agent,9,9,0,5,3,7,4,8,8,0,True,True,True,True,False,False,False,2,0,0,1.0,progressive_stable_closure,2:000 > 4:100 > 6:100 > 8:111 > 9:111,1:A:000 > 2:W:000 > 3:A:100 > 4:W:100 > 5:A:100 > 6:W:100 > 7:A:111 > 8:W:111 > 9:W:111,"Repository, VCS, and zipfile source resolution must return stable repo_dir, cleanup, URL/archive classification, and cache reuse semantics consumed by cookiecutter()."
cookiecutter,serial_specialists,oh1292_standard100_endpointfix_3d110b2_r05,cookiecutter.generate_hooks_to_main.project_contract,integration_contract,generation_agent,orchestration_agent,9,9,0,5,,7,,,,,False,False,True,False,False,True,False,0,0,0,,consumer_only_progress,2:000 > 4:000 > 6:000 > 8:010 > 9:010,1:A:000 > 2:W:000 > 3:A:000 > 4:W:000 > 5:A:000 > 6:W:000 > 7:A:010 > 8:W:010 > 9:W:010,"Generation and hooks must provide stable project directory creation, overwrite/skip behavior, hook execution, failure cleanup, and undefined-variable semantics consumed by the workflow."
cookiecutter,async_private,oh1292_standard100_endpointfix_3d110b2_r05,cookiecutter.config_prompt_to_main.context_contract,shared_state_contract,config_prompt_agent,orchestration_agent,13,9,4,5,,7,,,,,False,False,True,False,False,True,False,0,0,0,,consumer_only_progress,2:000 > 4:000 > 6:000 > 8:000 > 9:000,1:A:000 > 2:W:000 > 3:A:000 > 4:W:000 > 5:A:000 > 6:W:000 > 7:A:010 > 8:W:000 > 9:W:000,"Configuration, replay, and prompt code must provide stable context shape, default merging, no_input, choices, and extra_context behavior consumed by the top-level workflow."
cookiecutter,async_private,oh1292_standard100_endpointfix_3d110b2_r05,cookiecutter.source_to_main.repo_dir_contract,interface_dependency,source_agent,orchestration_agent,13,9,4,5,3,7,4,,,,False,True,True,False,True,True,False,4,0,0,,both_sides_seen_but_open,2:000 > 4:100 > 6:100 > 8:100 > 9:100,1:A:000 > 2:W:000 > 3:A:100 > 4:W:100 > 5:A:000 > 6:W:100 > 7:A:010 > 8:W:100 > 9:W:100,"Repository, VCS, and zipfile source resolution must return stable repo_dir, cleanup, URL/archive classification, and cache reuse semantics consumed by cookiecutter()."
cookiecutter,async_private,oh1292_standard100_endpointfix_3d110b2_r05,cookiecutter.generate_hooks_to_main.project_contract,integration_contract,generation_agent,orchestration_agent,13,9,4,5,,7,,,,,False,False,True,False,False,True,False,0,0,0,,consumer_only_progress,2:000 > 4:000 > 6:000 > 8:000 > 9:000,1:A:000 > 2:W:000 > 3:A:000 > 4:W:000 > 5:A:000 > 6:W:000 > 7:A:010 > 8:W:000 > 9:W:000,"Generation and hooks must provide stable project directory creation, overwrite/skip behavior, hook execution, failure cleanup, and undefined-variable semantics consumed by the workflow."
cookiecutter,caid_manager,oh1292_standard100_endpointfix_3d110b2_r05,cookiecutter.config_prompt_to_main.context_contract,shared_state_contract,config_prompt_agent,orchestration_agent,11,11,0,6,11,3,-8,11,11,0,True,True,True,False,False,False,False,0,0,0,1.0,final_checkpoint_closure,2:000 > 4:010 > 6:010 > 8:000 > 10:000 > 11:111,1:A:000 > 2:W:000 > 3:A:010 > 4:W:010 > 5:A:000 > 6:W:010 > 7:A:000 > 8:W:000 > 9:A:000 > 10:W:000 > 11:W:111,"Configuration, replay, and prompt code must provide stable context shape, default merging, no_input, choices, and extra_context behavior consumed by the top-level workflow."
cookiecutter,caid_manager,oh1292_standard100_endpointfix_3d110b2_r05,cookiecutter.source_to_main.repo_dir_contract,interface_dependency,source_agent,orchestration_agent,11,11,0,6,1,3,2,6,11,5,True,True,True,False,False,False,False,2,1,1,0.5,regressed_then_recovered,2:000 > 4:010 > 6:111 > 8:100 > 10:100 > 11:111,1:A:100 > 2:W:000 > 3:A:010 > 4:W:010 > 5:A:100 > 6:W:111 > 7:A:000 > 8:W:100 > 9:A:000 > 10:W:100 > 11:W:111,"Repository, VCS, and zipfile source resolution must return stable repo_dir, cleanup, URL/archive classification, and cache reuse semantics consumed by cookiecutter()."
cookiecutter,caid_manager,oh1292_standard100_endpointfix_3d110b2_r05,cookiecutter.generate_hooks_to_main.project_contract,integration_contract,generation_agent,orchestration_agent,11,11,0,6,11,3,-8,11,11,0,True,True,True,False,False,False,False,0,0,0,1.0,final_checkpoint_closure,2:000 > 4:010 > 6:010 > 8:000 > 10:000 > 11:111,1:A:000 > 2:W:000 > 3:A:010 > 4:W:010 > 5:A:000 > 6:W:010 > 7:A:000 > 8:W:000 > 9:A:000 > 10:W:000 > 11:W:111,"Generation and hooks must provide stable project directory creation, overwrite/skip behavior, hook execution, failure cleanup, and undefined-variable semantics consumed by the workflow."
apache-tvm-20073,single,pr-hard-20073-qwen36-27b-thinking-20260827T110040Z,irbuilder-state-to-parser-propagation,shared_state_contract,irbuilder_agent,propagation_agent,1,1,0,1,,,,,,,False,False,False,False,False,False,False,0,0,0,,capability_blocked,1:000,1:W:000,"IRBuilder maintains normalized scoped source-span state and exposes annotation operations consumed by parser, evaluator, and TIRx emission paths."
apache-tvm-20073,single,pr-hard-20073-qwen36-27b-thinking-20260827T110040Z,source-mapping-to-parser-propagation,interface_dependency,source_mapping_agent,propagation_agent,1,1,0,1,1,,,,,,False,True,False,False,True,False,False,1,0,0,,stranded_producer,1:100,1:W:100,Source maps Python AST coordinates and source offsets into TVM spans that the parser and evaluator consume while constructing IR.
apache-tvm-20073,serial_specialists,pr-hard-20073-qwen36-27b-thinking-20260827T110040Z,irbuilder-state-to-parser-propagation,shared_state_contract,irbuilder_agent,propagation_agent,7,7,0,4,,,,,,,False,False,False,False,False,False,False,0,0,0,,capability_blocked,2:000 > 4:000 > 6:000 > 7:000,1:A:000 > 2:W:000 > 3:A:000 > 4:W:000 > 5:A:000 > 6:W:000 > 7:W:000,"IRBuilder maintains normalized scoped source-span state and exposes annotation operations consumed by parser, evaluator, and TIRx emission paths."
apache-tvm-20073,serial_specialists,pr-hard-20073-qwen36-27b-thinking-20260827T110040Z,source-mapping-to-parser-propagation,interface_dependency,source_mapping_agent,propagation_agent,7,7,0,4,3,,,,,,False,True,False,False,True,False,False,3,0,0,,stranded_producer,2:000 > 4:100 > 6:100 > 7:100,1:A:000 > 2:W:000 > 3:A:100 > 4:W:100 > 5:A:100 > 6:W:100 > 7:W:100,Source maps Python AST coordinates and source offsets into TVM spans that the parser and evaluator consume while constructing IR.
apache-tvm-20073,async_private,pr-hard-20073-qwen36-27b-thinking-20260827T110040Z,irbuilder-state-to-parser-propagation,shared_state_contract,irbuilder_agent,propagation_agent,10,7,3,4,,,,,,,False,False,False,False,False,False,False,0,0,0,,capability_blocked,2:000 > 4:000 > 6:000 > 7:000,1:A:000 > 2:W:000 > 3:A:000 > 4:W:000 > 5:A:000 > 6:W:000 > 7:W:000,"IRBuilder maintains normalized scoped source-span state and exposes annotation operations consumed by parser, evaluator, and TIRx emission paths."
apache-tvm-20073,async_private,pr-hard-20073-qwen36-27b-thinking-20260827T110040Z,source-mapping-to-parser-propagation,interface_dependency,source_mapping_agent,propagation_agent,10,7,3,4,3,,,,,,False,True,False,False,True,False,False,3,0,0,,stranded_producer,2:000 > 4:100 > 6:100 > 7:100,1:A:000 > 2:W:000 > 3:A:100 > 4:W:100 > 5:A:000 > 6:W:100 > 7:W:100,Source maps Python AST coordinates and source offsets into TVM spans that the parser and evaluator consume while constructing IR.
apache-tvm-20073,caid_manager,pr-hard-20073-qwen36-27b-thinking-20260827T110040Z,irbuilder-state-to-parser-propagation,shared_state_contract,irbuilder_agent,propagation_agent,11,11,0,6,5,,,,,,False,True,False,False,True,False,False,0,0,0,,stranded_producer,2:000 > 4:000 > 6:000 > 8:000 > 10:000 > 11:000,1:A:000 > 2:W:000 > 3:A:000 > 4:W:000 > 5:A:100 > 6:W:000 > 7:A:000 > 8:W:000 > 9:A:100 > 10:W:000 > 11:W:000,"IRBuilder maintains normalized scoped source-span state and exposes annotation operations consumed by parser, evaluator, and TIRx emission paths."
apache-tvm-20073,caid_manager,pr-hard-20073-qwen36-27b-thinking-20260827T110040Z,source-mapping-to-parser-propagation,interface_dependency,source_mapping_agent,propagation_agent,11,11,0,6,1,,,,,,False,True,False,False,True,False,False,6,0,0,,stranded_producer,2:100 > 4:100 > 6:100 > 8:100 > 10:100 > 11:100,1:A:100 > 2:W:100 > 3:A:000 > 4:W:100 > 5:A:000 > 6:W:100 > 7:A:000 > 8:W:100 > 9:A:000 > 10:W:100 > 11:W:100,Source maps Python AST coordinates and source offsets into TVM spans that the parser and evaluator consume while constructing IR.
apache-tvm-20107,single,pr-hard-20107-qwen36-27b-thinking-20260826T180300Z,shared-core-to-relax-signature,shared_api_contract,script_core_agent,relax_agent,1,1,0,1,,,,,,,False,False,False,False,False,False,False,0,0,0,,capability_blocked,1:000,1:W:000,The generic Script AST and document model preserve ordered function type parameters that Relax consumes as dependent symbolic-variable signature metadata.
apache-tvm-20107,single,pr-hard-20107-qwen36-27b-thinking-20260826T180300Z,shared-core-to-tirx-signature,shared_api_contract,script_core_agent,tirx_agent,1,1,0,1,,,,,,,False,False,False,False,False,False,False,0,0,0,,capability_blocked,1:000,1:W:000,The generic Script AST and document model preserve ordered function type parameters that TIRx consumes as dependent symbolic-variable signature metadata.
apache-tvm-20107,serial_specialists,pr-hard-20107-qwen36-27b-thinking-20260826T180300Z,shared-core-to-relax-signature,shared_api_contract,script_core_agent,relax_agent,7,7,0,4,1,,,,,,False,True,False,False,True,False,False,0,0,0,,stranded_producer,2:000 > 4:000 > 6:000 > 7:000,1:A:100 > 2:W:000 > 3:A:000 > 4:W:000 > 5:A:000 > 6:W:000 > 7:W:000,The generic Script AST and document model preserve ordered function type parameters that Relax consumes as dependent symbolic-variable signature metadata.
apache-tvm-20107,serial_specialists,pr-hard-20107-qwen36-27b-thinking-20260826T180300Z,shared-core-to-tirx-signature,shared_api_contract,script_core_agent,tirx_agent,7,7,0,4,1,,,,,,False,True,False,False,True,False,False,0,0,0,,stranded_producer,2:000 > 4:000 > 6:000 > 7:000,1:A:100 > 2:W:000 > 3:A:000 > 4:W:000 > 5:A:000 > 6:W:000 > 7:W:000,The generic Script AST and document model preserve ordered function type parameters that TIRx consumes as dependent symbolic-variable signature metadata.
apache-tvm-20107,async_private,pr-hard-20107-qwen36-27b-thinking-20260826T180300Z,shared-core-to-relax-signature,shared_api_contract,script_core_agent,relax_agent,10,7,3,4,1,,,,,,False,True,False,False,True,False,False,1,0,0,,stranded_producer,2:000 > 4:000 > 6:000 > 7:100,1:A:100 > 2:W:000 > 3:A:000 > 4:W:000 > 5:A:000 > 6:W:000 > 7:W:100,The generic Script AST and document model preserve ordered function type parameters that Relax consumes as dependent symbolic-variable signature metadata.
apache-tvm-20107,async_private,pr-hard-20107-qwen36-27b-thinking-20260826T180300Z,shared-core-to-tirx-signature,shared_api_contract,script_core_agent,tirx_agent,10,7,3,4,1,,,,,,False,True,False,False,True,False,False,1,0,0,,stranded_producer,2:000 > 4:000 > 6:000 > 7:100,1:A:100 > 2:W:000 > 3:A:000 > 4:W:000 > 5:A:000 > 6:W:000 > 7:W:100,The generic Script AST and document model preserve ordered function type parameters that TIRx consumes as dependent symbolic-variable signature metadata.
apache-tvm-20107,caid_manager,pr-hard-20107-qwen36-27b-thinking-20260826T180300Z,shared-core-to-relax-signature,shared_api_contract,script_core_agent,relax_agent,11,11,0,6,1,,,,,,False,True,False,False,True,False,False,6,0,0,,stranded_producer,2:100 > 4:100 > 6:100 > 8:100 > 10:100 > 11:100,1:A:100 > 2:W:100 > 3:A:000 > 4:W:100 > 5:A:000 > 6:W:100 > 7:A:000 > 8:W:100 > 9:A:000 > 10:W:100 > 11:W:100,The generic Script AST and document model preserve ordered function type parameters that Relax consumes as dependent symbolic-variable signature metadata.
apache-tvm-20107,caid_manager,pr-hard-20107-qwen36-27b-thinking-20260826T180300Z,shared-core-to-tirx-signature,shared_api_contract,script_core_agent,tirx_agent,11,11,0,6,1,,,,,,False,True,False,False,True,False,False,6,0,0,,stranded_producer,2:100 > 4:100 > 6:100 > 8:100 > 10:100 > 11:100,1:A:100 > 2:W:100 > 3:A:000 > 4:W:100 > 5:A:000 > 6:W:100 > 7:A:000 > 8:W:100 > 9:A:000 > 10:W:100 > 11:W:100,The generic Script AST and document model preserve ordered function type parameters that TIRx consumes as dependent symbolic-variable signature metadata.
apache-tvm-20153,single,qwen36-27b-gpu1-tvm20153-fixed2-20260825T113252Z,dialect-schema-to-lowering,shared_api_contract,dialect_agent,lowering_agent,1,1,0,1,1,,,,,,False,True,False,False,True,False,False,1,0,0,,stranded_producer,1:100,1:W:100,"The public ptx.addr expression and table-declared offset-capable address slots provide the operand metadata consumed by lowering, while unsupported address classes remain rejected."
apache-tvm-20153,single,qwen36-27b-gpu1-tvm20153-fixed2-20260825T113252Z,operand-lowering-to-rendering,integration_contract,lowering_agent,render_agent,1,1,0,1,,,,,,,False,False,False,False,False,False,False,0,0,0,,capability_blocked,1:000,1:W:000,Lowering passes normalized signed int32 byte offsets and logical address-slot identities that rendering consumes for unique helper names and in-bracket PTX displacement syntax.
apache-tvm-20153,serial_specialists,qwen36-27b-gpu1-tvm20153-fixed2-20260825T113252Z,dialect-schema-to-lowering,shared_api_contract,dialect_agent,lowering_agent,7,7,0,4,1,,,,,,False,True,False,True,True,False,True,4,0,0,,stranded_producer,2:100 > 4:100 > 6:100 > 7:100,1:A:100 > 2:W:100 > 3:A:101 > 4:W:100 > 5:A:100 > 6:W:100 > 7:W:100,"The public ptx.addr expression and table-declared offset-capable address slots provide the operand metadata consumed by lowering, while unsupported address classes remain rejected."
apache-tvm-20153,serial_specialists,qwen36-27b-gpu1-tvm20153-fixed2-20260825T113252Z,operand-lowering-to-rendering,integration_contract,lowering_agent,render_agent,7,7,0,4,3,3,0,,,,False,True,True,True,True,True,True,0,0,0,,both_sides_seen_but_open,2:000 > 4:000 > 6:010 > 7:010,1:A:000 > 2:W:000 > 3:A:111 > 4:W:000 > 5:A:010 > 6:W:010 > 7:W:010,Lowering passes normalized signed int32 byte offsets and logical address-slot identities that rendering consumes for unique helper names and in-bracket PTX displacement syntax.
apache-tvm-20153,async_private,qwen36-27b-gpu1-tvm20153-fixed2-20260825T113252Z,dialect-schema-to-lowering,shared_api_contract,dialect_agent,lowering_agent,10,7,3,4,1,,,,,,False,True,False,False,True,False,False,0,0,0,,stranded_producer,2:000 > 4:000 > 6:000 > 7:000,1:A:100 > 2:W:000 > 3:A:000 > 4:W:000 > 5:A:000 > 6:W:000 > 7:W:000,"The public ptx.addr expression and table-declared offset-capable address slots provide the operand metadata consumed by lowering, while unsupported address classes remain rejected."
apache-tvm-20153,async_private,qwen36-27b-gpu1-tvm20153-fixed2-20260825T113252Z,operand-lowering-to-rendering,integration_contract,lowering_agent,render_agent,10,7,3,4,,5,,,,,False,False,True,False,False,True,False,0,0,0,,consumer_only_progress,2:000 > 4:000 > 6:010 > 7:010,1:A:000 > 2:W:000 > 3:A:000 > 4:W:000 > 5:A:010 > 6:W:010 > 7:W:010,Lowering passes normalized signed int32 byte offsets and logical address-slot identities that rendering consumes for unique helper names and in-bracket PTX displacement syntax.
apache-tvm-20153,caid_manager,qwen36-27b-gpu1-tvm20153-caidretry1-20260825T224253Z,dialect-schema-to-lowering,shared_api_contract,dialect_agent,lowering_agent,11,11,0,6,5,9,4,,,,False,True,True,True,True,True,True,0,0,0,,both_sides_seen_but_open,2:000 > 4:000 > 6:000 > 8:000 > 10:000 > 11:000,1:A:000 > 2:W:000 > 3:A:000 > 4:W:000 > 5:A:100 > 6:W:000 > 7:A:000 > 8:W:000 > 9:A:111 > 10:W:000 > 11:W:000,"The public ptx.addr expression and table-declared offset-capable address slots provide the operand metadata consumed by lowering, while unsupported address classes remain rejected."
apache-tvm-20153,caid_manager,qwen36-27b-gpu1-tvm20153-caidretry1-20260825T224253Z,operand-lowering-to-rendering,integration_contract,lowering_agent,render_agent,11,11,0,6,9,1,-8,,,,False,True,True,True,True,True,True,0,0,0,,both_sides_seen_but_open,2:010 > 4:010 > 6:010 > 8:010 > 10:010 > 11:010,1:A:010 > 2:W:010 > 3:A:000 > 4:W:010 > 5:A:000 > 6:W:010 > 7:A:000 > 8:W:010 > 9:A:111 > 10:W:010 > 11:W:010,Lowering passes normalized signed int32 byte offsets and logical address-slot identities that rendering consumes for unique helper names and in-bracket PTX displacement syntax.
apache-tvm-20018,single,pr-hard-20018-qwen36-full-20260828T160649Z,return-ir-to-script-surface,interface_dependency,return_core_agent,return_script_agent,1,1,0,1,,,,,,,False,False,False,False,False,False,False,0,0,0,,capability_blocked,1:000,1:W:000,"TVMScript construction, parsing, and rendering consume the first-class Return node, its value field, FFI constructor, visitor dispatch, and structural semantics."
apache-tvm-20018,single,pr-hard-20018-qwen36-full-20260828T160649Z,script-return-to-lowering-codegen,integration_contract,return_script_agent,return_backend_agent,1,1,0,1,,,,,,,False,False,False,False,False,False,False,0,0,0,,capability_blocked,1:000,1:W:000,"Return statements emitted and round-tripped by TVMScript must be accepted by legality and host/device transforms, migrated away from the legacy intrinsic contract, and emitted as valid C/LLVM terminators."
apache-tvm-20018,serial_specialists,pr-hard-20018-qwen36-full-20260828T160649Z,return-ir-to-script-surface,interface_dependency,return_core_agent,return_script_agent,7,7,0,4,1,3,2,4,4,0,True,True,True,True,False,False,False,1,0,0,1.0,progressive_stable_closure,2:100 > 4:111 > 6:111 > 7:111,1:A:100 > 2:W:100 > 3:A:111 > 4:W:111 > 5:A:111 > 6:W:111 > 7:W:111,"TVMScript construction, parsing, and rendering consume the first-class Return node, its value field, FFI constructor, visitor dispatch, and structural semantics."
apache-tvm-20018,serial_specialists,pr-hard-20018-qwen36-full-20260828T160649Z,script-return-to-lowering-codegen,integration_contract,return_script_agent,return_backend_agent,7,7,0,4,3,5,2,6,6,0,True,True,True,True,False,False,False,1,0,0,1.0,progressive_stable_closure,2:000 > 4:100 > 6:111 > 7:111,1:A:000 > 2:W:000 > 3:A:100 > 4:W:100 > 5:A:111 > 6:W:111 > 7:W:111,"Return statements emitted and round-tripped by TVMScript must be accepted by legality and host/device transforms, migrated away from the legacy intrinsic contract, and emitted as valid C/LLVM terminators."
apache-tvm-20018,async_private,pr-hard-20018-qwen36-full-20260828T160649Z,return-ir-to-script-surface,interface_dependency,return_core_agent,return_script_agent,10,7,3,4,1,3,2,4,4,0,True,True,True,True,False,False,False,1,0,0,1.0,progressive_stable_closure,2:100 > 4:111 > 6:111 > 7:111,1:A:100 > 2:W:100 > 3:A:011 > 4:W:111 > 5:A:000 > 6:W:111 > 7:W:111,"TVMScript construction, parsing, and rendering consume the first-class Return node, its value field, FFI constructor, visitor dispatch, and structural semantics."
apache-tvm-20018,async_private,pr-hard-20018-qwen36-full-20260828T160649Z,script-return-to-lowering-codegen,integration_contract,return_script_agent,return_backend_agent,10,7,3,4,3,,,,,,False,True,False,False,True,False,False,3,0,0,,stranded_producer,2:000 > 4:100 > 6:100 > 7:100,1:A:000 > 2:W:000 > 3:A:100 > 4:W:100 > 5:A:000 > 6:W:100 > 7:W:100,"Return statements emitted and round-tripped by TVMScript must be accepted by legality and host/device transforms, migrated away from the legacy intrinsic contract, and emitted as valid C/LLVM terminators."
apache-tvm-20018,caid_manager,pr-hard-20018-qwen36-caid-isolation-v2-20260829T125649Z,return-ir-to-script-surface,interface_dependency,return_core_agent,return_script_agent,11,11,0,6,5,,,,,,False,True,False,False,True,False,False,3,0,0,,stranded_producer,2:000 > 4:000 > 6:100 > 8:100 > 10:000 > 11:100,1:A:000 > 2:W:000 > 3:A:000 > 4:W:000 > 5:A:100 > 6:W:100 > 7:A:000 > 8:W:100 > 9:A:000 > 10:W:000 > 11:W:100,"TVMScript construction, parsing, and rendering consume the first-class Return node, its value field, FFI constructor, visitor dispatch, and structural semantics."
apache-tvm-20018,caid_manager,pr-hard-20018-qwen36-caid-isolation-v2-20260829T125649Z,script-return-to-lowering-codegen,integration_contract,return_script_agent,return_backend_agent,11,11,0,6,,,,,,,False,False,False,False,False,False,False,0,0,0,,capability_blocked,2:000 > 4:000 > 6:000 > 8:000 > 10:000 > 11:000,1:A:000 > 2:W:000 > 3:A:000 > 4:W:000 > 5:A:000 > 6:W:000 > 7:A:000 > 8:W:000 > 9:A:000 > 10:W:000 > 11:W:000,"Return statements emitted and round-tripped by TVMScript must be accepted by legality and host/device transforms, migrated away from the legacy intrinsic contract, and emitted as valid C/LLVM terminators."
