task,protocol,run_id,dependency_id,step,logical_step,checkpoint_id,checkpoint_type,workspace_kind,agent_id,upstream,downstream,integrated,code
cachetools,single,oh1292_standard100_ddebb7d_r01,cachetools.keys_to_func.untyped_key_contract,1,1,final_integrated,final_integrated,integrated_workspace,,True,True,True,111
cachetools,single,oh1292_standard100_ddebb7d_r01,cachetools.keys_to_func.typed_key_contract,1,1,final_integrated,final_integrated,integrated_workspace,,True,True,True,111
cachetools,single,oh1292_standard100_ddebb7d_r01,cachetools.keys_to_cachedmethod.typed_method_key_contract,1,1,final_integrated,final_integrated,integrated_workspace,,True,True,True,111
cachetools,single,oh1292_standard100_ddebb7d_r01,cachetools.core_to_func.wrapper_metadata_contract,1,1,final_integrated,final_integrated,integrated_workspace,,True,True,True,111
cachetools,single,oh1292_standard100_ddebb7d_r01,cachetools.core_to_func.maxsize_and_lock_contract,1,1,final_integrated,final_integrated,integrated_workspace,,True,True,True,111
cachetools,serial_specialists,oh1292_standard100_ddebb7d_r01,cachetools.keys_to_func.untyped_key_contract,1,1,agent_artifact:key_agent:round1,agent_artifact,agent_workspace,key_agent,True,False,False,100
cachetools,serial_specialists,oh1292_standard100_ddebb7d_r01,cachetools.keys_to_func.untyped_key_contract,2,2,integration_after_merge:key_agent:round1,integration_after_merge,integrated_workspace,key_agent,True,False,False,100
cachetools,serial_specialists,oh1292_standard100_ddebb7d_r01,cachetools.keys_to_func.untyped_key_contract,3,3,agent_artifact:decorator_agent:round1,agent_artifact,agent_workspace,decorator_agent,True,True,True,111
cachetools,serial_specialists,oh1292_standard100_ddebb7d_r01,cachetools.keys_to_func.untyped_key_contract,4,4,integration_after_merge:decorator_agent:round1,integration_after_merge,integrated_workspace,decorator_agent,True,True,True,111
cachetools,serial_specialists,oh1292_standard100_ddebb7d_r01,cachetools.keys_to_func.untyped_key_contract,5,5,final_integrated,final_integrated,integrated_workspace,,True,True,True,111
cachetools,serial_specialists,oh1292_standard100_ddebb7d_r01,cachetools.keys_to_func.typed_key_contract,1,1,agent_artifact:key_agent:round1,agent_artifact,agent_workspace,key_agent,True,False,False,100
cachetools,serial_specialists,oh1292_standard100_ddebb7d_r01,cachetools.keys_to_func.typed_key_contract,2,2,integration_after_merge:key_agent:round1,integration_after_merge,integrated_workspace,key_agent,True,False,False,100
cachetools,serial_specialists,oh1292_standard100_ddebb7d_r01,cachetools.keys_to_func.typed_key_contract,3,3,agent_artifact:decorator_agent:round1,agent_artifact,agent_workspace,decorator_agent,True,True,True,111
cachetools,serial_specialists,oh1292_standard100_ddebb7d_r01,cachetools.keys_to_func.typed_key_contract,4,4,integration_after_merge:decorator_agent:round1,integration_after_merge,integrated_workspace,decorator_agent,True,True,True,111
cachetools,serial_specialists,oh1292_standard100_ddebb7d_r01,cachetools.keys_to_func.typed_key_contract,5,5,final_integrated,final_integrated,integrated_workspace,,True,True,True,111
cachetools,serial_specialists,oh1292_standard100_ddebb7d_r01,cachetools.keys_to_cachedmethod.typed_method_key_contract,1,1,agent_artifact:key_agent:round1,agent_artifact,agent_workspace,key_agent,True,True,True,111
cachetools,serial_specialists,oh1292_standard100_ddebb7d_r01,cachetools.keys_to_cachedmethod.typed_method_key_contract,2,2,integration_after_merge:key_agent:round1,integration_after_merge,integrated_workspace,key_agent,True,True,True,111
cachetools,serial_specialists,oh1292_standard100_ddebb7d_r01,cachetools.keys_to_cachedmethod.typed_method_key_contract,3,3,agent_artifact:decorator_agent:round1,agent_artifact,agent_workspace,decorator_agent,True,True,True,111
cachetools,serial_specialists,oh1292_standard100_ddebb7d_r01,cachetools.keys_to_cachedmethod.typed_method_key_contract,4,4,integration_after_merge:decorator_agent:round1,integration_after_merge,integrated_workspace,decorator_agent,True,True,True,111
cachetools,serial_specialists,oh1292_standard100_ddebb7d_r01,cachetools.keys_to_cachedmethod.typed_method_key_contract,5,5,final_integrated,final_integrated,integrated_workspace,,True,True,True,111
cachetools,serial_specialists,oh1292_standard100_ddebb7d_r01,cachetools.core_to_func.wrapper_metadata_contract,1,1,agent_artifact:key_agent:round1,agent_artifact,agent_workspace,key_agent,True,False,False,100
cachetools,serial_specialists,oh1292_standard100_ddebb7d_r01,cachetools.core_to_func.wrapper_metadata_contract,2,2,integration_after_merge:key_agent:round1,integration_after_merge,integrated_workspace,key_agent,True,False,False,100
cachetools,serial_specialists,oh1292_standard100_ddebb7d_r01,cachetools.core_to_func.wrapper_metadata_contract,3,3,agent_artifact:decorator_agent:round1,agent_artifact,agent_workspace,decorator_agent,True,True,True,111
cachetools,serial_specialists,oh1292_standard100_ddebb7d_r01,cachetools.core_to_func.wrapper_metadata_contract,4,4,integration_after_merge:decorator_agent:round1,integration_after_merge,integrated_workspace,decorator_agent,True,True,True,111
cachetools,serial_specialists,oh1292_standard100_ddebb7d_r01,cachetools.core_to_func.wrapper_metadata_contract,5,5,final_integrated,final_integrated,integrated_workspace,,True,True,True,111
cachetools,serial_specialists,oh1292_standard100_ddebb7d_r01,cachetools.core_to_func.maxsize_and_lock_contract,1,1,agent_artifact:key_agent:round1,agent_artifact,agent_workspace,key_agent,True,False,False,100
cachetools,serial_specialists,oh1292_standard100_ddebb7d_r01,cachetools.core_to_func.maxsize_and_lock_contract,2,2,integration_after_merge:key_agent:round1,integration_after_merge,integrated_workspace,key_agent,True,False,False,100
cachetools,serial_specialists,oh1292_standard100_ddebb7d_r01,cachetools.core_to_func.maxsize_and_lock_contract,3,3,agent_artifact:decorator_agent:round1,agent_artifact,agent_workspace,decorator_agent,True,True,True,111
cachetools,serial_specialists,oh1292_standard100_ddebb7d_r01,cachetools.core_to_func.maxsize_and_lock_contract,4,4,integration_after_merge:decorator_agent:round1,integration_after_merge,integrated_workspace,decorator_agent,True,True,True,111
cachetools,serial_specialists,oh1292_standard100_ddebb7d_r01,cachetools.core_to_func.maxsize_and_lock_contract,5,5,final_integrated,final_integrated,integrated_workspace,,True,True,True,111
cachetools,async_private,oh1292_standard100_ddebb7d_r01,cachetools.keys_to_func.untyped_key_contract,1,1,agent_artifact:key_agent:round1,agent_artifact,agent_workspace,key_agent,True,False,False,100
cachetools,async_private,oh1292_standard100_ddebb7d_r01,cachetools.keys_to_func.untyped_key_contract,2,2,integration_after_merge:key_agent:round1,integration_after_merge,integrated_workspace,key_agent,True,False,False,100
cachetools,async_private,oh1292_standard100_ddebb7d_r01,cachetools.keys_to_func.untyped_key_contract,3,3,agent_artifact:decorator_agent:round1,agent_artifact,agent_workspace,decorator_agent,False,True,False,010
cachetools,async_private,oh1292_standard100_ddebb7d_r01,cachetools.keys_to_func.untyped_key_contract,4,4,integration_after_merge:decorator_agent:round1,integration_after_merge,integrated_workspace,decorator_agent,True,True,True,111
cachetools,async_private,oh1292_standard100_ddebb7d_r01,cachetools.keys_to_func.untyped_key_contract,5,5,final_integrated,final_integrated,integrated_workspace,,True,True,True,111
cachetools,async_private,oh1292_standard100_ddebb7d_r01,cachetools.keys_to_func.typed_key_contract,1,1,agent_artifact:key_agent:round1,agent_artifact,agent_workspace,key_agent,True,False,False,100
cachetools,async_private,oh1292_standard100_ddebb7d_r01,cachetools.keys_to_func.typed_key_contract,2,2,integration_after_merge:key_agent:round1,integration_after_merge,integrated_workspace,key_agent,True,False,False,100
cachetools,async_private,oh1292_standard100_ddebb7d_r01,cachetools.keys_to_func.typed_key_contract,3,3,agent_artifact:decorator_agent:round1,agent_artifact,agent_workspace,decorator_agent,False,False,False,000
cachetools,async_private,oh1292_standard100_ddebb7d_r01,cachetools.keys_to_func.typed_key_contract,4,4,integration_after_merge:decorator_agent:round1,integration_after_merge,integrated_workspace,decorator_agent,True,True,True,111
cachetools,async_private,oh1292_standard100_ddebb7d_r01,cachetools.keys_to_func.typed_key_contract,5,5,final_integrated,final_integrated,integrated_workspace,,True,True,True,111
cachetools,async_private,oh1292_standard100_ddebb7d_r01,cachetools.keys_to_cachedmethod.typed_method_key_contract,1,1,agent_artifact:key_agent:round1,agent_artifact,agent_workspace,key_agent,True,True,True,111
cachetools,async_private,oh1292_standard100_ddebb7d_r01,cachetools.keys_to_cachedmethod.typed_method_key_contract,2,2,integration_after_merge:key_agent:round1,integration_after_merge,integrated_workspace,key_agent,True,True,True,111
cachetools,async_private,oh1292_standard100_ddebb7d_r01,cachetools.keys_to_cachedmethod.typed_method_key_contract,3,3,agent_artifact:decorator_agent:round1,agent_artifact,agent_workspace,decorator_agent,False,False,False,000
cachetools,async_private,oh1292_standard100_ddebb7d_r01,cachetools.keys_to_cachedmethod.typed_method_key_contract,4,4,integration_after_merge:decorator_agent:round1,integration_after_merge,integrated_workspace,decorator_agent,True,True,True,111
cachetools,async_private,oh1292_standard100_ddebb7d_r01,cachetools.keys_to_cachedmethod.typed_method_key_contract,5,5,final_integrated,final_integrated,integrated_workspace,,True,True,True,111
cachetools,async_private,oh1292_standard100_ddebb7d_r01,cachetools.core_to_func.wrapper_metadata_contract,1,1,agent_artifact:key_agent:round1,agent_artifact,agent_workspace,key_agent,True,False,False,100
cachetools,async_private,oh1292_standard100_ddebb7d_r01,cachetools.core_to_func.wrapper_metadata_contract,2,2,integration_after_merge:key_agent:round1,integration_after_merge,integrated_workspace,key_agent,True,False,False,100
cachetools,async_private,oh1292_standard100_ddebb7d_r01,cachetools.core_to_func.wrapper_metadata_contract,3,3,agent_artifact:decorator_agent:round1,agent_artifact,agent_workspace,decorator_agent,True,True,True,111
cachetools,async_private,oh1292_standard100_ddebb7d_r01,cachetools.core_to_func.wrapper_metadata_contract,4,4,integration_after_merge:decorator_agent:round1,integration_after_merge,integrated_workspace,decorator_agent,True,True,True,111
cachetools,async_private,oh1292_standard100_ddebb7d_r01,cachetools.core_to_func.wrapper_metadata_contract,5,5,final_integrated,final_integrated,integrated_workspace,,True,True,True,111
cachetools,async_private,oh1292_standard100_ddebb7d_r01,cachetools.core_to_func.maxsize_and_lock_contract,1,1,agent_artifact:key_agent:round1,agent_artifact,agent_workspace,key_agent,True,False,False,100
cachetools,async_private,oh1292_standard100_ddebb7d_r01,cachetools.core_to_func.maxsize_and_lock_contract,2,2,integration_after_merge:key_agent:round1,integration_after_merge,integrated_workspace,key_agent,True,False,False,100
cachetools,async_private,oh1292_standard100_ddebb7d_r01,cachetools.core_to_func.maxsize_and_lock_contract,3,3,agent_artifact:decorator_agent:round1,agent_artifact,agent_workspace,decorator_agent,True,False,False,100
cachetools,async_private,oh1292_standard100_ddebb7d_r01,cachetools.core_to_func.maxsize_and_lock_contract,4,4,integration_after_merge:decorator_agent:round1,integration_after_merge,integrated_workspace,decorator_agent,True,True,True,111
cachetools,async_private,oh1292_standard100_ddebb7d_r01,cachetools.core_to_func.maxsize_and_lock_contract,5,5,final_integrated,final_integrated,integrated_workspace,,True,True,True,111
cachetools,caid_manager,oh1292_standard100_ddebb7d_r01,cachetools.keys_to_func.untyped_key_contract,1,1,agent_artifact:engineer_1:round1,agent_artifact,agent_workspace,engineer_1,True,False,False,100
cachetools,caid_manager,oh1292_standard100_ddebb7d_r01,cachetools.keys_to_func.untyped_key_contract,2,2,integration_after_merge:engineer_1:round1,integration_after_merge,integrated_workspace,engineer_1,True,False,False,100
cachetools,caid_manager,oh1292_standard100_ddebb7d_r01,cachetools.keys_to_func.untyped_key_contract,3,3,agent_artifact:engineer_2:round1,agent_artifact,agent_workspace,engineer_2,False,True,False,010
cachetools,caid_manager,oh1292_standard100_ddebb7d_r01,cachetools.keys_to_func.untyped_key_contract,4,4,integration_after_merge:engineer_2:round1,integration_after_merge,integrated_workspace,engineer_2,True,True,True,111
cachetools,caid_manager,oh1292_standard100_ddebb7d_r01,cachetools.keys_to_func.untyped_key_contract,5,5,final_integrated,final_integrated,integrated_workspace,,True,True,True,111
cachetools,caid_manager,oh1292_standard100_ddebb7d_r01,cachetools.keys_to_func.typed_key_contract,1,1,agent_artifact:engineer_1:round1,agent_artifact,agent_workspace,engineer_1,True,False,False,100
cachetools,caid_manager,oh1292_standard100_ddebb7d_r01,cachetools.keys_to_func.typed_key_contract,2,2,integration_after_merge:engineer_1:round1,integration_after_merge,integrated_workspace,engineer_1,True,False,False,100
cachetools,caid_manager,oh1292_standard100_ddebb7d_r01,cachetools.keys_to_func.typed_key_contract,3,3,agent_artifact:engineer_2:round1,agent_artifact,agent_workspace,engineer_2,False,True,False,010
cachetools,caid_manager,oh1292_standard100_ddebb7d_r01,cachetools.keys_to_func.typed_key_contract,4,4,integration_after_merge:engineer_2:round1,integration_after_merge,integrated_workspace,engineer_2,True,True,True,111
cachetools,caid_manager,oh1292_standard100_ddebb7d_r01,cachetools.keys_to_func.typed_key_contract,5,5,final_integrated,final_integrated,integrated_workspace,,True,True,True,111
cachetools,caid_manager,oh1292_standard100_ddebb7d_r01,cachetools.keys_to_cachedmethod.typed_method_key_contract,1,1,agent_artifact:engineer_1:round1,agent_artifact,agent_workspace,engineer_1,True,True,True,111
cachetools,caid_manager,oh1292_standard100_ddebb7d_r01,cachetools.keys_to_cachedmethod.typed_method_key_contract,2,2,integration_after_merge:engineer_1:round1,integration_after_merge,integrated_workspace,engineer_1,True,True,True,111
cachetools,caid_manager,oh1292_standard100_ddebb7d_r01,cachetools.keys_to_cachedmethod.typed_method_key_contract,3,3,agent_artifact:engineer_2:round1,agent_artifact,agent_workspace,engineer_2,False,False,False,000
cachetools,caid_manager,oh1292_standard100_ddebb7d_r01,cachetools.keys_to_cachedmethod.typed_method_key_contract,4,4,integration_after_merge:engineer_2:round1,integration_after_merge,integrated_workspace,engineer_2,True,True,True,111
cachetools,caid_manager,oh1292_standard100_ddebb7d_r01,cachetools.keys_to_cachedmethod.typed_method_key_contract,5,5,final_integrated,final_integrated,integrated_workspace,,True,True,True,111
cachetools,caid_manager,oh1292_standard100_ddebb7d_r01,cachetools.core_to_func.wrapper_metadata_contract,1,1,agent_artifact:engineer_1:round1,agent_artifact,agent_workspace,engineer_1,True,False,False,100
cachetools,caid_manager,oh1292_standard100_ddebb7d_r01,cachetools.core_to_func.wrapper_metadata_contract,2,2,integration_after_merge:engineer_1:round1,integration_after_merge,integrated_workspace,engineer_1,True,False,False,100
cachetools,caid_manager,oh1292_standard100_ddebb7d_r01,cachetools.core_to_func.wrapper_metadata_contract,3,3,agent_artifact:engineer_2:round1,agent_artifact,agent_workspace,engineer_2,True,True,True,111
cachetools,caid_manager,oh1292_standard100_ddebb7d_r01,cachetools.core_to_func.wrapper_metadata_contract,4,4,integration_after_merge:engineer_2:round1,integration_after_merge,integrated_workspace,engineer_2,True,True,True,111
cachetools,caid_manager,oh1292_standard100_ddebb7d_r01,cachetools.core_to_func.wrapper_metadata_contract,5,5,final_integrated,final_integrated,integrated_workspace,,True,True,True,111
cachetools,caid_manager,oh1292_standard100_ddebb7d_r01,cachetools.core_to_func.maxsize_and_lock_contract,1,1,agent_artifact:engineer_1:round1,agent_artifact,agent_workspace,engineer_1,True,False,False,100
cachetools,caid_manager,oh1292_standard100_ddebb7d_r01,cachetools.core_to_func.maxsize_and_lock_contract,2,2,integration_after_merge:engineer_1:round1,integration_after_merge,integrated_workspace,engineer_1,True,False,False,100
cachetools,caid_manager,oh1292_standard100_ddebb7d_r01,cachetools.core_to_func.maxsize_and_lock_contract,3,3,agent_artifact:engineer_2:round1,agent_artifact,agent_workspace,engineer_2,True,True,True,111
cachetools,caid_manager,oh1292_standard100_ddebb7d_r01,cachetools.core_to_func.maxsize_and_lock_contract,4,4,integration_after_merge:engineer_2:round1,integration_after_merge,integrated_workspace,engineer_2,True,True,True,111
cachetools,caid_manager,oh1292_standard100_ddebb7d_r01,cachetools.core_to_func.maxsize_and_lock_contract,5,5,final_integrated,final_integrated,integrated_workspace,,True,True,True,111
deprecated,single,oh1292_standard100_3d110b2_r01,deprecated.classic_to_sphinx.warning_message_contract,1,1,final_integrated,final_integrated,integrated_workspace,,True,True,True,111
deprecated,single,oh1292_standard100_3d110b2_r01,deprecated.classic_to_sphinx.class_identity_contract,1,1,final_integrated,final_integrated,integrated_workspace,,True,True,True,111
deprecated,single,oh1292_standard100_3d110b2_r01,deprecated.sphinx_to_integration.docstring_reference_contract,1,1,final_integrated,final_integrated,integrated_workspace,,True,True,True,111
deprecated,serial_specialists,oh1292_standard100_3d110b2_r01,deprecated.classic_to_sphinx.warning_message_contract,1,1,agent_artifact:classic_agent:round1,agent_artifact,agent_workspace,classic_agent,True,False,False,100
deprecated,serial_specialists,oh1292_standard100_3d110b2_r01,deprecated.classic_to_sphinx.warning_message_contract,2,2,integration_after_merge:classic_agent:round1,integration_after_merge,integrated_workspace,classic_agent,True,False,False,100
deprecated,serial_specialists,oh1292_standard100_3d110b2_r01,deprecated.classic_to_sphinx.warning_message_contract,3,3,agent_artifact:sphinx_agent:round1,agent_artifact,agent_workspace,sphinx_agent,True,True,True,111
deprecated,serial_specialists,oh1292_standard100_3d110b2_r01,deprecated.classic_to_sphinx.warning_message_contract,4,4,integration_after_merge:sphinx_agent:round1,integration_after_merge,integrated_workspace,sphinx_agent,True,True,True,111
deprecated,serial_specialists,oh1292_standard100_3d110b2_r01,deprecated.classic_to_sphinx.warning_message_contract,5,5,final_integrated,final_integrated,integrated_workspace,,True,True,True,111
deprecated,serial_specialists,oh1292_standard100_3d110b2_r01,deprecated.classic_to_sphinx.class_identity_contract,1,1,agent_artifact:classic_agent:round1,agent_artifact,agent_workspace,classic_agent,True,False,False,100
deprecated,serial_specialists,oh1292_standard100_3d110b2_r01,deprecated.classic_to_sphinx.class_identity_contract,2,2,integration_after_merge:classic_agent:round1,integration_after_merge,integrated_workspace,classic_agent,True,False,False,100
deprecated,serial_specialists,oh1292_standard100_3d110b2_r01,deprecated.classic_to_sphinx.class_identity_contract,3,3,agent_artifact:sphinx_agent:round1,agent_artifact,agent_workspace,sphinx_agent,True,True,True,111
deprecated,serial_specialists,oh1292_standard100_3d110b2_r01,deprecated.classic_to_sphinx.class_identity_contract,4,4,integration_after_merge:sphinx_agent:round1,integration_after_merge,integrated_workspace,sphinx_agent,True,True,True,111
deprecated,serial_specialists,oh1292_standard100_3d110b2_r01,deprecated.classic_to_sphinx.class_identity_contract,5,5,final_integrated,final_integrated,integrated_workspace,,True,True,True,111
deprecated,serial_specialists,oh1292_standard100_3d110b2_r01,deprecated.sphinx_to_integration.docstring_reference_contract,1,1,agent_artifact:classic_agent:round1,agent_artifact,agent_workspace,classic_agent,False,False,False,000
deprecated,serial_specialists,oh1292_standard100_3d110b2_r01,deprecated.sphinx_to_integration.docstring_reference_contract,2,2,integration_after_merge:classic_agent:round1,integration_after_merge,integrated_workspace,classic_agent,False,False,False,000
deprecated,serial_specialists,oh1292_standard100_3d110b2_r01,deprecated.sphinx_to_integration.docstring_reference_contract,3,3,agent_artifact:sphinx_agent:round1,agent_artifact,agent_workspace,sphinx_agent,True,True,True,111
deprecated,serial_specialists,oh1292_standard100_3d110b2_r01,deprecated.sphinx_to_integration.docstring_reference_contract,4,4,integration_after_merge:sphinx_agent:round1,integration_after_merge,integrated_workspace,sphinx_agent,True,True,True,111
deprecated,serial_specialists,oh1292_standard100_3d110b2_r01,deprecated.sphinx_to_integration.docstring_reference_contract,5,5,final_integrated,final_integrated,integrated_workspace,,True,True,True,111
deprecated,async_private,oh1292_standard100_3d110b2_r01,deprecated.classic_to_sphinx.warning_message_contract,1,1,agent_artifact:classic_agent:round1,agent_artifact,agent_workspace,classic_agent,True,True,True,111
deprecated,async_private,oh1292_standard100_3d110b2_r01,deprecated.classic_to_sphinx.warning_message_contract,2,2,integration_after_merge:classic_agent:round1,integration_after_merge,integrated_workspace,classic_agent,False,False,False,000
deprecated,async_private,oh1292_standard100_3d110b2_r01,deprecated.classic_to_sphinx.warning_message_contract,3,3,agent_artifact:sphinx_agent:round1,agent_artifact,agent_workspace,sphinx_agent,False,True,False,010
deprecated,async_private,oh1292_standard100_3d110b2_r01,deprecated.classic_to_sphinx.warning_message_contract,4,4,integration_after_merge:sphinx_agent:round1,integration_after_merge,integrated_workspace,sphinx_agent,False,True,False,010
deprecated,async_private,oh1292_standard100_3d110b2_r01,deprecated.classic_to_sphinx.warning_message_contract,5,5,final_integrated,final_integrated,integrated_workspace,,False,True,False,010
deprecated,async_private,oh1292_standard100_3d110b2_r01,deprecated.classic_to_sphinx.class_identity_contract,1,1,agent_artifact:classic_agent:round1,agent_artifact,agent_workspace,classic_agent,True,True,True,111
deprecated,async_private,oh1292_standard100_3d110b2_r01,deprecated.classic_to_sphinx.class_identity_contract,2,2,integration_after_merge:classic_agent:round1,integration_after_merge,integrated_workspace,classic_agent,False,False,False,000
deprecated,async_private,oh1292_standard100_3d110b2_r01,deprecated.classic_to_sphinx.class_identity_contract,3,3,agent_artifact:sphinx_agent:round1,agent_artifact,agent_workspace,sphinx_agent,False,True,False,010
deprecated,async_private,oh1292_standard100_3d110b2_r01,deprecated.classic_to_sphinx.class_identity_contract,4,4,integration_after_merge:sphinx_agent:round1,integration_after_merge,integrated_workspace,sphinx_agent,False,True,False,010
deprecated,async_private,oh1292_standard100_3d110b2_r01,deprecated.classic_to_sphinx.class_identity_contract,5,5,final_integrated,final_integrated,integrated_workspace,,False,True,False,010
deprecated,async_private,oh1292_standard100_3d110b2_r01,deprecated.sphinx_to_integration.docstring_reference_contract,1,1,agent_artifact:classic_agent:round1,agent_artifact,agent_workspace,classic_agent,True,True,True,111
deprecated,async_private,oh1292_standard100_3d110b2_r01,deprecated.sphinx_to_integration.docstring_reference_contract,2,2,integration_after_merge:classic_agent:round1,integration_after_merge,integrated_workspace,classic_agent,False,False,False,000
deprecated,async_private,oh1292_standard100_3d110b2_r01,deprecated.sphinx_to_integration.docstring_reference_contract,3,3,agent_artifact:sphinx_agent:round1,agent_artifact,agent_workspace,sphinx_agent,True,True,True,111
deprecated,async_private,oh1292_standard100_3d110b2_r01,deprecated.sphinx_to_integration.docstring_reference_contract,4,4,integration_after_merge:sphinx_agent:round1,integration_after_merge,integrated_workspace,sphinx_agent,True,True,True,111
deprecated,async_private,oh1292_standard100_3d110b2_r01,deprecated.sphinx_to_integration.docstring_reference_contract,5,5,final_integrated,final_integrated,integrated_workspace,,True,True,True,111
deprecated,caid_manager,oh1292_standard100_3d110b2_r01,deprecated.classic_to_sphinx.warning_message_contract,1,1,agent_artifact:classic_agent:round1,agent_artifact,agent_workspace,classic_agent,True,False,False,100
deprecated,caid_manager,oh1292_standard100_3d110b2_r01,deprecated.classic_to_sphinx.warning_message_contract,2,2,integration_after_merge:classic_agent:round1,integration_after_merge,integrated_workspace,classic_agent,True,False,False,100
deprecated,caid_manager,oh1292_standard100_3d110b2_r01,deprecated.classic_to_sphinx.warning_message_contract,3,3,agent_artifact:sphinx_agent:round1,agent_artifact,agent_workspace,sphinx_agent,False,True,False,010
deprecated,caid_manager,oh1292_standard100_3d110b2_r01,deprecated.classic_to_sphinx.warning_message_contract,4,4,integration_after_merge:sphinx_agent:round1,integration_after_merge,integrated_workspace,sphinx_agent,True,True,True,111
deprecated,caid_manager,oh1292_standard100_3d110b2_r01,deprecated.classic_to_sphinx.warning_message_contract,5,5,final_integrated,final_integrated,integrated_workspace,,True,True,True,111
deprecated,caid_manager,oh1292_standard100_3d110b2_r01,deprecated.classic_to_sphinx.class_identity_contract,1,1,agent_artifact:classic_agent:round1,agent_artifact,agent_workspace,classic_agent,True,False,False,100
deprecated,caid_manager,oh1292_standard100_3d110b2_r01,deprecated.classic_to_sphinx.class_identity_contract,2,2,integration_after_merge:classic_agent:round1,integration_after_merge,integrated_workspace,classic_agent,True,False,False,100
deprecated,caid_manager,oh1292_standard100_3d110b2_r01,deprecated.classic_to_sphinx.class_identity_contract,3,3,agent_artifact:sphinx_agent:round1,agent_artifact,agent_workspace,sphinx_agent,False,True,False,010
deprecated,caid_manager,oh1292_standard100_3d110b2_r01,deprecated.classic_to_sphinx.class_identity_contract,4,4,integration_after_merge:sphinx_agent:round1,integration_after_merge,integrated_workspace,sphinx_agent,True,True,True,111
deprecated,caid_manager,oh1292_standard100_3d110b2_r01,deprecated.classic_to_sphinx.class_identity_contract,5,5,final_integrated,final_integrated,integrated_workspace,,True,True,True,111
deprecated,caid_manager,oh1292_standard100_3d110b2_r01,deprecated.sphinx_to_integration.docstring_reference_contract,1,1,agent_artifact:classic_agent:round1,agent_artifact,agent_workspace,classic_agent,False,False,False,000
deprecated,caid_manager,oh1292_standard100_3d110b2_r01,deprecated.sphinx_to_integration.docstring_reference_contract,2,2,integration_after_merge:classic_agent:round1,integration_after_merge,integrated_workspace,classic_agent,False,False,False,000
deprecated,caid_manager,oh1292_standard100_3d110b2_r01,deprecated.sphinx_to_integration.docstring_reference_contract,3,3,agent_artifact:sphinx_agent:round1,agent_artifact,agent_workspace,sphinx_agent,True,True,True,111
deprecated,caid_manager,oh1292_standard100_3d110b2_r01,deprecated.sphinx_to_integration.docstring_reference_contract,4,4,integration_after_merge:sphinx_agent:round1,integration_after_merge,integrated_workspace,sphinx_agent,True,True,True,111
deprecated,caid_manager,oh1292_standard100_3d110b2_r01,deprecated.sphinx_to_integration.docstring_reference_contract,5,5,final_integrated,final_integrated,integrated_workspace,,True,True,True,111
portalocker,single,oh1292_standard100_endpointfix_3d110b2_r05,portalocker.backend_to_utilities.exception_timeout_contract,1,1,final_integrated,final_integrated,integrated_workspace,,True,True,True,111
portalocker,single,oh1292_standard100_endpointfix_3d110b2_r05,portalocker.backend_to_utilities.flags_fileno_contract,1,1,final_integrated,final_integrated,integrated_workspace,,True,True,True,111
portalocker,single,oh1292_standard100_endpointfix_3d110b2_r05,portalocker.utilities_to_integration.lifecycle_contract,1,1,final_integrated,final_integrated,integrated_workspace,,True,True,True,111
portalocker,serial_specialists,oh1292_standard100_endpointfix_3d110b2_r05,portalocker.backend_to_utilities.exception_timeout_contract,1,1,agent_artifact:backend_agent:round1,agent_artifact,agent_workspace,backend_agent,True,False,False,100
portalocker,serial_specialists,oh1292_standard100_endpointfix_3d110b2_r05,portalocker.backend_to_utilities.exception_timeout_contract,2,2,integration_after_merge:backend_agent:round1,integration_after_merge,integrated_workspace,backend_agent,True,False,False,100
portalocker,serial_specialists,oh1292_standard100_endpointfix_3d110b2_r05,portalocker.backend_to_utilities.exception_timeout_contract,3,3,agent_artifact:utilities_agent:round1,agent_artifact,agent_workspace,utilities_agent,True,True,True,111
portalocker,serial_specialists,oh1292_standard100_endpointfix_3d110b2_r05,portalocker.backend_to_utilities.exception_timeout_contract,4,4,integration_after_merge:utilities_agent:round1,integration_after_merge,integrated_workspace,utilities_agent,True,True,True,111
portalocker,serial_specialists,oh1292_standard100_endpointfix_3d110b2_r05,portalocker.backend_to_utilities.exception_timeout_contract,5,5,final_integrated,final_integrated,integrated_workspace,,True,True,True,111
portalocker,serial_specialists,oh1292_standard100_endpointfix_3d110b2_r05,portalocker.backend_to_utilities.flags_fileno_contract,1,1,agent_artifact:backend_agent:round1,agent_artifact,agent_workspace,backend_agent,True,False,False,100
portalocker,serial_specialists,oh1292_standard100_endpointfix_3d110b2_r05,portalocker.backend_to_utilities.flags_fileno_contract,2,2,integration_after_merge:backend_agent:round1,integration_after_merge,integrated_workspace,backend_agent,True,False,False,100
portalocker,serial_specialists,oh1292_standard100_endpointfix_3d110b2_r05,portalocker.backend_to_utilities.flags_fileno_contract,3,3,agent_artifact:utilities_agent:round1,agent_artifact,agent_workspace,utilities_agent,True,True,True,111
portalocker,serial_specialists,oh1292_standard100_endpointfix_3d110b2_r05,portalocker.backend_to_utilities.flags_fileno_contract,4,4,integration_after_merge:utilities_agent:round1,integration_after_merge,integrated_workspace,utilities_agent,True,True,True,111
portalocker,serial_specialists,oh1292_standard100_endpointfix_3d110b2_r05,portalocker.backend_to_utilities.flags_fileno_contract,5,5,final_integrated,final_integrated,integrated_workspace,,True,True,True,111
portalocker,serial_specialists,oh1292_standard100_endpointfix_3d110b2_r05,portalocker.utilities_to_integration.lifecycle_contract,1,1,agent_artifact:backend_agent:round1,agent_artifact,agent_workspace,backend_agent,False,False,False,000
portalocker,serial_specialists,oh1292_standard100_endpointfix_3d110b2_r05,portalocker.utilities_to_integration.lifecycle_contract,2,2,integration_after_merge:backend_agent:round1,integration_after_merge,integrated_workspace,backend_agent,False,False,False,000
portalocker,serial_specialists,oh1292_standard100_endpointfix_3d110b2_r05,portalocker.utilities_to_integration.lifecycle_contract,3,3,agent_artifact:utilities_agent:round1,agent_artifact,agent_workspace,utilities_agent,True,False,False,100
portalocker,serial_specialists,oh1292_standard100_endpointfix_3d110b2_r05,portalocker.utilities_to_integration.lifecycle_contract,4,4,integration_after_merge:utilities_agent:round1,integration_after_merge,integrated_workspace,utilities_agent,True,False,False,100
portalocker,serial_specialists,oh1292_standard100_endpointfix_3d110b2_r05,portalocker.utilities_to_integration.lifecycle_contract,5,5,final_integrated,final_integrated,integrated_workspace,,True,False,False,100
portalocker,async_private,oh1292_standard100_endpointfix_3d110b2_r05,portalocker.backend_to_utilities.exception_timeout_contract,1,1,agent_artifact:backend_agent:round1,agent_artifact,agent_workspace,backend_agent,True,True,True,111
portalocker,async_private,oh1292_standard100_endpointfix_3d110b2_r05,portalocker.backend_to_utilities.exception_timeout_contract,2,2,integration_after_merge:backend_agent:round1,integration_after_merge,integrated_workspace,backend_agent,False,False,False,000
portalocker,async_private,oh1292_standard100_endpointfix_3d110b2_r05,portalocker.backend_to_utilities.exception_timeout_contract,3,3,agent_artifact:utilities_agent:round1,agent_artifact,agent_workspace,utilities_agent,True,True,True,111
portalocker,async_private,oh1292_standard100_endpointfix_3d110b2_r05,portalocker.backend_to_utilities.exception_timeout_contract,4,4,integration_after_merge:utilities_agent:round1,integration_after_merge,integrated_workspace,utilities_agent,False,False,False,000
portalocker,async_private,oh1292_standard100_endpointfix_3d110b2_r05,portalocker.backend_to_utilities.exception_timeout_contract,5,5,final_integrated,final_integrated,integrated_workspace,,False,False,False,000
portalocker,async_private,oh1292_standard100_endpointfix_3d110b2_r05,portalocker.backend_to_utilities.flags_fileno_contract,1,1,agent_artifact:backend_agent:round1,agent_artifact,agent_workspace,backend_agent,True,True,True,111
portalocker,async_private,oh1292_standard100_endpointfix_3d110b2_r05,portalocker.backend_to_utilities.flags_fileno_contract,2,2,integration_after_merge:backend_agent:round1,integration_after_merge,integrated_workspace,backend_agent,False,False,False,000
portalocker,async_private,oh1292_standard100_endpointfix_3d110b2_r05,portalocker.backend_to_utilities.flags_fileno_contract,3,3,agent_artifact:utilities_agent:round1,agent_artifact,agent_workspace,utilities_agent,True,True,True,111
portalocker,async_private,oh1292_standard100_endpointfix_3d110b2_r05,portalocker.backend_to_utilities.flags_fileno_contract,4,4,integration_after_merge:utilities_agent:round1,integration_after_merge,integrated_workspace,utilities_agent,False,False,False,000
portalocker,async_private,oh1292_standard100_endpointfix_3d110b2_r05,portalocker.backend_to_utilities.flags_fileno_contract,5,5,final_integrated,final_integrated,integrated_workspace,,False,False,False,000
portalocker,async_private,oh1292_standard100_endpointfix_3d110b2_r05,portalocker.utilities_to_integration.lifecycle_contract,1,1,agent_artifact:backend_agent:round1,agent_artifact,agent_workspace,backend_agent,True,False,False,100
portalocker,async_private,oh1292_standard100_endpointfix_3d110b2_r05,portalocker.utilities_to_integration.lifecycle_contract,2,2,integration_after_merge:backend_agent:round1,integration_after_merge,integrated_workspace,backend_agent,False,False,False,000
portalocker,async_private,oh1292_standard100_endpointfix_3d110b2_r05,portalocker.utilities_to_integration.lifecycle_contract,3,3,agent_artifact:utilities_agent:round1,agent_artifact,agent_workspace,utilities_agent,True,False,False,100
portalocker,async_private,oh1292_standard100_endpointfix_3d110b2_r05,portalocker.utilities_to_integration.lifecycle_contract,4,4,integration_after_merge:utilities_agent:round1,integration_after_merge,integrated_workspace,utilities_agent,False,False,False,000
portalocker,async_private,oh1292_standard100_endpointfix_3d110b2_r05,portalocker.utilities_to_integration.lifecycle_contract,5,5,final_integrated,final_integrated,integrated_workspace,,False,False,False,000
portalocker,caid_manager,oh1292_standard100_endpointfix_3d110b2_r05,portalocker.backend_to_utilities.exception_timeout_contract,1,1,agent_artifact:engineer_1:round1,agent_artifact,agent_workspace,engineer_1,True,False,False,100
portalocker,caid_manager,oh1292_standard100_endpointfix_3d110b2_r05,portalocker.backend_to_utilities.exception_timeout_contract,2,2,integration_after_merge:engineer_1:round1,integration_after_merge,integrated_workspace,engineer_1,True,False,False,100
portalocker,caid_manager,oh1292_standard100_endpointfix_3d110b2_r05,portalocker.backend_to_utilities.exception_timeout_contract,3,3,agent_artifact:engineer_2:round1,agent_artifact,agent_workspace,engineer_2,True,True,True,111
portalocker,caid_manager,oh1292_standard100_endpointfix_3d110b2_r05,portalocker.backend_to_utilities.exception_timeout_contract,4,4,integration_after_merge:engineer_2:round1,integration_after_merge,integrated_workspace,engineer_2,True,False,False,100
portalocker,caid_manager,oh1292_standard100_endpointfix_3d110b2_r05,portalocker.backend_to_utilities.exception_timeout_contract,5,5,agent_artifact:engineer_2:round2,agent_artifact,agent_workspace,engineer_2,True,True,True,111
portalocker,caid_manager,oh1292_standard100_endpointfix_3d110b2_r05,portalocker.backend_to_utilities.exception_timeout_contract,6,6,integration_after_merge:engineer_2:round2,integration_after_merge,integrated_workspace,engineer_2,True,False,False,100
portalocker,caid_manager,oh1292_standard100_endpointfix_3d110b2_r05,portalocker.backend_to_utilities.exception_timeout_contract,7,7,final_integrated,final_integrated,integrated_workspace,,True,True,True,111
portalocker,caid_manager,oh1292_standard100_endpointfix_3d110b2_r05,portalocker.backend_to_utilities.flags_fileno_contract,1,1,agent_artifact:engineer_1:round1,agent_artifact,agent_workspace,engineer_1,True,False,False,100
portalocker,caid_manager,oh1292_standard100_endpointfix_3d110b2_r05,portalocker.backend_to_utilities.flags_fileno_contract,2,2,integration_after_merge:engineer_1:round1,integration_after_merge,integrated_workspace,engineer_1,True,False,False,100
portalocker,caid_manager,oh1292_standard100_endpointfix_3d110b2_r05,portalocker.backend_to_utilities.flags_fileno_contract,3,3,agent_artifact:engineer_2:round1,agent_artifact,agent_workspace,engineer_2,True,True,True,111
portalocker,caid_manager,oh1292_standard100_endpointfix_3d110b2_r05,portalocker.backend_to_utilities.flags_fileno_contract,4,4,integration_after_merge:engineer_2:round1,integration_after_merge,integrated_workspace,engineer_2,True,False,False,100
portalocker,caid_manager,oh1292_standard100_endpointfix_3d110b2_r05,portalocker.backend_to_utilities.flags_fileno_contract,5,5,agent_artifact:engineer_2:round2,agent_artifact,agent_workspace,engineer_2,True,True,True,111
portalocker,caid_manager,oh1292_standard100_endpointfix_3d110b2_r05,portalocker.backend_to_utilities.flags_fileno_contract,6,6,integration_after_merge:engineer_2:round2,integration_after_merge,integrated_workspace,engineer_2,True,False,False,100
portalocker,caid_manager,oh1292_standard100_endpointfix_3d110b2_r05,portalocker.backend_to_utilities.flags_fileno_contract,7,7,final_integrated,final_integrated,integrated_workspace,,True,True,True,111
portalocker,caid_manager,oh1292_standard100_endpointfix_3d110b2_r05,portalocker.utilities_to_integration.lifecycle_contract,1,1,agent_artifact:engineer_1:round1,agent_artifact,agent_workspace,engineer_1,False,False,False,000
portalocker,caid_manager,oh1292_standard100_endpointfix_3d110b2_r05,portalocker.utilities_to_integration.lifecycle_contract,2,2,integration_after_merge:engineer_1:round1,integration_after_merge,integrated_workspace,engineer_1,False,False,False,000
portalocker,caid_manager,oh1292_standard100_endpointfix_3d110b2_r05,portalocker.utilities_to_integration.lifecycle_contract,3,3,agent_artifact:engineer_2:round1,agent_artifact,agent_workspace,engineer_2,True,False,False,100
portalocker,caid_manager,oh1292_standard100_endpointfix_3d110b2_r05,portalocker.utilities_to_integration.lifecycle_contract,4,4,integration_after_merge:engineer_2:round1,integration_after_merge,integrated_workspace,engineer_2,False,False,False,000
portalocker,caid_manager,oh1292_standard100_endpointfix_3d110b2_r05,portalocker.utilities_to_integration.lifecycle_contract,5,5,agent_artifact:engineer_2:round2,agent_artifact,agent_workspace,engineer_2,True,False,False,100
portalocker,caid_manager,oh1292_standard100_endpointfix_3d110b2_r05,portalocker.utilities_to_integration.lifecycle_contract,6,6,integration_after_merge:engineer_2:round2,integration_after_merge,integrated_workspace,engineer_2,False,False,False,000
portalocker,caid_manager,oh1292_standard100_endpointfix_3d110b2_r05,portalocker.utilities_to_integration.lifecycle_contract,7,7,final_integrated,final_integrated,integrated_workspace,,True,True,True,111
tinydb,single,oh1292_standard100_endpointfix_3d110b2_r05,tinydb.query_to_table.search_cache_contract,1,1,final_integrated,final_integrated,integrated_workspace,,True,True,True,111
tinydb,single,oh1292_standard100_endpointfix_3d110b2_r05,tinydb.operations_to_table.update_transform_contract,1,1,final_integrated,final_integrated,integrated_workspace,,True,True,True,111
tinydb,single,oh1292_standard100_endpointfix_3d110b2_r05,tinydb.state_stack.shared_mapping_contract,1,1,final_integrated,final_integrated,integrated_workspace,,True,True,True,111
tinydb,serial_specialists,oh1292_standard100_endpointfix_3d110b2_r05,tinydb.query_to_table.search_cache_contract,1,1,agent_artifact:query_agent:round1,agent_artifact,agent_workspace,query_agent,True,False,False,100
tinydb,serial_specialists,oh1292_standard100_endpointfix_3d110b2_r05,tinydb.query_to_table.search_cache_contract,2,2,integration_after_merge:query_agent:round1,integration_after_merge,integrated_workspace,query_agent,True,False,False,100
tinydb,serial_specialists,oh1292_standard100_endpointfix_3d110b2_r05,tinydb.query_to_table.search_cache_contract,3,3,agent_artifact:state_agent:round1,agent_artifact,agent_workspace,state_agent,True,True,True,111
tinydb,serial_specialists,oh1292_standard100_endpointfix_3d110b2_r05,tinydb.query_to_table.search_cache_contract,4,4,integration_after_merge:state_agent:round1,integration_after_merge,integrated_workspace,state_agent,True,True,True,111
tinydb,serial_specialists,oh1292_standard100_endpointfix_3d110b2_r05,tinydb.query_to_table.search_cache_contract,5,5,final_integrated,final_integrated,integrated_workspace,,True,True,True,111
tinydb,serial_specialists,oh1292_standard100_endpointfix_3d110b2_r05,tinydb.operations_to_table.update_transform_contract,1,1,agent_artifact:query_agent:round1,agent_artifact,agent_workspace,query_agent,False,False,False,000
tinydb,serial_specialists,oh1292_standard100_endpointfix_3d110b2_r05,tinydb.operations_to_table.update_transform_contract,2,2,integration_after_merge:query_agent:round1,integration_after_merge,integrated_workspace,query_agent,False,False,False,000
tinydb,serial_specialists,oh1292_standard100_endpointfix_3d110b2_r05,tinydb.operations_to_table.update_transform_contract,3,3,agent_artifact:state_agent:round1,agent_artifact,agent_workspace,state_agent,True,True,True,111
tinydb,serial_specialists,oh1292_standard100_endpointfix_3d110b2_r05,tinydb.operations_to_table.update_transform_contract,4,4,integration_after_merge:state_agent:round1,integration_after_merge,integrated_workspace,state_agent,True,True,True,111
tinydb,serial_specialists,oh1292_standard100_endpointfix_3d110b2_r05,tinydb.operations_to_table.update_transform_contract,5,5,final_integrated,final_integrated,integrated_workspace,,True,True,True,111
tinydb,serial_specialists,oh1292_standard100_endpointfix_3d110b2_r05,tinydb.state_stack.shared_mapping_contract,1,1,agent_artifact:query_agent:round1,agent_artifact,agent_workspace,query_agent,False,False,False,000
tinydb,serial_specialists,oh1292_standard100_endpointfix_3d110b2_r05,tinydb.state_stack.shared_mapping_contract,2,2,integration_after_merge:query_agent:round1,integration_after_merge,integrated_workspace,query_agent,False,False,False,000
tinydb,serial_specialists,oh1292_standard100_endpointfix_3d110b2_r05,tinydb.state_stack.shared_mapping_contract,3,3,agent_artifact:state_agent:round1,agent_artifact,agent_workspace,state_agent,True,True,True,111
tinydb,serial_specialists,oh1292_standard100_endpointfix_3d110b2_r05,tinydb.state_stack.shared_mapping_contract,4,4,integration_after_merge:state_agent:round1,integration_after_merge,integrated_workspace,state_agent,True,True,True,111
tinydb,serial_specialists,oh1292_standard100_endpointfix_3d110b2_r05,tinydb.state_stack.shared_mapping_contract,5,5,final_integrated,final_integrated,integrated_workspace,,True,True,True,111
tinydb,async_private,oh1292_standard100_endpointfix_3d110b2_r05,tinydb.query_to_table.search_cache_contract,1,1,agent_artifact:query_agent:round1,agent_artifact,agent_workspace,query_agent,True,False,False,100
tinydb,async_private,oh1292_standard100_endpointfix_3d110b2_r05,tinydb.query_to_table.search_cache_contract,2,2,integration_after_merge:query_agent:round1,integration_after_merge,integrated_workspace,query_agent,True,False,False,100
tinydb,async_private,oh1292_standard100_endpointfix_3d110b2_r05,tinydb.query_to_table.search_cache_contract,3,3,agent_artifact:state_agent:round1,agent_artifact,agent_workspace,state_agent,True,True,True,111
tinydb,async_private,oh1292_standard100_endpointfix_3d110b2_r05,tinydb.query_to_table.search_cache_contract,4,4,integration_after_merge:state_agent:round1,integration_after_merge,integrated_workspace,state_agent,True,False,False,100
tinydb,async_private,oh1292_standard100_endpointfix_3d110b2_r05,tinydb.query_to_table.search_cache_contract,5,5,final_integrated,final_integrated,integrated_workspace,,True,False,False,100
tinydb,async_private,oh1292_standard100_endpointfix_3d110b2_r05,tinydb.operations_to_table.update_transform_contract,1,1,agent_artifact:query_agent:round1,agent_artifact,agent_workspace,query_agent,False,False,False,000
tinydb,async_private,oh1292_standard100_endpointfix_3d110b2_r05,tinydb.operations_to_table.update_transform_contract,2,2,integration_after_merge:query_agent:round1,integration_after_merge,integrated_workspace,query_agent,False,False,False,000
tinydb,async_private,oh1292_standard100_endpointfix_3d110b2_r05,tinydb.operations_to_table.update_transform_contract,3,3,agent_artifact:state_agent:round1,agent_artifact,agent_workspace,state_agent,False,True,False,010
tinydb,async_private,oh1292_standard100_endpointfix_3d110b2_r05,tinydb.operations_to_table.update_transform_contract,4,4,integration_after_merge:state_agent:round1,integration_after_merge,integrated_workspace,state_agent,False,False,False,000
tinydb,async_private,oh1292_standard100_endpointfix_3d110b2_r05,tinydb.operations_to_table.update_transform_contract,5,5,final_integrated,final_integrated,integrated_workspace,,False,False,False,000
tinydb,async_private,oh1292_standard100_endpointfix_3d110b2_r05,tinydb.state_stack.shared_mapping_contract,1,1,agent_artifact:query_agent:round1,agent_artifact,agent_workspace,query_agent,False,False,False,000
tinydb,async_private,oh1292_standard100_endpointfix_3d110b2_r05,tinydb.state_stack.shared_mapping_contract,2,2,integration_after_merge:query_agent:round1,integration_after_merge,integrated_workspace,query_agent,False,False,False,000
tinydb,async_private,oh1292_standard100_endpointfix_3d110b2_r05,tinydb.state_stack.shared_mapping_contract,3,3,agent_artifact:state_agent:round1,agent_artifact,agent_workspace,state_agent,True,True,True,111
tinydb,async_private,oh1292_standard100_endpointfix_3d110b2_r05,tinydb.state_stack.shared_mapping_contract,4,4,integration_after_merge:state_agent:round1,integration_after_merge,integrated_workspace,state_agent,False,False,False,000
tinydb,async_private,oh1292_standard100_endpointfix_3d110b2_r05,tinydb.state_stack.shared_mapping_contract,5,5,final_integrated,final_integrated,integrated_workspace,,False,False,False,000
tinydb,caid_manager,oh1292_standard100_endpointfix_3d110b2_r05,tinydb.query_to_table.search_cache_contract,1,1,agent_artifact:query_agent:round1,agent_artifact,agent_workspace,query_agent,True,False,False,100
tinydb,caid_manager,oh1292_standard100_endpointfix_3d110b2_r05,tinydb.query_to_table.search_cache_contract,2,2,integration_after_merge:query_agent:round1,integration_after_merge,integrated_workspace,query_agent,True,False,False,100
tinydb,caid_manager,oh1292_standard100_endpointfix_3d110b2_r05,tinydb.query_to_table.search_cache_contract,3,3,agent_artifact:state_agent:round1,agent_artifact,agent_workspace,state_agent,False,False,False,000
tinydb,caid_manager,oh1292_standard100_endpointfix_3d110b2_r05,tinydb.query_to_table.search_cache_contract,4,4,integration_after_merge:state_agent:round1,integration_after_merge,integrated_workspace,state_agent,True,True,True,111
tinydb,caid_manager,oh1292_standard100_endpointfix_3d110b2_r05,tinydb.query_to_table.search_cache_contract,5,5,final_integrated,final_integrated,integrated_workspace,,True,True,True,111
tinydb,caid_manager,oh1292_standard100_endpointfix_3d110b2_r05,tinydb.operations_to_table.update_transform_contract,1,1,agent_artifact:query_agent:round1,agent_artifact,agent_workspace,query_agent,False,False,False,000
tinydb,caid_manager,oh1292_standard100_endpointfix_3d110b2_r05,tinydb.operations_to_table.update_transform_contract,2,2,integration_after_merge:query_agent:round1,integration_after_merge,integrated_workspace,query_agent,False,False,False,000
tinydb,caid_manager,oh1292_standard100_endpointfix_3d110b2_r05,tinydb.operations_to_table.update_transform_contract,3,3,agent_artifact:state_agent:round1,agent_artifact,agent_workspace,state_agent,False,False,False,000
tinydb,caid_manager,oh1292_standard100_endpointfix_3d110b2_r05,tinydb.operations_to_table.update_transform_contract,4,4,integration_after_merge:state_agent:round1,integration_after_merge,integrated_workspace,state_agent,True,True,True,111
tinydb,caid_manager,oh1292_standard100_endpointfix_3d110b2_r05,tinydb.operations_to_table.update_transform_contract,5,5,final_integrated,final_integrated,integrated_workspace,,True,True,True,111
tinydb,caid_manager,oh1292_standard100_endpointfix_3d110b2_r05,tinydb.state_stack.shared_mapping_contract,1,1,agent_artifact:query_agent:round1,agent_artifact,agent_workspace,query_agent,False,False,False,000
tinydb,caid_manager,oh1292_standard100_endpointfix_3d110b2_r05,tinydb.state_stack.shared_mapping_contract,2,2,integration_after_merge:query_agent:round1,integration_after_merge,integrated_workspace,query_agent,False,False,False,000
tinydb,caid_manager,oh1292_standard100_endpointfix_3d110b2_r05,tinydb.state_stack.shared_mapping_contract,3,3,agent_artifact:state_agent:round1,agent_artifact,agent_workspace,state_agent,False,False,False,000
tinydb,caid_manager,oh1292_standard100_endpointfix_3d110b2_r05,tinydb.state_stack.shared_mapping_contract,4,4,integration_after_merge:state_agent:round1,integration_after_merge,integrated_workspace,state_agent,True,True,True,111
tinydb,caid_manager,oh1292_standard100_endpointfix_3d110b2_r05,tinydb.state_stack.shared_mapping_contract,5,5,final_integrated,final_integrated,integrated_workspace,,True,True,True,111
wcwidth,single,oh1292_standard100_ddebb7d_r01,wcwidth.unicode_versions_to_width.version_matching_contract,1,1,final_integrated,final_integrated,integrated_workspace,,True,True,True,111
wcwidth,single,oh1292_standard100_ddebb7d_r01,wcwidth.width_to_integration.public_width_contract,1,1,final_integrated,final_integrated,integrated_workspace,,True,True,True,111
wcwidth,serial_specialists,oh1292_standard100_ddebb7d_r01,wcwidth.unicode_versions_to_width.version_matching_contract,1,1,agent_artifact:version_agent:round1,agent_artifact,agent_workspace,version_agent,False,False,False,000
wcwidth,serial_specialists,oh1292_standard100_ddebb7d_r01,wcwidth.unicode_versions_to_width.version_matching_contract,2,2,integration_after_merge:version_agent:round1,integration_after_merge,integrated_workspace,version_agent,False,False,False,000
wcwidth,serial_specialists,oh1292_standard100_ddebb7d_r01,wcwidth.unicode_versions_to_width.version_matching_contract,3,3,agent_artifact:width_agent:round1,agent_artifact,agent_workspace,width_agent,True,True,True,111
wcwidth,serial_specialists,oh1292_standard100_ddebb7d_r01,wcwidth.unicode_versions_to_width.version_matching_contract,4,4,integration_after_merge:width_agent:round1,integration_after_merge,integrated_workspace,width_agent,True,True,True,111
wcwidth,serial_specialists,oh1292_standard100_ddebb7d_r01,wcwidth.unicode_versions_to_width.version_matching_contract,5,5,final_integrated,final_integrated,integrated_workspace,,True,True,True,111
wcwidth,serial_specialists,oh1292_standard100_ddebb7d_r01,wcwidth.width_to_integration.public_width_contract,1,1,agent_artifact:version_agent:round1,agent_artifact,agent_workspace,version_agent,False,False,False,000
wcwidth,serial_specialists,oh1292_standard100_ddebb7d_r01,wcwidth.width_to_integration.public_width_contract,2,2,integration_after_merge:version_agent:round1,integration_after_merge,integrated_workspace,version_agent,False,False,False,000
wcwidth,serial_specialists,oh1292_standard100_ddebb7d_r01,wcwidth.width_to_integration.public_width_contract,3,3,agent_artifact:width_agent:round1,agent_artifact,agent_workspace,width_agent,True,True,True,111
wcwidth,serial_specialists,oh1292_standard100_ddebb7d_r01,wcwidth.width_to_integration.public_width_contract,4,4,integration_after_merge:width_agent:round1,integration_after_merge,integrated_workspace,width_agent,True,True,True,111
wcwidth,serial_specialists,oh1292_standard100_ddebb7d_r01,wcwidth.width_to_integration.public_width_contract,5,5,final_integrated,final_integrated,integrated_workspace,,True,True,True,111
wcwidth,async_private,oh1292_standard100_ddebb7d_r01,wcwidth.unicode_versions_to_width.version_matching_contract,1,1,agent_artifact:version_agent:round1,agent_artifact,agent_workspace,version_agent,False,False,False,000
wcwidth,async_private,oh1292_standard100_ddebb7d_r01,wcwidth.unicode_versions_to_width.version_matching_contract,2,2,integration_after_merge:version_agent:round1,integration_after_merge,integrated_workspace,version_agent,False,False,False,000
wcwidth,async_private,oh1292_standard100_ddebb7d_r01,wcwidth.unicode_versions_to_width.version_matching_contract,3,3,agent_artifact:width_agent:round1,agent_artifact,agent_workspace,width_agent,True,True,True,111
wcwidth,async_private,oh1292_standard100_ddebb7d_r01,wcwidth.unicode_versions_to_width.version_matching_contract,4,4,integration_after_merge:width_agent:round1,integration_after_merge,integrated_workspace,width_agent,True,True,True,111
wcwidth,async_private,oh1292_standard100_ddebb7d_r01,wcwidth.unicode_versions_to_width.version_matching_contract,5,5,final_integrated,final_integrated,integrated_workspace,,True,True,True,111
wcwidth,async_private,oh1292_standard100_ddebb7d_r01,wcwidth.width_to_integration.public_width_contract,1,1,agent_artifact:version_agent:round1,agent_artifact,agent_workspace,version_agent,False,False,False,000
wcwidth,async_private,oh1292_standard100_ddebb7d_r01,wcwidth.width_to_integration.public_width_contract,2,2,integration_after_merge:version_agent:round1,integration_after_merge,integrated_workspace,version_agent,False,False,False,000
wcwidth,async_private,oh1292_standard100_ddebb7d_r01,wcwidth.width_to_integration.public_width_contract,3,3,agent_artifact:width_agent:round1,agent_artifact,agent_workspace,width_agent,True,True,True,111
wcwidth,async_private,oh1292_standard100_ddebb7d_r01,wcwidth.width_to_integration.public_width_contract,4,4,integration_after_merge:width_agent:round1,integration_after_merge,integrated_workspace,width_agent,True,True,True,111
wcwidth,async_private,oh1292_standard100_ddebb7d_r01,wcwidth.width_to_integration.public_width_contract,5,5,final_integrated,final_integrated,integrated_workspace,,True,True,True,111
wcwidth,caid_manager,oh1292_standard100_ddebb7d_r01,wcwidth.unicode_versions_to_width.version_matching_contract,1,1,agent_artifact:engineer_1:round1,agent_artifact,agent_workspace,engineer_1,False,False,False,000
wcwidth,caid_manager,oh1292_standard100_ddebb7d_r01,wcwidth.unicode_versions_to_width.version_matching_contract,2,2,integration_after_merge:engineer_1:round1,integration_after_merge,integrated_workspace,engineer_1,False,False,False,000
wcwidth,caid_manager,oh1292_standard100_ddebb7d_r01,wcwidth.unicode_versions_to_width.version_matching_contract,3,3,agent_artifact:engineer_2:round1,agent_artifact,agent_workspace,engineer_2,True,True,True,111
wcwidth,caid_manager,oh1292_standard100_ddebb7d_r01,wcwidth.unicode_versions_to_width.version_matching_contract,4,4,integration_after_merge:engineer_2:round1,integration_after_merge,integrated_workspace,engineer_2,True,True,True,111
wcwidth,caid_manager,oh1292_standard100_ddebb7d_r01,wcwidth.unicode_versions_to_width.version_matching_contract,5,5,final_integrated,final_integrated,integrated_workspace,,True,True,True,111
wcwidth,caid_manager,oh1292_standard100_ddebb7d_r01,wcwidth.width_to_integration.public_width_contract,1,1,agent_artifact:engineer_1:round1,agent_artifact,agent_workspace,engineer_1,False,False,False,000
wcwidth,caid_manager,oh1292_standard100_ddebb7d_r01,wcwidth.width_to_integration.public_width_contract,2,2,integration_after_merge:engineer_1:round1,integration_after_merge,integrated_workspace,engineer_1,False,False,False,000
wcwidth,caid_manager,oh1292_standard100_ddebb7d_r01,wcwidth.width_to_integration.public_width_contract,3,3,agent_artifact:engineer_2:round1,agent_artifact,agent_workspace,engineer_2,True,True,True,111
wcwidth,caid_manager,oh1292_standard100_ddebb7d_r01,wcwidth.width_to_integration.public_width_contract,4,4,integration_after_merge:engineer_2:round1,integration_after_merge,integrated_workspace,engineer_2,True,True,True,111
wcwidth,caid_manager,oh1292_standard100_ddebb7d_r01,wcwidth.width_to_integration.public_width_contract,5,5,final_integrated,final_integrated,integrated_workspace,,True,True,True,111
requests,single,oh1292_standard100_ddebb7d_r01,requests.prep_to_transport.prepared_request_contract,1,1,final_integrated,final_integrated,integrated_workspace,,False,True,False,010
requests,single,oh1292_standard100_ddebb7d_r01,requests.utils_to_adapters.proxy_tls_url_contract,1,1,final_integrated,final_integrated,integrated_workspace,,False,True,False,010
requests,single,oh1292_standard100_ddebb7d_r01,requests.foundation_to_public_api.package_contract,1,1,final_integrated,final_integrated,integrated_workspace,,True,True,True,111
requests,serial_specialists,oh1292_standard100_ddebb7d_r01,requests.prep_to_transport.prepared_request_contract,1,1,agent_artifact:prep_agent:round1,agent_artifact,agent_workspace,prep_agent,False,False,False,000
requests,serial_specialists,oh1292_standard100_ddebb7d_r01,requests.prep_to_transport.prepared_request_contract,2,2,integration_after_merge:prep_agent:round1,integration_after_merge,integrated_workspace,prep_agent,False,False,False,000
requests,serial_specialists,oh1292_standard100_ddebb7d_r01,requests.prep_to_transport.prepared_request_contract,3,3,agent_artifact:transport_agent:round1,agent_artifact,agent_workspace,transport_agent,False,True,False,010
requests,serial_specialists,oh1292_standard100_ddebb7d_r01,requests.prep_to_transport.prepared_request_contract,4,4,integration_after_merge:transport_agent:round1,integration_after_merge,integrated_workspace,transport_agent,False,True,False,010
requests,serial_specialists,oh1292_standard100_ddebb7d_r01,requests.prep_to_transport.prepared_request_contract,5,5,agent_artifact:integration_agent:round1,agent_artifact,agent_workspace,integration_agent,False,True,False,010
requests,serial_specialists,oh1292_standard100_ddebb7d_r01,requests.prep_to_transport.prepared_request_contract,6,6,integration_after_merge:integration_agent:round1,integration_after_merge,integrated_workspace,integration_agent,False,True,False,010
requests,serial_specialists,oh1292_standard100_ddebb7d_r01,requests.prep_to_transport.prepared_request_contract,7,7,final_integrated,final_integrated,integrated_workspace,,False,True,False,010
requests,serial_specialists,oh1292_standard100_ddebb7d_r01,requests.utils_to_adapters.proxy_tls_url_contract,1,1,agent_artifact:prep_agent:round1,agent_artifact,agent_workspace,prep_agent,False,False,False,000
requests,serial_specialists,oh1292_standard100_ddebb7d_r01,requests.utils_to_adapters.proxy_tls_url_contract,2,2,integration_after_merge:prep_agent:round1,integration_after_merge,integrated_workspace,prep_agent,False,False,False,000
requests,serial_specialists,oh1292_standard100_ddebb7d_r01,requests.utils_to_adapters.proxy_tls_url_contract,3,3,agent_artifact:transport_agent:round1,agent_artifact,agent_workspace,transport_agent,False,True,False,010
requests,serial_specialists,oh1292_standard100_ddebb7d_r01,requests.utils_to_adapters.proxy_tls_url_contract,4,4,integration_after_merge:transport_agent:round1,integration_after_merge,integrated_workspace,transport_agent,False,True,False,010
requests,serial_specialists,oh1292_standard100_ddebb7d_r01,requests.utils_to_adapters.proxy_tls_url_contract,5,5,agent_artifact:integration_agent:round1,agent_artifact,agent_workspace,integration_agent,False,True,False,010
requests,serial_specialists,oh1292_standard100_ddebb7d_r01,requests.utils_to_adapters.proxy_tls_url_contract,6,6,integration_after_merge:integration_agent:round1,integration_after_merge,integrated_workspace,integration_agent,False,True,False,010
requests,serial_specialists,oh1292_standard100_ddebb7d_r01,requests.utils_to_adapters.proxy_tls_url_contract,7,7,final_integrated,final_integrated,integrated_workspace,,False,True,False,010
requests,serial_specialists,oh1292_standard100_ddebb7d_r01,requests.foundation_to_public_api.package_contract,1,1,agent_artifact:prep_agent:round1,agent_artifact,agent_workspace,prep_agent,True,True,True,111
requests,serial_specialists,oh1292_standard100_ddebb7d_r01,requests.foundation_to_public_api.package_contract,2,2,integration_after_merge:prep_agent:round1,integration_after_merge,integrated_workspace,prep_agent,True,True,True,111
requests,serial_specialists,oh1292_standard100_ddebb7d_r01,requests.foundation_to_public_api.package_contract,3,3,agent_artifact:transport_agent:round1,agent_artifact,agent_workspace,transport_agent,True,True,True,111
requests,serial_specialists,oh1292_standard100_ddebb7d_r01,requests.foundation_to_public_api.package_contract,4,4,integration_after_merge:transport_agent:round1,integration_after_merge,integrated_workspace,transport_agent,True,True,True,111
requests,serial_specialists,oh1292_standard100_ddebb7d_r01,requests.foundation_to_public_api.package_contract,5,5,agent_artifact:integration_agent:round1,agent_artifact,agent_workspace,integration_agent,True,True,True,111
requests,serial_specialists,oh1292_standard100_ddebb7d_r01,requests.foundation_to_public_api.package_contract,6,6,integration_after_merge:integration_agent:round1,integration_after_merge,integrated_workspace,integration_agent,True,True,True,111
requests,serial_specialists,oh1292_standard100_ddebb7d_r01,requests.foundation_to_public_api.package_contract,7,7,final_integrated,final_integrated,integrated_workspace,,True,True,True,111
requests,async_private,oh1292_standard100_ddebb7d_r01,requests.prep_to_transport.prepared_request_contract,1,1,agent_artifact:prep_agent:round1,agent_artifact,agent_workspace,prep_agent,True,False,False,100
requests,async_private,oh1292_standard100_ddebb7d_r01,requests.prep_to_transport.prepared_request_contract,2,2,integration_after_merge:prep_agent:round1,integration_after_merge,integrated_workspace,prep_agent,True,False,False,100
requests,async_private,oh1292_standard100_ddebb7d_r01,requests.prep_to_transport.prepared_request_contract,3,3,agent_artifact:transport_agent:round1,agent_artifact,agent_workspace,transport_agent,False,False,False,000
requests,async_private,oh1292_standard100_ddebb7d_r01,requests.prep_to_transport.prepared_request_contract,4,4,integration_after_merge:transport_agent:round1,integration_after_merge,integrated_workspace,transport_agent,True,False,False,100
requests,async_private,oh1292_standard100_ddebb7d_r01,requests.prep_to_transport.prepared_request_contract,5,5,agent_artifact:integration_agent:round1,agent_artifact,agent_workspace,integration_agent,False,False,False,000
requests,async_private,oh1292_standard100_ddebb7d_r01,requests.prep_to_transport.prepared_request_contract,6,6,integration_after_merge:integration_agent:round1,integration_after_merge,integrated_workspace,integration_agent,True,False,False,100
requests,async_private,oh1292_standard100_ddebb7d_r01,requests.prep_to_transport.prepared_request_contract,7,7,final_integrated,final_integrated,integrated_workspace,,True,False,False,100
requests,async_private,oh1292_standard100_ddebb7d_r01,requests.utils_to_adapters.proxy_tls_url_contract,1,1,agent_artifact:prep_agent:round1,agent_artifact,agent_workspace,prep_agent,True,False,False,100
requests,async_private,oh1292_standard100_ddebb7d_r01,requests.utils_to_adapters.proxy_tls_url_contract,2,2,integration_after_merge:prep_agent:round1,integration_after_merge,integrated_workspace,prep_agent,True,False,False,100
requests,async_private,oh1292_standard100_ddebb7d_r01,requests.utils_to_adapters.proxy_tls_url_contract,3,3,agent_artifact:transport_agent:round1,agent_artifact,agent_workspace,transport_agent,False,False,False,000
requests,async_private,oh1292_standard100_ddebb7d_r01,requests.utils_to_adapters.proxy_tls_url_contract,4,4,integration_after_merge:transport_agent:round1,integration_after_merge,integrated_workspace,transport_agent,True,False,False,100
requests,async_private,oh1292_standard100_ddebb7d_r01,requests.utils_to_adapters.proxy_tls_url_contract,5,5,agent_artifact:integration_agent:round1,agent_artifact,agent_workspace,integration_agent,False,False,False,000
requests,async_private,oh1292_standard100_ddebb7d_r01,requests.utils_to_adapters.proxy_tls_url_contract,6,6,integration_after_merge:integration_agent:round1,integration_after_merge,integrated_workspace,integration_agent,True,False,False,100
requests,async_private,oh1292_standard100_ddebb7d_r01,requests.utils_to_adapters.proxy_tls_url_contract,7,7,final_integrated,final_integrated,integrated_workspace,,True,False,False,100
requests,async_private,oh1292_standard100_ddebb7d_r01,requests.foundation_to_public_api.package_contract,1,1,agent_artifact:prep_agent:round1,agent_artifact,agent_workspace,prep_agent,True,True,True,111
requests,async_private,oh1292_standard100_ddebb7d_r01,requests.foundation_to_public_api.package_contract,2,2,integration_after_merge:prep_agent:round1,integration_after_merge,integrated_workspace,prep_agent,True,True,True,111
requests,async_private,oh1292_standard100_ddebb7d_r01,requests.foundation_to_public_api.package_contract,3,3,agent_artifact:transport_agent:round1,agent_artifact,agent_workspace,transport_agent,False,True,False,010
requests,async_private,oh1292_standard100_ddebb7d_r01,requests.foundation_to_public_api.package_contract,4,4,integration_after_merge:transport_agent:round1,integration_after_merge,integrated_workspace,transport_agent,True,True,True,111
requests,async_private,oh1292_standard100_ddebb7d_r01,requests.foundation_to_public_api.package_contract,5,5,agent_artifact:integration_agent:round1,agent_artifact,agent_workspace,integration_agent,False,True,False,010
requests,async_private,oh1292_standard100_ddebb7d_r01,requests.foundation_to_public_api.package_contract,6,6,integration_after_merge:integration_agent:round1,integration_after_merge,integrated_workspace,integration_agent,True,True,True,111
requests,async_private,oh1292_standard100_ddebb7d_r01,requests.foundation_to_public_api.package_contract,7,7,final_integrated,final_integrated,integrated_workspace,,True,True,True,111
requests,caid_manager,oh1292_standard100_ddebb7d_r01,requests.prep_to_transport.prepared_request_contract,1,1,agent_artifact:integration_agent:round1,agent_artifact,agent_workspace,integration_agent,False,False,False,000
requests,caid_manager,oh1292_standard100_ddebb7d_r01,requests.prep_to_transport.prepared_request_contract,2,2,integration_after_merge:integration_agent:round1,integration_after_merge,integrated_workspace,integration_agent,False,False,False,000
requests,caid_manager,oh1292_standard100_ddebb7d_r01,requests.prep_to_transport.prepared_request_contract,3,3,agent_artifact:integration_agent:round2,agent_artifact,agent_workspace,integration_agent,False,False,False,000
requests,caid_manager,oh1292_standard100_ddebb7d_r01,requests.prep_to_transport.prepared_request_contract,4,4,integration_after_merge:integration_agent:round2,integration_after_merge,integrated_workspace,integration_agent,False,False,False,000
requests,caid_manager,oh1292_standard100_ddebb7d_r01,requests.prep_to_transport.prepared_request_contract,5,5,agent_artifact:prep_agent:round1,agent_artifact,agent_workspace,prep_agent,True,False,False,100
requests,caid_manager,oh1292_standard100_ddebb7d_r01,requests.prep_to_transport.prepared_request_contract,6,6,integration_after_merge:prep_agent:round1,integration_after_merge,integrated_workspace,prep_agent,True,False,False,100
requests,caid_manager,oh1292_standard100_ddebb7d_r01,requests.prep_to_transport.prepared_request_contract,7,7,agent_artifact:transport_agent:round1,agent_artifact,agent_workspace,transport_agent,True,True,True,111
requests,caid_manager,oh1292_standard100_ddebb7d_r01,requests.prep_to_transport.prepared_request_contract,8,8,integration_after_merge:transport_agent:round1,integration_after_merge,integrated_workspace,transport_agent,True,False,False,100
requests,caid_manager,oh1292_standard100_ddebb7d_r01,requests.prep_to_transport.prepared_request_contract,9,9,agent_artifact:transport_agent:round2,agent_artifact,agent_workspace,transport_agent,True,True,True,111
requests,caid_manager,oh1292_standard100_ddebb7d_r01,requests.prep_to_transport.prepared_request_contract,10,10,integration_after_merge:transport_agent:round2,integration_after_merge,integrated_workspace,transport_agent,True,False,False,100
requests,caid_manager,oh1292_standard100_ddebb7d_r01,requests.prep_to_transport.prepared_request_contract,11,11,final_integrated,final_integrated,integrated_workspace,,True,True,True,111
requests,caid_manager,oh1292_standard100_ddebb7d_r01,requests.utils_to_adapters.proxy_tls_url_contract,1,1,agent_artifact:integration_agent:round1,agent_artifact,agent_workspace,integration_agent,False,False,False,000
requests,caid_manager,oh1292_standard100_ddebb7d_r01,requests.utils_to_adapters.proxy_tls_url_contract,2,2,integration_after_merge:integration_agent:round1,integration_after_merge,integrated_workspace,integration_agent,False,False,False,000
requests,caid_manager,oh1292_standard100_ddebb7d_r01,requests.utils_to_adapters.proxy_tls_url_contract,3,3,agent_artifact:integration_agent:round2,agent_artifact,agent_workspace,integration_agent,False,False,False,000
requests,caid_manager,oh1292_standard100_ddebb7d_r01,requests.utils_to_adapters.proxy_tls_url_contract,4,4,integration_after_merge:integration_agent:round2,integration_after_merge,integrated_workspace,integration_agent,False,False,False,000
requests,caid_manager,oh1292_standard100_ddebb7d_r01,requests.utils_to_adapters.proxy_tls_url_contract,5,5,agent_artifact:prep_agent:round1,agent_artifact,agent_workspace,prep_agent,False,False,False,000
requests,caid_manager,oh1292_standard100_ddebb7d_r01,requests.utils_to_adapters.proxy_tls_url_contract,6,6,integration_after_merge:prep_agent:round1,integration_after_merge,integrated_workspace,prep_agent,False,False,False,000
requests,caid_manager,oh1292_standard100_ddebb7d_r01,requests.utils_to_adapters.proxy_tls_url_contract,7,7,agent_artifact:transport_agent:round1,agent_artifact,agent_workspace,transport_agent,False,True,False,010
requests,caid_manager,oh1292_standard100_ddebb7d_r01,requests.utils_to_adapters.proxy_tls_url_contract,8,8,integration_after_merge:transport_agent:round1,integration_after_merge,integrated_workspace,transport_agent,False,False,False,000
requests,caid_manager,oh1292_standard100_ddebb7d_r01,requests.utils_to_adapters.proxy_tls_url_contract,9,9,agent_artifact:transport_agent:round2,agent_artifact,agent_workspace,transport_agent,False,True,False,010
requests,caid_manager,oh1292_standard100_ddebb7d_r01,requests.utils_to_adapters.proxy_tls_url_contract,10,10,integration_after_merge:transport_agent:round2,integration_after_merge,integrated_workspace,transport_agent,False,False,False,000
requests,caid_manager,oh1292_standard100_ddebb7d_r01,requests.utils_to_adapters.proxy_tls_url_contract,11,11,final_integrated,final_integrated,integrated_workspace,,True,True,True,111
requests,caid_manager,oh1292_standard100_ddebb7d_r01,requests.foundation_to_public_api.package_contract,1,1,agent_artifact:integration_agent:round1,agent_artifact,agent_workspace,integration_agent,False,True,False,010
requests,caid_manager,oh1292_standard100_ddebb7d_r01,requests.foundation_to_public_api.package_contract,2,2,integration_after_merge:integration_agent:round1,integration_after_merge,integrated_workspace,integration_agent,False,True,False,010
requests,caid_manager,oh1292_standard100_ddebb7d_r01,requests.foundation_to_public_api.package_contract,3,3,agent_artifact:integration_agent:round2,agent_artifact,agent_workspace,integration_agent,False,True,False,010
requests,caid_manager,oh1292_standard100_ddebb7d_r01,requests.foundation_to_public_api.package_contract,4,4,integration_after_merge:integration_agent:round2,integration_after_merge,integrated_workspace,integration_agent,False,True,False,010
requests,caid_manager,oh1292_standard100_ddebb7d_r01,requests.foundation_to_public_api.package_contract,5,5,agent_artifact:prep_agent:round1,agent_artifact,agent_workspace,prep_agent,True,True,True,111
requests,caid_manager,oh1292_standard100_ddebb7d_r01,requests.foundation_to_public_api.package_contract,6,6,integration_after_merge:prep_agent:round1,integration_after_merge,integrated_workspace,prep_agent,True,True,True,111
requests,caid_manager,oh1292_standard100_ddebb7d_r01,requests.foundation_to_public_api.package_contract,7,7,agent_artifact:transport_agent:round1,agent_artifact,agent_workspace,transport_agent,True,True,True,111
requests,caid_manager,oh1292_standard100_ddebb7d_r01,requests.foundation_to_public_api.package_contract,8,8,integration_after_merge:transport_agent:round1,integration_after_merge,integrated_workspace,transport_agent,True,True,True,111
requests,caid_manager,oh1292_standard100_ddebb7d_r01,requests.foundation_to_public_api.package_contract,9,9,agent_artifact:transport_agent:round2,agent_artifact,agent_workspace,transport_agent,True,True,True,111
requests,caid_manager,oh1292_standard100_ddebb7d_r01,requests.foundation_to_public_api.package_contract,10,10,integration_after_merge:transport_agent:round2,integration_after_merge,integrated_workspace,transport_agent,True,True,True,111
requests,caid_manager,oh1292_standard100_ddebb7d_r01,requests.foundation_to_public_api.package_contract,11,11,final_integrated,final_integrated,integrated_workspace,,True,True,True,111
simpy,single,oh1292_standard100_endpointfix_3d110b2_r05,simpy.environment_to_events.scheduling_contract,1,1,final_integrated,final_integrated,integrated_workspace,,True,True,True,111
simpy,single,oh1292_standard100_endpointfix_3d110b2_r05,simpy.events_to_resources.request_trigger_contract,1,1,final_integrated,final_integrated,integrated_workspace,,True,False,False,100
simpy,single,oh1292_standard100_endpointfix_3d110b2_r05,simpy.environment_to_realtime_util.run_timeout_contract,1,1,final_integrated,final_integrated,integrated_workspace,,False,False,False,000
simpy,serial_specialists,oh1292_standard100_endpointfix_3d110b2_r05,simpy.environment_to_events.scheduling_contract,1,1,agent_artifact:environment_agent:round1,agent_artifact,agent_workspace,environment_agent,False,False,False,000
simpy,serial_specialists,oh1292_standard100_endpointfix_3d110b2_r05,simpy.environment_to_events.scheduling_contract,2,2,integration_after_merge:environment_agent:round1,integration_after_merge,integrated_workspace,environment_agent,False,False,False,000
simpy,serial_specialists,oh1292_standard100_endpointfix_3d110b2_r05,simpy.environment_to_events.scheduling_contract,3,3,agent_artifact:event_agent:round1,agent_artifact,agent_workspace,event_agent,True,True,True,111
simpy,serial_specialists,oh1292_standard100_endpointfix_3d110b2_r05,simpy.environment_to_events.scheduling_contract,4,4,integration_after_merge:event_agent:round1,integration_after_merge,integrated_workspace,event_agent,True,True,True,111
simpy,serial_specialists,oh1292_standard100_endpointfix_3d110b2_r05,simpy.environment_to_events.scheduling_contract,5,5,agent_artifact:resource_agent:round1,agent_artifact,agent_workspace,resource_agent,True,True,True,111
simpy,serial_specialists,oh1292_standard100_endpointfix_3d110b2_r05,simpy.environment_to_events.scheduling_contract,6,6,integration_after_merge:resource_agent:round1,integration_after_merge,integrated_workspace,resource_agent,True,True,True,111
simpy,serial_specialists,oh1292_standard100_endpointfix_3d110b2_r05,simpy.environment_to_events.scheduling_contract,7,7,agent_artifact:realtime_util_agent:round1,agent_artifact,agent_workspace,realtime_util_agent,True,True,True,111
simpy,serial_specialists,oh1292_standard100_endpointfix_3d110b2_r05,simpy.environment_to_events.scheduling_contract,8,8,integration_after_merge:realtime_util_agent:round1,integration_after_merge,integrated_workspace,realtime_util_agent,True,True,True,111
simpy,serial_specialists,oh1292_standard100_endpointfix_3d110b2_r05,simpy.environment_to_events.scheduling_contract,9,9,final_integrated,final_integrated,integrated_workspace,,True,True,True,111
simpy,serial_specialists,oh1292_standard100_endpointfix_3d110b2_r05,simpy.events_to_resources.request_trigger_contract,1,1,agent_artifact:environment_agent:round1,agent_artifact,agent_workspace,environment_agent,False,False,False,000
simpy,serial_specialists,oh1292_standard100_endpointfix_3d110b2_r05,simpy.events_to_resources.request_trigger_contract,2,2,integration_after_merge:environment_agent:round1,integration_after_merge,integrated_workspace,environment_agent,False,False,False,000
simpy,serial_specialists,oh1292_standard100_endpointfix_3d110b2_r05,simpy.events_to_resources.request_trigger_contract,3,3,agent_artifact:event_agent:round1,agent_artifact,agent_workspace,event_agent,True,False,False,100
simpy,serial_specialists,oh1292_standard100_endpointfix_3d110b2_r05,simpy.events_to_resources.request_trigger_contract,4,4,integration_after_merge:event_agent:round1,integration_after_merge,integrated_workspace,event_agent,True,False,False,100
simpy,serial_specialists,oh1292_standard100_endpointfix_3d110b2_r05,simpy.events_to_resources.request_trigger_contract,5,5,agent_artifact:resource_agent:round1,agent_artifact,agent_workspace,resource_agent,True,True,True,111
simpy,serial_specialists,oh1292_standard100_endpointfix_3d110b2_r05,simpy.events_to_resources.request_trigger_contract,6,6,integration_after_merge:resource_agent:round1,integration_after_merge,integrated_workspace,resource_agent,True,True,True,111
simpy,serial_specialists,oh1292_standard100_endpointfix_3d110b2_r05,simpy.events_to_resources.request_trigger_contract,7,7,agent_artifact:realtime_util_agent:round1,agent_artifact,agent_workspace,realtime_util_agent,True,True,True,111
simpy,serial_specialists,oh1292_standard100_endpointfix_3d110b2_r05,simpy.events_to_resources.request_trigger_contract,8,8,integration_after_merge:realtime_util_agent:round1,integration_after_merge,integrated_workspace,realtime_util_agent,True,True,True,111
simpy,serial_specialists,oh1292_standard100_endpointfix_3d110b2_r05,simpy.events_to_resources.request_trigger_contract,9,9,final_integrated,final_integrated,integrated_workspace,,True,True,True,111
simpy,serial_specialists,oh1292_standard100_endpointfix_3d110b2_r05,simpy.environment_to_realtime_util.run_timeout_contract,1,1,agent_artifact:environment_agent:round1,agent_artifact,agent_workspace,environment_agent,False,False,False,000
simpy,serial_specialists,oh1292_standard100_endpointfix_3d110b2_r05,simpy.environment_to_realtime_util.run_timeout_contract,2,2,integration_after_merge:environment_agent:round1,integration_after_merge,integrated_workspace,environment_agent,False,False,False,000
simpy,serial_specialists,oh1292_standard100_endpointfix_3d110b2_r05,simpy.environment_to_realtime_util.run_timeout_contract,3,3,agent_artifact:event_agent:round1,agent_artifact,agent_workspace,event_agent,True,False,False,100
simpy,serial_specialists,oh1292_standard100_endpointfix_3d110b2_r05,simpy.environment_to_realtime_util.run_timeout_contract,4,4,integration_after_merge:event_agent:round1,integration_after_merge,integrated_workspace,event_agent,True,False,False,100
simpy,serial_specialists,oh1292_standard100_endpointfix_3d110b2_r05,simpy.environment_to_realtime_util.run_timeout_contract,5,5,agent_artifact:resource_agent:round1,agent_artifact,agent_workspace,resource_agent,True,False,False,100
simpy,serial_specialists,oh1292_standard100_endpointfix_3d110b2_r05,simpy.environment_to_realtime_util.run_timeout_contract,6,6,integration_after_merge:resource_agent:round1,integration_after_merge,integrated_workspace,resource_agent,True,False,False,100
simpy,serial_specialists,oh1292_standard100_endpointfix_3d110b2_r05,simpy.environment_to_realtime_util.run_timeout_contract,7,7,agent_artifact:realtime_util_agent:round1,agent_artifact,agent_workspace,realtime_util_agent,True,True,True,111
simpy,serial_specialists,oh1292_standard100_endpointfix_3d110b2_r05,simpy.environment_to_realtime_util.run_timeout_contract,8,8,integration_after_merge:realtime_util_agent:round1,integration_after_merge,integrated_workspace,realtime_util_agent,True,True,True,111
simpy,serial_specialists,oh1292_standard100_endpointfix_3d110b2_r05,simpy.environment_to_realtime_util.run_timeout_contract,9,9,final_integrated,final_integrated,integrated_workspace,,True,True,True,111
simpy,async_private,oh1292_standard100_endpointfix_3d110b2_r05,simpy.environment_to_events.scheduling_contract,1,1,agent_artifact:environment_agent:round1,agent_artifact,agent_workspace,environment_agent,False,False,False,000
simpy,async_private,oh1292_standard100_endpointfix_3d110b2_r05,simpy.environment_to_events.scheduling_contract,2,2,integration_after_merge:environment_agent:round1,integration_after_merge,integrated_workspace,environment_agent,False,False,False,000
simpy,async_private,oh1292_standard100_endpointfix_3d110b2_r05,simpy.environment_to_events.scheduling_contract,3,3,agent_artifact:event_agent:round1,agent_artifact,agent_workspace,event_agent,True,True,True,111
simpy,async_private,oh1292_standard100_endpointfix_3d110b2_r05,simpy.environment_to_events.scheduling_contract,4,4,integration_after_merge:event_agent:round1,integration_after_merge,integrated_workspace,event_agent,False,False,False,000
simpy,async_private,oh1292_standard100_endpointfix_3d110b2_r05,simpy.environment_to_events.scheduling_contract,5,5,agent_artifact:resource_agent:round1,agent_artifact,agent_workspace,resource_agent,True,True,True,111
simpy,async_private,oh1292_standard100_endpointfix_3d110b2_r05,simpy.environment_to_events.scheduling_contract,6,6,integration_after_merge:resource_agent:round1,integration_after_merge,integrated_workspace,resource_agent,False,False,False,000
simpy,async_private,oh1292_standard100_endpointfix_3d110b2_r05,simpy.environment_to_events.scheduling_contract,7,7,agent_artifact:realtime_util_agent:round1,agent_artifact,agent_workspace,realtime_util_agent,False,False,False,000
simpy,async_private,oh1292_standard100_endpointfix_3d110b2_r05,simpy.environment_to_events.scheduling_contract,8,8,integration_after_merge:realtime_util_agent:round1,integration_after_merge,integrated_workspace,realtime_util_agent,False,False,False,000
simpy,async_private,oh1292_standard100_endpointfix_3d110b2_r05,simpy.environment_to_events.scheduling_contract,9,9,final_integrated,final_integrated,integrated_workspace,,False,False,False,000
simpy,async_private,oh1292_standard100_endpointfix_3d110b2_r05,simpy.events_to_resources.request_trigger_contract,1,1,agent_artifact:environment_agent:round1,agent_artifact,agent_workspace,environment_agent,False,False,False,000
simpy,async_private,oh1292_standard100_endpointfix_3d110b2_r05,simpy.events_to_resources.request_trigger_contract,2,2,integration_after_merge:environment_agent:round1,integration_after_merge,integrated_workspace,environment_agent,False,False,False,000
simpy,async_private,oh1292_standard100_endpointfix_3d110b2_r05,simpy.events_to_resources.request_trigger_contract,3,3,agent_artifact:event_agent:round1,agent_artifact,agent_workspace,event_agent,True,False,False,100
simpy,async_private,oh1292_standard100_endpointfix_3d110b2_r05,simpy.events_to_resources.request_trigger_contract,4,4,integration_after_merge:event_agent:round1,integration_after_merge,integrated_workspace,event_agent,False,False,False,000
simpy,async_private,oh1292_standard100_endpointfix_3d110b2_r05,simpy.events_to_resources.request_trigger_contract,5,5,agent_artifact:resource_agent:round1,agent_artifact,agent_workspace,resource_agent,True,True,True,111
simpy,async_private,oh1292_standard100_endpointfix_3d110b2_r05,simpy.events_to_resources.request_trigger_contract,6,6,integration_after_merge:resource_agent:round1,integration_after_merge,integrated_workspace,resource_agent,False,False,False,000
simpy,async_private,oh1292_standard100_endpointfix_3d110b2_r05,simpy.events_to_resources.request_trigger_contract,7,7,agent_artifact:realtime_util_agent:round1,agent_artifact,agent_workspace,realtime_util_agent,False,False,False,000
simpy,async_private,oh1292_standard100_endpointfix_3d110b2_r05,simpy.events_to_resources.request_trigger_contract,8,8,integration_after_merge:realtime_util_agent:round1,integration_after_merge,integrated_workspace,realtime_util_agent,False,False,False,000
simpy,async_private,oh1292_standard100_endpointfix_3d110b2_r05,simpy.events_to_resources.request_trigger_contract,9,9,final_integrated,final_integrated,integrated_workspace,,False,False,False,000
simpy,async_private,oh1292_standard100_endpointfix_3d110b2_r05,simpy.environment_to_realtime_util.run_timeout_contract,1,1,agent_artifact:environment_agent:round1,agent_artifact,agent_workspace,environment_agent,False,False,False,000
simpy,async_private,oh1292_standard100_endpointfix_3d110b2_r05,simpy.environment_to_realtime_util.run_timeout_contract,2,2,integration_after_merge:environment_agent:round1,integration_after_merge,integrated_workspace,environment_agent,False,False,False,000
simpy,async_private,oh1292_standard100_endpointfix_3d110b2_r05,simpy.environment_to_realtime_util.run_timeout_contract,3,3,agent_artifact:event_agent:round1,agent_artifact,agent_workspace,event_agent,True,False,False,100
simpy,async_private,oh1292_standard100_endpointfix_3d110b2_r05,simpy.environment_to_realtime_util.run_timeout_contract,4,4,integration_after_merge:event_agent:round1,integration_after_merge,integrated_workspace,event_agent,False,False,False,000
simpy,async_private,oh1292_standard100_endpointfix_3d110b2_r05,simpy.environment_to_realtime_util.run_timeout_contract,5,5,agent_artifact:resource_agent:round1,agent_artifact,agent_workspace,resource_agent,True,False,False,100
simpy,async_private,oh1292_standard100_endpointfix_3d110b2_r05,simpy.environment_to_realtime_util.run_timeout_contract,6,6,integration_after_merge:resource_agent:round1,integration_after_merge,integrated_workspace,resource_agent,False,False,False,000
simpy,async_private,oh1292_standard100_endpointfix_3d110b2_r05,simpy.environment_to_realtime_util.run_timeout_contract,7,7,agent_artifact:realtime_util_agent:round1,agent_artifact,agent_workspace,realtime_util_agent,False,False,False,000
simpy,async_private,oh1292_standard100_endpointfix_3d110b2_r05,simpy.environment_to_realtime_util.run_timeout_contract,8,8,integration_after_merge:realtime_util_agent:round1,integration_after_merge,integrated_workspace,realtime_util_agent,False,False,False,000
simpy,async_private,oh1292_standard100_endpointfix_3d110b2_r05,simpy.environment_to_realtime_util.run_timeout_contract,9,9,final_integrated,final_integrated,integrated_workspace,,False,False,False,000
simpy,caid_manager,oh1292_standard100_endpointfix_3d110b2_r05,simpy.environment_to_events.scheduling_contract,1,1,agent_artifact:engineer_4:round1,agent_artifact,agent_workspace,engineer_4,False,False,False,000
simpy,caid_manager,oh1292_standard100_endpointfix_3d110b2_r05,simpy.environment_to_events.scheduling_contract,2,2,integration_after_merge:engineer_4:round1,integration_after_merge,integrated_workspace,engineer_4,False,False,False,000
simpy,caid_manager,oh1292_standard100_endpointfix_3d110b2_r05,simpy.environment_to_events.scheduling_contract,3,3,agent_artifact:engineer_1:round1,agent_artifact,agent_workspace,engineer_1,True,False,False,100
simpy,caid_manager,oh1292_standard100_endpointfix_3d110b2_r05,simpy.environment_to_events.scheduling_contract,4,4,integration_after_merge:engineer_1:round1,integration_after_merge,integrated_workspace,engineer_1,False,False,False,000
simpy,caid_manager,oh1292_standard100_endpointfix_3d110b2_r05,simpy.environment_to_events.scheduling_contract,5,5,agent_artifact:engineer_1:round2,agent_artifact,agent_workspace,engineer_1,True,False,False,100
simpy,caid_manager,oh1292_standard100_endpointfix_3d110b2_r05,simpy.environment_to_events.scheduling_contract,6,6,integration_after_merge:engineer_1:round2,integration_after_merge,integrated_workspace,engineer_1,False,False,False,000
simpy,caid_manager,oh1292_standard100_endpointfix_3d110b2_r05,simpy.environment_to_events.scheduling_contract,7,7,agent_artifact:engineer_3:round1,agent_artifact,agent_workspace,engineer_3,True,False,False,100
simpy,caid_manager,oh1292_standard100_endpointfix_3d110b2_r05,simpy.environment_to_events.scheduling_contract,8,8,integration_after_merge:engineer_3:round1,integration_after_merge,integrated_workspace,engineer_3,False,False,False,000
simpy,caid_manager,oh1292_standard100_endpointfix_3d110b2_r05,simpy.environment_to_events.scheduling_contract,9,9,agent_artifact:engineer_2:round1,agent_artifact,agent_workspace,engineer_2,False,False,False,000
simpy,caid_manager,oh1292_standard100_endpointfix_3d110b2_r05,simpy.environment_to_events.scheduling_contract,10,10,integration_after_merge:engineer_2:round1,integration_after_merge,integrated_workspace,engineer_2,False,False,False,000
simpy,caid_manager,oh1292_standard100_endpointfix_3d110b2_r05,simpy.environment_to_events.scheduling_contract,11,11,agent_artifact:engineer_3:round2,agent_artifact,agent_workspace,engineer_3,True,True,True,111
simpy,caid_manager,oh1292_standard100_endpointfix_3d110b2_r05,simpy.environment_to_events.scheduling_contract,12,12,integration_after_merge:engineer_3:round2,integration_after_merge,integrated_workspace,engineer_3,False,False,False,000
simpy,caid_manager,oh1292_standard100_endpointfix_3d110b2_r05,simpy.environment_to_events.scheduling_contract,13,13,final_integrated,final_integrated,integrated_workspace,,True,True,True,111
simpy,caid_manager,oh1292_standard100_endpointfix_3d110b2_r05,simpy.events_to_resources.request_trigger_contract,1,1,agent_artifact:engineer_4:round1,agent_artifact,agent_workspace,engineer_4,False,False,False,000
simpy,caid_manager,oh1292_standard100_endpointfix_3d110b2_r05,simpy.events_to_resources.request_trigger_contract,2,2,integration_after_merge:engineer_4:round1,integration_after_merge,integrated_workspace,engineer_4,False,False,False,000
simpy,caid_manager,oh1292_standard100_endpointfix_3d110b2_r05,simpy.events_to_resources.request_trigger_contract,3,3,agent_artifact:engineer_1:round1,agent_artifact,agent_workspace,engineer_1,False,False,False,000
simpy,caid_manager,oh1292_standard100_endpointfix_3d110b2_r05,simpy.events_to_resources.request_trigger_contract,4,4,integration_after_merge:engineer_1:round1,integration_after_merge,integrated_workspace,engineer_1,False,False,False,000
simpy,caid_manager,oh1292_standard100_endpointfix_3d110b2_r05,simpy.events_to_resources.request_trigger_contract,5,5,agent_artifact:engineer_1:round2,agent_artifact,agent_workspace,engineer_1,False,False,False,000
simpy,caid_manager,oh1292_standard100_endpointfix_3d110b2_r05,simpy.events_to_resources.request_trigger_contract,6,6,integration_after_merge:engineer_1:round2,integration_after_merge,integrated_workspace,engineer_1,False,False,False,000
simpy,caid_manager,oh1292_standard100_endpointfix_3d110b2_r05,simpy.events_to_resources.request_trigger_contract,7,7,agent_artifact:engineer_3:round1,agent_artifact,agent_workspace,engineer_3,True,False,False,100
simpy,caid_manager,oh1292_standard100_endpointfix_3d110b2_r05,simpy.events_to_resources.request_trigger_contract,8,8,integration_after_merge:engineer_3:round1,integration_after_merge,integrated_workspace,engineer_3,False,False,False,000
simpy,caid_manager,oh1292_standard100_endpointfix_3d110b2_r05,simpy.events_to_resources.request_trigger_contract,9,9,agent_artifact:engineer_2:round1,agent_artifact,agent_workspace,engineer_2,False,False,False,000
simpy,caid_manager,oh1292_standard100_endpointfix_3d110b2_r05,simpy.events_to_resources.request_trigger_contract,10,10,integration_after_merge:engineer_2:round1,integration_after_merge,integrated_workspace,engineer_2,False,False,False,000
simpy,caid_manager,oh1292_standard100_endpointfix_3d110b2_r05,simpy.events_to_resources.request_trigger_contract,11,11,agent_artifact:engineer_3:round2,agent_artifact,agent_workspace,engineer_3,True,True,True,111
simpy,caid_manager,oh1292_standard100_endpointfix_3d110b2_r05,simpy.events_to_resources.request_trigger_contract,12,12,integration_after_merge:engineer_3:round2,integration_after_merge,integrated_workspace,engineer_3,False,False,False,000
simpy,caid_manager,oh1292_standard100_endpointfix_3d110b2_r05,simpy.events_to_resources.request_trigger_contract,13,13,final_integrated,final_integrated,integrated_workspace,,True,True,True,111
simpy,caid_manager,oh1292_standard100_endpointfix_3d110b2_r05,simpy.environment_to_realtime_util.run_timeout_contract,1,1,agent_artifact:engineer_4:round1,agent_artifact,agent_workspace,engineer_4,False,False,False,000
simpy,caid_manager,oh1292_standard100_endpointfix_3d110b2_r05,simpy.environment_to_realtime_util.run_timeout_contract,2,2,integration_after_merge:engineer_4:round1,integration_after_merge,integrated_workspace,engineer_4,False,False,False,000
simpy,caid_manager,oh1292_standard100_endpointfix_3d110b2_r05,simpy.environment_to_realtime_util.run_timeout_contract,3,3,agent_artifact:engineer_1:round1,agent_artifact,agent_workspace,engineer_1,True,False,False,100
simpy,caid_manager,oh1292_standard100_endpointfix_3d110b2_r05,simpy.environment_to_realtime_util.run_timeout_contract,4,4,integration_after_merge:engineer_1:round1,integration_after_merge,integrated_workspace,engineer_1,False,False,False,000
simpy,caid_manager,oh1292_standard100_endpointfix_3d110b2_r05,simpy.environment_to_realtime_util.run_timeout_contract,5,5,agent_artifact:engineer_1:round2,agent_artifact,agent_workspace,engineer_1,True,False,False,100
simpy,caid_manager,oh1292_standard100_endpointfix_3d110b2_r05,simpy.environment_to_realtime_util.run_timeout_contract,6,6,integration_after_merge:engineer_1:round2,integration_after_merge,integrated_workspace,engineer_1,False,False,False,000
simpy,caid_manager,oh1292_standard100_endpointfix_3d110b2_r05,simpy.environment_to_realtime_util.run_timeout_contract,7,7,agent_artifact:engineer_3:round1,agent_artifact,agent_workspace,engineer_3,True,False,False,100
simpy,caid_manager,oh1292_standard100_endpointfix_3d110b2_r05,simpy.environment_to_realtime_util.run_timeout_contract,8,8,integration_after_merge:engineer_3:round1,integration_after_merge,integrated_workspace,engineer_3,False,False,False,000
simpy,caid_manager,oh1292_standard100_endpointfix_3d110b2_r05,simpy.environment_to_realtime_util.run_timeout_contract,9,9,agent_artifact:engineer_2:round1,agent_artifact,agent_workspace,engineer_2,False,False,False,000
simpy,caid_manager,oh1292_standard100_endpointfix_3d110b2_r05,simpy.environment_to_realtime_util.run_timeout_contract,10,10,integration_after_merge:engineer_2:round1,integration_after_merge,integrated_workspace,engineer_2,False,False,False,000
simpy,caid_manager,oh1292_standard100_endpointfix_3d110b2_r05,simpy.environment_to_realtime_util.run_timeout_contract,11,11,agent_artifact:engineer_3:round2,agent_artifact,agent_workspace,engineer_3,True,False,False,100
simpy,caid_manager,oh1292_standard100_endpointfix_3d110b2_r05,simpy.environment_to_realtime_util.run_timeout_contract,12,12,integration_after_merge:engineer_3:round2,integration_after_merge,integrated_workspace,engineer_3,False,False,False,000
simpy,caid_manager,oh1292_standard100_endpointfix_3d110b2_r05,simpy.environment_to_realtime_util.run_timeout_contract,13,13,final_integrated,final_integrated,integrated_workspace,,True,False,False,100
parsel,single,oh1292_standard100_ddebb7d_r01,parsel.css_to_selector.pseudo_element_contract,1,1,final_integrated,final_integrated,integrated_workspace,,False,False,False,000
parsel,single,oh1292_standard100_ddebb7d_r01,parsel.xpath_utils_to_selector.regex_has_class_contract,1,1,final_integrated,final_integrated,integrated_workspace,,False,False,False,000
parsel,serial_specialists,oh1292_standard100_ddebb7d_r01,parsel.css_to_selector.pseudo_element_contract,1,1,agent_artifact:utility_xpath_agent:round1,agent_artifact,agent_workspace,utility_xpath_agent,False,False,False,000
parsel,serial_specialists,oh1292_standard100_ddebb7d_r01,parsel.css_to_selector.pseudo_element_contract,2,2,integration_after_merge:utility_xpath_agent:round1,integration_after_merge,integrated_workspace,utility_xpath_agent,False,False,False,000
parsel,serial_specialists,oh1292_standard100_ddebb7d_r01,parsel.css_to_selector.pseudo_element_contract,3,3,agent_artifact:css_agent:round1,agent_artifact,agent_workspace,css_agent,True,False,False,100
parsel,serial_specialists,oh1292_standard100_ddebb7d_r01,parsel.css_to_selector.pseudo_element_contract,4,4,integration_after_merge:css_agent:round1,integration_after_merge,integrated_workspace,css_agent,True,False,False,100
parsel,serial_specialists,oh1292_standard100_ddebb7d_r01,parsel.css_to_selector.pseudo_element_contract,5,5,agent_artifact:selector_agent:round1,agent_artifact,agent_workspace,selector_agent,True,True,True,111
parsel,serial_specialists,oh1292_standard100_ddebb7d_r01,parsel.css_to_selector.pseudo_element_contract,6,6,integration_after_merge:selector_agent:round1,integration_after_merge,integrated_workspace,selector_agent,True,False,False,100
parsel,serial_specialists,oh1292_standard100_ddebb7d_r01,parsel.css_to_selector.pseudo_element_contract,7,7,final_integrated,final_integrated,integrated_workspace,,True,False,False,100
parsel,serial_specialists,oh1292_standard100_ddebb7d_r01,parsel.xpath_utils_to_selector.regex_has_class_contract,1,1,agent_artifact:utility_xpath_agent:round1,agent_artifact,agent_workspace,utility_xpath_agent,False,False,False,000
parsel,serial_specialists,oh1292_standard100_ddebb7d_r01,parsel.xpath_utils_to_selector.regex_has_class_contract,2,2,integration_after_merge:utility_xpath_agent:round1,integration_after_merge,integrated_workspace,utility_xpath_agent,False,False,False,000
parsel,serial_specialists,oh1292_standard100_ddebb7d_r01,parsel.xpath_utils_to_selector.regex_has_class_contract,3,3,agent_artifact:css_agent:round1,agent_artifact,agent_workspace,css_agent,False,False,False,000
parsel,serial_specialists,oh1292_standard100_ddebb7d_r01,parsel.xpath_utils_to_selector.regex_has_class_contract,4,4,integration_after_merge:css_agent:round1,integration_after_merge,integrated_workspace,css_agent,False,False,False,000
parsel,serial_specialists,oh1292_standard100_ddebb7d_r01,parsel.xpath_utils_to_selector.regex_has_class_contract,5,5,agent_artifact:selector_agent:round1,agent_artifact,agent_workspace,selector_agent,True,True,True,111
parsel,serial_specialists,oh1292_standard100_ddebb7d_r01,parsel.xpath_utils_to_selector.regex_has_class_contract,6,6,integration_after_merge:selector_agent:round1,integration_after_merge,integrated_workspace,selector_agent,False,False,False,000
parsel,serial_specialists,oh1292_standard100_ddebb7d_r01,parsel.xpath_utils_to_selector.regex_has_class_contract,7,7,final_integrated,final_integrated,integrated_workspace,,False,False,False,000
parsel,async_private,oh1292_standard100_ddebb7d_r01,parsel.css_to_selector.pseudo_element_contract,1,1,agent_artifact:utility_xpath_agent:round1,agent_artifact,agent_workspace,utility_xpath_agent,False,False,False,000
parsel,async_private,oh1292_standard100_ddebb7d_r01,parsel.css_to_selector.pseudo_element_contract,2,2,integration_after_merge:utility_xpath_agent:round1,integration_after_merge,integrated_workspace,utility_xpath_agent,False,False,False,000
parsel,async_private,oh1292_standard100_ddebb7d_r01,parsel.css_to_selector.pseudo_element_contract,3,3,agent_artifact:css_agent:round1,agent_artifact,agent_workspace,css_agent,True,False,False,100
parsel,async_private,oh1292_standard100_ddebb7d_r01,parsel.css_to_selector.pseudo_element_contract,4,4,integration_after_merge:css_agent:round1,integration_after_merge,integrated_workspace,css_agent,True,False,False,100
parsel,async_private,oh1292_standard100_ddebb7d_r01,parsel.css_to_selector.pseudo_element_contract,5,5,agent_artifact:selector_agent:round1,agent_artifact,agent_workspace,selector_agent,False,False,False,000
parsel,async_private,oh1292_standard100_ddebb7d_r01,parsel.css_to_selector.pseudo_element_contract,6,6,integration_after_merge:selector_agent:round1,integration_after_merge,integrated_workspace,selector_agent,True,False,False,100
parsel,async_private,oh1292_standard100_ddebb7d_r01,parsel.css_to_selector.pseudo_element_contract,7,7,final_integrated,final_integrated,integrated_workspace,,True,False,False,100
parsel,async_private,oh1292_standard100_ddebb7d_r01,parsel.xpath_utils_to_selector.regex_has_class_contract,1,1,agent_artifact:utility_xpath_agent:round1,agent_artifact,agent_workspace,utility_xpath_agent,False,False,False,000
parsel,async_private,oh1292_standard100_ddebb7d_r01,parsel.xpath_utils_to_selector.regex_has_class_contract,2,2,integration_after_merge:utility_xpath_agent:round1,integration_after_merge,integrated_workspace,utility_xpath_agent,False,False,False,000
parsel,async_private,oh1292_standard100_ddebb7d_r01,parsel.xpath_utils_to_selector.regex_has_class_contract,3,3,agent_artifact:css_agent:round1,agent_artifact,agent_workspace,css_agent,False,False,False,000
parsel,async_private,oh1292_standard100_ddebb7d_r01,parsel.xpath_utils_to_selector.regex_has_class_contract,4,4,integration_after_merge:css_agent:round1,integration_after_merge,integrated_workspace,css_agent,False,False,False,000
parsel,async_private,oh1292_standard100_ddebb7d_r01,parsel.xpath_utils_to_selector.regex_has_class_contract,5,5,agent_artifact:selector_agent:round1,agent_artifact,agent_workspace,selector_agent,True,False,False,100
parsel,async_private,oh1292_standard100_ddebb7d_r01,parsel.xpath_utils_to_selector.regex_has_class_contract,6,6,integration_after_merge:selector_agent:round1,integration_after_merge,integrated_workspace,selector_agent,False,False,False,000
parsel,async_private,oh1292_standard100_ddebb7d_r01,parsel.xpath_utils_to_selector.regex_has_class_contract,7,7,final_integrated,final_integrated,integrated_workspace,,False,False,False,000
parsel,caid_manager,oh1292_standard100_ddebb7d_r01,parsel.css_to_selector.pseudo_element_contract,1,1,agent_artifact:engineer_2:round1,agent_artifact,agent_workspace,engineer_2,True,False,False,100
parsel,caid_manager,oh1292_standard100_ddebb7d_r01,parsel.css_to_selector.pseudo_element_contract,2,2,integration_after_merge:engineer_2:round1,integration_after_merge,integrated_workspace,engineer_2,True,False,False,100
parsel,caid_manager,oh1292_standard100_ddebb7d_r01,parsel.css_to_selector.pseudo_element_contract,3,3,agent_artifact:engineer_1:round1,agent_artifact,agent_workspace,engineer_1,False,False,False,000
parsel,caid_manager,oh1292_standard100_ddebb7d_r01,parsel.css_to_selector.pseudo_element_contract,4,4,integration_after_merge:engineer_1:round1,integration_after_merge,integrated_workspace,engineer_1,True,False,False,100
parsel,caid_manager,oh1292_standard100_ddebb7d_r01,parsel.css_to_selector.pseudo_element_contract,5,5,agent_artifact:engineer_3:round1,agent_artifact,agent_workspace,engineer_3,False,False,False,000
parsel,caid_manager,oh1292_standard100_ddebb7d_r01,parsel.css_to_selector.pseudo_element_contract,6,6,integration_after_merge:engineer_3:round1,integration_after_merge,integrated_workspace,engineer_3,True,False,False,100
parsel,caid_manager,oh1292_standard100_ddebb7d_r01,parsel.css_to_selector.pseudo_element_contract,7,7,final_integrated,final_integrated,integrated_workspace,,True,True,True,111
parsel,caid_manager,oh1292_standard100_ddebb7d_r01,parsel.xpath_utils_to_selector.regex_has_class_contract,1,1,agent_artifact:engineer_2:round1,agent_artifact,agent_workspace,engineer_2,False,False,False,000
parsel,caid_manager,oh1292_standard100_ddebb7d_r01,parsel.xpath_utils_to_selector.regex_has_class_contract,2,2,integration_after_merge:engineer_2:round1,integration_after_merge,integrated_workspace,engineer_2,False,False,False,000
parsel,caid_manager,oh1292_standard100_ddebb7d_r01,parsel.xpath_utils_to_selector.regex_has_class_contract,3,3,agent_artifact:engineer_1:round1,agent_artifact,agent_workspace,engineer_1,False,False,False,000
parsel,caid_manager,oh1292_standard100_ddebb7d_r01,parsel.xpath_utils_to_selector.regex_has_class_contract,4,4,integration_after_merge:engineer_1:round1,integration_after_merge,integrated_workspace,engineer_1,False,False,False,000
parsel,caid_manager,oh1292_standard100_ddebb7d_r01,parsel.xpath_utils_to_selector.regex_has_class_contract,5,5,agent_artifact:engineer_3:round1,agent_artifact,agent_workspace,engineer_3,False,False,False,000
parsel,caid_manager,oh1292_standard100_ddebb7d_r01,parsel.xpath_utils_to_selector.regex_has_class_contract,6,6,integration_after_merge:engineer_3:round1,integration_after_merge,integrated_workspace,engineer_3,False,True,False,010
parsel,caid_manager,oh1292_standard100_ddebb7d_r01,parsel.xpath_utils_to_selector.regex_has_class_contract,7,7,final_integrated,final_integrated,integrated_workspace,,True,True,True,111
filesystem_spec,single,oh1292_standard100_endpointfix_3d110b2_r05,filesystem_spec.registry_to_core.protocol_resolution_contract,1,1,final_integrated,final_integrated,integrated_workspace,,True,False,False,100
filesystem_spec,single,oh1292_standard100_endpointfix_3d110b2_r05,filesystem_spec.utils_to_core.path_compression_contract,1,1,final_integrated,final_integrated,integrated_workspace,,True,False,False,100
filesystem_spec,serial_specialists,oh1292_standard100_endpointfix_3d110b2_r05,filesystem_spec.registry_to_core.protocol_resolution_contract,1,1,agent_artifact:registry_agent:round1,agent_artifact,agent_workspace,registry_agent,True,False,False,100
filesystem_spec,serial_specialists,oh1292_standard100_endpointfix_3d110b2_r05,filesystem_spec.registry_to_core.protocol_resolution_contract,2,2,integration_after_merge:registry_agent:round1,integration_after_merge,integrated_workspace,registry_agent,True,False,False,100
filesystem_spec,serial_specialists,oh1292_standard100_endpointfix_3d110b2_r05,filesystem_spec.registry_to_core.protocol_resolution_contract,3,3,agent_artifact:utility_agent:round1,agent_artifact,agent_workspace,utility_agent,True,False,False,100
filesystem_spec,serial_specialists,oh1292_standard100_endpointfix_3d110b2_r05,filesystem_spec.registry_to_core.protocol_resolution_contract,4,4,integration_after_merge:utility_agent:round1,integration_after_merge,integrated_workspace,utility_agent,True,False,False,100
filesystem_spec,serial_specialists,oh1292_standard100_endpointfix_3d110b2_r05,filesystem_spec.registry_to_core.protocol_resolution_contract,5,5,agent_artifact:core_agent:round1,agent_artifact,agent_workspace,core_agent,True,False,False,100
filesystem_spec,serial_specialists,oh1292_standard100_endpointfix_3d110b2_r05,filesystem_spec.registry_to_core.protocol_resolution_contract,6,6,integration_after_merge:core_agent:round1,integration_after_merge,integrated_workspace,core_agent,True,False,False,100
filesystem_spec,serial_specialists,oh1292_standard100_endpointfix_3d110b2_r05,filesystem_spec.registry_to_core.protocol_resolution_contract,7,7,final_integrated,final_integrated,integrated_workspace,,True,False,False,100
filesystem_spec,serial_specialists,oh1292_standard100_endpointfix_3d110b2_r05,filesystem_spec.utils_to_core.path_compression_contract,1,1,agent_artifact:registry_agent:round1,agent_artifact,agent_workspace,registry_agent,False,False,False,000
filesystem_spec,serial_specialists,oh1292_standard100_endpointfix_3d110b2_r05,filesystem_spec.utils_to_core.path_compression_contract,2,2,integration_after_merge:registry_agent:round1,integration_after_merge,integrated_workspace,registry_agent,False,False,False,000
filesystem_spec,serial_specialists,oh1292_standard100_endpointfix_3d110b2_r05,filesystem_spec.utils_to_core.path_compression_contract,3,3,agent_artifact:utility_agent:round1,agent_artifact,agent_workspace,utility_agent,True,False,False,100
filesystem_spec,serial_specialists,oh1292_standard100_endpointfix_3d110b2_r05,filesystem_spec.utils_to_core.path_compression_contract,4,4,integration_after_merge:utility_agent:round1,integration_after_merge,integrated_workspace,utility_agent,True,False,False,100
filesystem_spec,serial_specialists,oh1292_standard100_endpointfix_3d110b2_r05,filesystem_spec.utils_to_core.path_compression_contract,5,5,agent_artifact:core_agent:round1,agent_artifact,agent_workspace,core_agent,True,True,True,111
filesystem_spec,serial_specialists,oh1292_standard100_endpointfix_3d110b2_r05,filesystem_spec.utils_to_core.path_compression_contract,6,6,integration_after_merge:core_agent:round1,integration_after_merge,integrated_workspace,core_agent,True,True,True,111
filesystem_spec,serial_specialists,oh1292_standard100_endpointfix_3d110b2_r05,filesystem_spec.utils_to_core.path_compression_contract,7,7,final_integrated,final_integrated,integrated_workspace,,True,True,True,111
filesystem_spec,async_private,oh1292_standard100_endpointfix_3d110b2_r05,filesystem_spec.registry_to_core.protocol_resolution_contract,1,1,agent_artifact:registry_agent:round1,agent_artifact,agent_workspace,registry_agent,True,False,False,100
filesystem_spec,async_private,oh1292_standard100_endpointfix_3d110b2_r05,filesystem_spec.registry_to_core.protocol_resolution_contract,2,2,integration_after_merge:registry_agent:round1,integration_after_merge,integrated_workspace,registry_agent,True,False,False,100
filesystem_spec,async_private,oh1292_standard100_endpointfix_3d110b2_r05,filesystem_spec.registry_to_core.protocol_resolution_contract,3,3,agent_artifact:utility_agent:round1,agent_artifact,agent_workspace,utility_agent,False,False,False,000
filesystem_spec,async_private,oh1292_standard100_endpointfix_3d110b2_r05,filesystem_spec.registry_to_core.protocol_resolution_contract,4,4,integration_after_merge:utility_agent:round1,integration_after_merge,integrated_workspace,utility_agent,True,False,False,100
filesystem_spec,async_private,oh1292_standard100_endpointfix_3d110b2_r05,filesystem_spec.registry_to_core.protocol_resolution_contract,5,5,agent_artifact:core_agent:round1,agent_artifact,agent_workspace,core_agent,True,False,False,100
filesystem_spec,async_private,oh1292_standard100_endpointfix_3d110b2_r05,filesystem_spec.registry_to_core.protocol_resolution_contract,6,6,integration_after_merge:core_agent:round1,integration_after_merge,integrated_workspace,core_agent,True,False,False,100
filesystem_spec,async_private,oh1292_standard100_endpointfix_3d110b2_r05,filesystem_spec.registry_to_core.protocol_resolution_contract,7,7,final_integrated,final_integrated,integrated_workspace,,True,False,False,100
filesystem_spec,async_private,oh1292_standard100_endpointfix_3d110b2_r05,filesystem_spec.utils_to_core.path_compression_contract,1,1,agent_artifact:registry_agent:round1,agent_artifact,agent_workspace,registry_agent,False,False,False,000
filesystem_spec,async_private,oh1292_standard100_endpointfix_3d110b2_r05,filesystem_spec.utils_to_core.path_compression_contract,2,2,integration_after_merge:registry_agent:round1,integration_after_merge,integrated_workspace,registry_agent,False,False,False,000
filesystem_spec,async_private,oh1292_standard100_endpointfix_3d110b2_r05,filesystem_spec.utils_to_core.path_compression_contract,3,3,agent_artifact:utility_agent:round1,agent_artifact,agent_workspace,utility_agent,False,False,False,000
filesystem_spec,async_private,oh1292_standard100_endpointfix_3d110b2_r05,filesystem_spec.utils_to_core.path_compression_contract,4,4,integration_after_merge:utility_agent:round1,integration_after_merge,integrated_workspace,utility_agent,False,False,False,000
filesystem_spec,async_private,oh1292_standard100_endpointfix_3d110b2_r05,filesystem_spec.utils_to_core.path_compression_contract,5,5,agent_artifact:core_agent:round1,agent_artifact,agent_workspace,core_agent,False,True,False,010
filesystem_spec,async_private,oh1292_standard100_endpointfix_3d110b2_r05,filesystem_spec.utils_to_core.path_compression_contract,6,6,integration_after_merge:core_agent:round1,integration_after_merge,integrated_workspace,core_agent,False,False,False,000
filesystem_spec,async_private,oh1292_standard100_endpointfix_3d110b2_r05,filesystem_spec.utils_to_core.path_compression_contract,7,7,final_integrated,final_integrated,integrated_workspace,,False,False,False,000
filesystem_spec,caid_manager,oh1292_standard100_endpointfix_3d110b2_r05,filesystem_spec.registry_to_core.protocol_resolution_contract,1,1,agent_artifact:utility_agent:round1,agent_artifact,agent_workspace,utility_agent,False,False,False,000
filesystem_spec,caid_manager,oh1292_standard100_endpointfix_3d110b2_r05,filesystem_spec.registry_to_core.protocol_resolution_contract,2,2,integration_after_merge:utility_agent:round1,integration_after_merge,integrated_workspace,utility_agent,False,False,False,000
filesystem_spec,caid_manager,oh1292_standard100_endpointfix_3d110b2_r05,filesystem_spec.registry_to_core.protocol_resolution_contract,3,3,agent_artifact:core_agent:round1,agent_artifact,agent_workspace,core_agent,False,False,False,000
filesystem_spec,caid_manager,oh1292_standard100_endpointfix_3d110b2_r05,filesystem_spec.registry_to_core.protocol_resolution_contract,4,4,integration_after_merge:core_agent:round1,integration_after_merge,integrated_workspace,core_agent,False,False,False,000
filesystem_spec,caid_manager,oh1292_standard100_endpointfix_3d110b2_r05,filesystem_spec.registry_to_core.protocol_resolution_contract,5,5,agent_artifact:registry_agent:round1,agent_artifact,agent_workspace,registry_agent,True,False,False,100
filesystem_spec,caid_manager,oh1292_standard100_endpointfix_3d110b2_r05,filesystem_spec.registry_to_core.protocol_resolution_contract,6,6,integration_after_merge:registry_agent:round1,integration_after_merge,integrated_workspace,registry_agent,True,False,False,100
filesystem_spec,caid_manager,oh1292_standard100_endpointfix_3d110b2_r05,filesystem_spec.registry_to_core.protocol_resolution_contract,7,7,final_integrated,final_integrated,integrated_workspace,,True,True,True,111
filesystem_spec,caid_manager,oh1292_standard100_endpointfix_3d110b2_r05,filesystem_spec.utils_to_core.path_compression_contract,1,1,agent_artifact:utility_agent:round1,agent_artifact,agent_workspace,utility_agent,True,False,False,100
filesystem_spec,caid_manager,oh1292_standard100_endpointfix_3d110b2_r05,filesystem_spec.utils_to_core.path_compression_contract,2,2,integration_after_merge:utility_agent:round1,integration_after_merge,integrated_workspace,utility_agent,True,False,False,100
filesystem_spec,caid_manager,oh1292_standard100_endpointfix_3d110b2_r05,filesystem_spec.utils_to_core.path_compression_contract,3,3,agent_artifact:core_agent:round1,agent_artifact,agent_workspace,core_agent,False,False,False,000
filesystem_spec,caid_manager,oh1292_standard100_endpointfix_3d110b2_r05,filesystem_spec.utils_to_core.path_compression_contract,4,4,integration_after_merge:core_agent:round1,integration_after_merge,integrated_workspace,core_agent,True,True,True,111
filesystem_spec,caid_manager,oh1292_standard100_endpointfix_3d110b2_r05,filesystem_spec.utils_to_core.path_compression_contract,5,5,agent_artifact:registry_agent:round1,agent_artifact,agent_workspace,registry_agent,False,False,False,000
filesystem_spec,caid_manager,oh1292_standard100_endpointfix_3d110b2_r05,filesystem_spec.utils_to_core.path_compression_contract,6,6,integration_after_merge:registry_agent:round1,integration_after_merge,integrated_workspace,registry_agent,True,True,True,111
filesystem_spec,caid_manager,oh1292_standard100_endpointfix_3d110b2_r05,filesystem_spec.utils_to_core.path_compression_contract,7,7,final_integrated,final_integrated,integrated_workspace,,True,True,True,111
marshmallow,single,oh1292_standard100_endpointfix_3d110b2_r05,marshmallow.fields_to_schema.validation_contract,1,1,final_integrated,final_integrated,integrated_workspace,,False,False,False,000
marshmallow,single,oh1292_standard100_endpointfix_3d110b2_r05,marshmallow.registry_to_nested.schema_resolution_contract,1,1,final_integrated,final_integrated,integrated_workspace,,True,False,False,100
marshmallow,single,oh1292_standard100_endpointfix_3d110b2_r05,marshmallow.decorators_to_schema.hook_error_contract,1,1,final_integrated,final_integrated,integrated_workspace,,False,False,False,000
marshmallow,serial_specialists,oh1292_standard100_endpointfix_3d110b2_r05,marshmallow.fields_to_schema.validation_contract,1,1,agent_artifact:registry_agent:round1,agent_artifact,agent_workspace,registry_agent,False,False,False,000
marshmallow,serial_specialists,oh1292_standard100_endpointfix_3d110b2_r05,marshmallow.fields_to_schema.validation_contract,2,2,integration_after_merge:registry_agent:round1,integration_after_merge,integrated_workspace,registry_agent,False,False,False,000
marshmallow,serial_specialists,oh1292_standard100_endpointfix_3d110b2_r05,marshmallow.fields_to_schema.validation_contract,3,3,agent_artifact:field_agent:round1,agent_artifact,agent_workspace,field_agent,False,False,False,000
marshmallow,serial_specialists,oh1292_standard100_endpointfix_3d110b2_r05,marshmallow.fields_to_schema.validation_contract,4,4,integration_after_merge:field_agent:round1,integration_after_merge,integrated_workspace,field_agent,False,False,False,000
marshmallow,serial_specialists,oh1292_standard100_endpointfix_3d110b2_r05,marshmallow.fields_to_schema.validation_contract,5,5,agent_artifact:schema_agent:round1,agent_artifact,agent_workspace,schema_agent,False,False,False,000
marshmallow,serial_specialists,oh1292_standard100_endpointfix_3d110b2_r05,marshmallow.fields_to_schema.validation_contract,6,6,integration_after_merge:schema_agent:round1,integration_after_merge,integrated_workspace,schema_agent,False,False,False,000
marshmallow,serial_specialists,oh1292_standard100_endpointfix_3d110b2_r05,marshmallow.fields_to_schema.validation_contract,7,7,final_integrated,final_integrated,integrated_workspace,,False,False,False,000
marshmallow,serial_specialists,oh1292_standard100_endpointfix_3d110b2_r05,marshmallow.registry_to_nested.schema_resolution_contract,1,1,agent_artifact:registry_agent:round1,agent_artifact,agent_workspace,registry_agent,True,False,False,100
marshmallow,serial_specialists,oh1292_standard100_endpointfix_3d110b2_r05,marshmallow.registry_to_nested.schema_resolution_contract,2,2,integration_after_merge:registry_agent:round1,integration_after_merge,integrated_workspace,registry_agent,False,False,False,000
marshmallow,serial_specialists,oh1292_standard100_endpointfix_3d110b2_r05,marshmallow.registry_to_nested.schema_resolution_contract,3,3,agent_artifact:field_agent:round1,agent_artifact,agent_workspace,field_agent,False,False,False,000
marshmallow,serial_specialists,oh1292_standard100_endpointfix_3d110b2_r05,marshmallow.registry_to_nested.schema_resolution_contract,4,4,integration_after_merge:field_agent:round1,integration_after_merge,integrated_workspace,field_agent,False,False,False,000
marshmallow,serial_specialists,oh1292_standard100_endpointfix_3d110b2_r05,marshmallow.registry_to_nested.schema_resolution_contract,5,5,agent_artifact:schema_agent:round1,agent_artifact,agent_workspace,schema_agent,False,False,False,000
marshmallow,serial_specialists,oh1292_standard100_endpointfix_3d110b2_r05,marshmallow.registry_to_nested.schema_resolution_contract,6,6,integration_after_merge:schema_agent:round1,integration_after_merge,integrated_workspace,schema_agent,False,False,False,000
marshmallow,serial_specialists,oh1292_standard100_endpointfix_3d110b2_r05,marshmallow.registry_to_nested.schema_resolution_contract,7,7,final_integrated,final_integrated,integrated_workspace,,False,False,False,000
marshmallow,serial_specialists,oh1292_standard100_endpointfix_3d110b2_r05,marshmallow.decorators_to_schema.hook_error_contract,1,1,agent_artifact:registry_agent:round1,agent_artifact,agent_workspace,registry_agent,False,False,False,000
marshmallow,serial_specialists,oh1292_standard100_endpointfix_3d110b2_r05,marshmallow.decorators_to_schema.hook_error_contract,2,2,integration_after_merge:registry_agent:round1,integration_after_merge,integrated_workspace,registry_agent,False,False,False,000
marshmallow,serial_specialists,oh1292_standard100_endpointfix_3d110b2_r05,marshmallow.decorators_to_schema.hook_error_contract,3,3,agent_artifact:field_agent:round1,agent_artifact,agent_workspace,field_agent,False,False,False,000
marshmallow,serial_specialists,oh1292_standard100_endpointfix_3d110b2_r05,marshmallow.decorators_to_schema.hook_error_contract,4,4,integration_after_merge:field_agent:round1,integration_after_merge,integrated_workspace,field_agent,False,False,False,000
marshmallow,serial_specialists,oh1292_standard100_endpointfix_3d110b2_r05,marshmallow.decorators_to_schema.hook_error_contract,5,5,agent_artifact:schema_agent:round1,agent_artifact,agent_workspace,schema_agent,False,False,False,000
marshmallow,serial_specialists,oh1292_standard100_endpointfix_3d110b2_r05,marshmallow.decorators_to_schema.hook_error_contract,6,6,integration_after_merge:schema_agent:round1,integration_after_merge,integrated_workspace,schema_agent,False,False,False,000
marshmallow,serial_specialists,oh1292_standard100_endpointfix_3d110b2_r05,marshmallow.decorators_to_schema.hook_error_contract,7,7,final_integrated,final_integrated,integrated_workspace,,False,False,False,000
marshmallow,async_private,oh1292_standard100_endpointfix_3d110b2_r05,marshmallow.fields_to_schema.validation_contract,1,1,agent_artifact:registry_agent:round1,agent_artifact,agent_workspace,registry_agent,False,False,False,000
marshmallow,async_private,oh1292_standard100_endpointfix_3d110b2_r05,marshmallow.fields_to_schema.validation_contract,2,2,integration_after_merge:registry_agent:round1,integration_after_merge,integrated_workspace,registry_agent,False,False,False,000
marshmallow,async_private,oh1292_standard100_endpointfix_3d110b2_r05,marshmallow.fields_to_schema.validation_contract,3,3,agent_artifact:field_agent:round1,agent_artifact,agent_workspace,field_agent,False,False,False,000
marshmallow,async_private,oh1292_standard100_endpointfix_3d110b2_r05,marshmallow.fields_to_schema.validation_contract,4,4,integration_after_merge:field_agent:round1,integration_after_merge,integrated_workspace,field_agent,False,False,False,000
marshmallow,async_private,oh1292_standard100_endpointfix_3d110b2_r05,marshmallow.fields_to_schema.validation_contract,5,5,agent_artifact:schema_agent:round1,agent_artifact,agent_workspace,schema_agent,False,False,False,000
marshmallow,async_private,oh1292_standard100_endpointfix_3d110b2_r05,marshmallow.fields_to_schema.validation_contract,6,6,integration_after_merge:schema_agent:round1,integration_after_merge,integrated_workspace,schema_agent,False,False,False,000
marshmallow,async_private,oh1292_standard100_endpointfix_3d110b2_r05,marshmallow.fields_to_schema.validation_contract,7,7,final_integrated,final_integrated,integrated_workspace,,False,False,False,000
marshmallow,async_private,oh1292_standard100_endpointfix_3d110b2_r05,marshmallow.registry_to_nested.schema_resolution_contract,1,1,agent_artifact:registry_agent:round1,agent_artifact,agent_workspace,registry_agent,True,False,False,100
marshmallow,async_private,oh1292_standard100_endpointfix_3d110b2_r05,marshmallow.registry_to_nested.schema_resolution_contract,2,2,integration_after_merge:registry_agent:round1,integration_after_merge,integrated_workspace,registry_agent,True,False,False,100
marshmallow,async_private,oh1292_standard100_endpointfix_3d110b2_r05,marshmallow.registry_to_nested.schema_resolution_contract,3,3,agent_artifact:field_agent:round1,agent_artifact,agent_workspace,field_agent,False,False,False,000
marshmallow,async_private,oh1292_standard100_endpointfix_3d110b2_r05,marshmallow.registry_to_nested.schema_resolution_contract,4,4,integration_after_merge:field_agent:round1,integration_after_merge,integrated_workspace,field_agent,True,False,False,100
marshmallow,async_private,oh1292_standard100_endpointfix_3d110b2_r05,marshmallow.registry_to_nested.schema_resolution_contract,5,5,agent_artifact:schema_agent:round1,agent_artifact,agent_workspace,schema_agent,False,False,False,000
marshmallow,async_private,oh1292_standard100_endpointfix_3d110b2_r05,marshmallow.registry_to_nested.schema_resolution_contract,6,6,integration_after_merge:schema_agent:round1,integration_after_merge,integrated_workspace,schema_agent,False,False,False,000
marshmallow,async_private,oh1292_standard100_endpointfix_3d110b2_r05,marshmallow.registry_to_nested.schema_resolution_contract,7,7,final_integrated,final_integrated,integrated_workspace,,False,False,False,000
marshmallow,async_private,oh1292_standard100_endpointfix_3d110b2_r05,marshmallow.decorators_to_schema.hook_error_contract,1,1,agent_artifact:registry_agent:round1,agent_artifact,agent_workspace,registry_agent,False,False,False,000
marshmallow,async_private,oh1292_standard100_endpointfix_3d110b2_r05,marshmallow.decorators_to_schema.hook_error_contract,2,2,integration_after_merge:registry_agent:round1,integration_after_merge,integrated_workspace,registry_agent,False,False,False,000
marshmallow,async_private,oh1292_standard100_endpointfix_3d110b2_r05,marshmallow.decorators_to_schema.hook_error_contract,3,3,agent_artifact:field_agent:round1,agent_artifact,agent_workspace,field_agent,False,False,False,000
marshmallow,async_private,oh1292_standard100_endpointfix_3d110b2_r05,marshmallow.decorators_to_schema.hook_error_contract,4,4,integration_after_merge:field_agent:round1,integration_after_merge,integrated_workspace,field_agent,False,False,False,000
marshmallow,async_private,oh1292_standard100_endpointfix_3d110b2_r05,marshmallow.decorators_to_schema.hook_error_contract,5,5,agent_artifact:schema_agent:round1,agent_artifact,agent_workspace,schema_agent,False,False,False,000
marshmallow,async_private,oh1292_standard100_endpointfix_3d110b2_r05,marshmallow.decorators_to_schema.hook_error_contract,6,6,integration_after_merge:schema_agent:round1,integration_after_merge,integrated_workspace,schema_agent,False,False,False,000
marshmallow,async_private,oh1292_standard100_endpointfix_3d110b2_r05,marshmallow.decorators_to_schema.hook_error_contract,7,7,final_integrated,final_integrated,integrated_workspace,,False,False,False,000
marshmallow,caid_manager,oh1292_standard100_endpointfix_3d110b2_r05,marshmallow.fields_to_schema.validation_contract,1,1,agent_artifact:schema_agent:round1,agent_artifact,agent_workspace,schema_agent,False,False,False,000
marshmallow,caid_manager,oh1292_standard100_endpointfix_3d110b2_r05,marshmallow.fields_to_schema.validation_contract,2,2,integration_after_merge:schema_agent:round1,integration_after_merge,integrated_workspace,schema_agent,False,False,False,000
marshmallow,caid_manager,oh1292_standard100_endpointfix_3d110b2_r05,marshmallow.fields_to_schema.validation_contract,3,3,agent_artifact:field_agent:round1,agent_artifact,agent_workspace,field_agent,True,True,True,111
marshmallow,caid_manager,oh1292_standard100_endpointfix_3d110b2_r05,marshmallow.fields_to_schema.validation_contract,4,4,integration_after_merge:field_agent:round1,integration_after_merge,integrated_workspace,field_agent,False,False,False,000
marshmallow,caid_manager,oh1292_standard100_endpointfix_3d110b2_r05,marshmallow.fields_to_schema.validation_contract,5,5,agent_artifact:field_agent:round2,agent_artifact,agent_workspace,field_agent,True,True,True,111
marshmallow,caid_manager,oh1292_standard100_endpointfix_3d110b2_r05,marshmallow.fields_to_schema.validation_contract,6,6,integration_after_merge:field_agent:round2,integration_after_merge,integrated_workspace,field_agent,False,False,False,000
marshmallow,caid_manager,oh1292_standard100_endpointfix_3d110b2_r05,marshmallow.fields_to_schema.validation_contract,7,7,agent_artifact:registry_agent:round1,agent_artifact,agent_workspace,registry_agent,False,False,False,000
marshmallow,caid_manager,oh1292_standard100_endpointfix_3d110b2_r05,marshmallow.fields_to_schema.validation_contract,8,8,integration_after_merge:registry_agent:round1,integration_after_merge,integrated_workspace,registry_agent,False,False,False,000
marshmallow,caid_manager,oh1292_standard100_endpointfix_3d110b2_r05,marshmallow.fields_to_schema.validation_contract,9,9,final_integrated,final_integrated,integrated_workspace,,True,True,True,111
marshmallow,caid_manager,oh1292_standard100_endpointfix_3d110b2_r05,marshmallow.registry_to_nested.schema_resolution_contract,1,1,agent_artifact:schema_agent:round1,agent_artifact,agent_workspace,schema_agent,False,False,False,000
marshmallow,caid_manager,oh1292_standard100_endpointfix_3d110b2_r05,marshmallow.registry_to_nested.schema_resolution_contract,2,2,integration_after_merge:schema_agent:round1,integration_after_merge,integrated_workspace,schema_agent,False,False,False,000
marshmallow,caid_manager,oh1292_standard100_endpointfix_3d110b2_r05,marshmallow.registry_to_nested.schema_resolution_contract,3,3,agent_artifact:field_agent:round1,agent_artifact,agent_workspace,field_agent,True,True,True,111
marshmallow,caid_manager,oh1292_standard100_endpointfix_3d110b2_r05,marshmallow.registry_to_nested.schema_resolution_contract,4,4,integration_after_merge:field_agent:round1,integration_after_merge,integrated_workspace,field_agent,False,False,False,000
marshmallow,caid_manager,oh1292_standard100_endpointfix_3d110b2_r05,marshmallow.registry_to_nested.schema_resolution_contract,5,5,agent_artifact:field_agent:round2,agent_artifact,agent_workspace,field_agent,True,True,True,111
marshmallow,caid_manager,oh1292_standard100_endpointfix_3d110b2_r05,marshmallow.registry_to_nested.schema_resolution_contract,6,6,integration_after_merge:field_agent:round2,integration_after_merge,integrated_workspace,field_agent,False,False,False,000
marshmallow,caid_manager,oh1292_standard100_endpointfix_3d110b2_r05,marshmallow.registry_to_nested.schema_resolution_contract,7,7,agent_artifact:registry_agent:round1,agent_artifact,agent_workspace,registry_agent,True,False,False,100
marshmallow,caid_manager,oh1292_standard100_endpointfix_3d110b2_r05,marshmallow.registry_to_nested.schema_resolution_contract,8,8,integration_after_merge:registry_agent:round1,integration_after_merge,integrated_workspace,registry_agent,False,False,False,000
marshmallow,caid_manager,oh1292_standard100_endpointfix_3d110b2_r05,marshmallow.registry_to_nested.schema_resolution_contract,9,9,final_integrated,final_integrated,integrated_workspace,,True,True,True,111
marshmallow,caid_manager,oh1292_standard100_endpointfix_3d110b2_r05,marshmallow.decorators_to_schema.hook_error_contract,1,1,agent_artifact:schema_agent:round1,agent_artifact,agent_workspace,schema_agent,False,False,False,000
marshmallow,caid_manager,oh1292_standard100_endpointfix_3d110b2_r05,marshmallow.decorators_to_schema.hook_error_contract,2,2,integration_after_merge:schema_agent:round1,integration_after_merge,integrated_workspace,schema_agent,False,False,False,000
marshmallow,caid_manager,oh1292_standard100_endpointfix_3d110b2_r05,marshmallow.decorators_to_schema.hook_error_contract,3,3,agent_artifact:field_agent:round1,agent_artifact,agent_workspace,field_agent,True,False,False,100
marshmallow,caid_manager,oh1292_standard100_endpointfix_3d110b2_r05,marshmallow.decorators_to_schema.hook_error_contract,4,4,integration_after_merge:field_agent:round1,integration_after_merge,integrated_workspace,field_agent,False,False,False,000
marshmallow,caid_manager,oh1292_standard100_endpointfix_3d110b2_r05,marshmallow.decorators_to_schema.hook_error_contract,5,5,agent_artifact:field_agent:round2,agent_artifact,agent_workspace,field_agent,True,False,False,100
marshmallow,caid_manager,oh1292_standard100_endpointfix_3d110b2_r05,marshmallow.decorators_to_schema.hook_error_contract,6,6,integration_after_merge:field_agent:round2,integration_after_merge,integrated_workspace,field_agent,False,False,False,000
marshmallow,caid_manager,oh1292_standard100_endpointfix_3d110b2_r05,marshmallow.decorators_to_schema.hook_error_contract,7,7,agent_artifact:registry_agent:round1,agent_artifact,agent_workspace,registry_agent,False,False,False,000
marshmallow,caid_manager,oh1292_standard100_endpointfix_3d110b2_r05,marshmallow.decorators_to_schema.hook_error_contract,8,8,integration_after_merge:registry_agent:round1,integration_after_merge,integrated_workspace,registry_agent,False,False,False,000
marshmallow,caid_manager,oh1292_standard100_endpointfix_3d110b2_r05,marshmallow.decorators_to_schema.hook_error_contract,9,9,final_integrated,final_integrated,integrated_workspace,,True,True,True,111
graphene,single,oh1292_standard100_endpointfix_3d110b2_r05,graphene.mounting_to_object.fields_contract,1,1,final_integrated,final_integrated,integrated_workspace,,True,True,True,111
graphene,single,oh1292_standard100_endpointfix_3d110b2_r05,graphene.object_metadata_to_schema.typemap_contract,1,1,final_integrated,final_integrated,integrated_workspace,,True,True,True,111
graphene,single,oh1292_standard100_endpointfix_3d110b2_r05,graphene.scalars_to_schema.coercion_execution_contract,1,1,final_integrated,final_integrated,integrated_workspace,,True,True,True,111
graphene,serial_specialists,oh1292_standard100_endpointfix_3d110b2_r05,graphene.mounting_to_object.fields_contract,1,1,agent_artifact:mounting_agent:round1,agent_artifact,agent_workspace,mounting_agent,True,False,False,100
graphene,serial_specialists,oh1292_standard100_endpointfix_3d110b2_r05,graphene.mounting_to_object.fields_contract,2,2,integration_after_merge:mounting_agent:round1,integration_after_merge,integrated_workspace,mounting_agent,True,False,False,100
graphene,serial_specialists,oh1292_standard100_endpointfix_3d110b2_r05,graphene.mounting_to_object.fields_contract,3,3,agent_artifact:metadata_agent:round1,agent_artifact,agent_workspace,metadata_agent,True,True,True,111
graphene,serial_specialists,oh1292_standard100_endpointfix_3d110b2_r05,graphene.mounting_to_object.fields_contract,4,4,integration_after_merge:metadata_agent:round1,integration_after_merge,integrated_workspace,metadata_agent,True,False,False,100
graphene,serial_specialists,oh1292_standard100_endpointfix_3d110b2_r05,graphene.mounting_to_object.fields_contract,5,5,agent_artifact:schema_agent:round1,agent_artifact,agent_workspace,schema_agent,True,False,False,100
graphene,serial_specialists,oh1292_standard100_endpointfix_3d110b2_r05,graphene.mounting_to_object.fields_contract,6,6,integration_after_merge:schema_agent:round1,integration_after_merge,integrated_workspace,schema_agent,True,False,False,100
graphene,serial_specialists,oh1292_standard100_endpointfix_3d110b2_r05,graphene.mounting_to_object.fields_contract,7,7,final_integrated,final_integrated,integrated_workspace,,True,False,False,100
graphene,serial_specialists,oh1292_standard100_endpointfix_3d110b2_r05,graphene.object_metadata_to_schema.typemap_contract,1,1,agent_artifact:mounting_agent:round1,agent_artifact,agent_workspace,mounting_agent,True,False,False,100
graphene,serial_specialists,oh1292_standard100_endpointfix_3d110b2_r05,graphene.object_metadata_to_schema.typemap_contract,2,2,integration_after_merge:mounting_agent:round1,integration_after_merge,integrated_workspace,mounting_agent,True,False,False,100
graphene,serial_specialists,oh1292_standard100_endpointfix_3d110b2_r05,graphene.object_metadata_to_schema.typemap_contract,3,3,agent_artifact:metadata_agent:round1,agent_artifact,agent_workspace,metadata_agent,True,False,False,100
graphene,serial_specialists,oh1292_standard100_endpointfix_3d110b2_r05,graphene.object_metadata_to_schema.typemap_contract,4,4,integration_after_merge:metadata_agent:round1,integration_after_merge,integrated_workspace,metadata_agent,True,False,False,100
graphene,serial_specialists,oh1292_standard100_endpointfix_3d110b2_r05,graphene.object_metadata_to_schema.typemap_contract,5,5,agent_artifact:schema_agent:round1,agent_artifact,agent_workspace,schema_agent,True,False,False,100
graphene,serial_specialists,oh1292_standard100_endpointfix_3d110b2_r05,graphene.object_metadata_to_schema.typemap_contract,6,6,integration_after_merge:schema_agent:round1,integration_after_merge,integrated_workspace,schema_agent,True,False,False,100
graphene,serial_specialists,oh1292_standard100_endpointfix_3d110b2_r05,graphene.object_metadata_to_schema.typemap_contract,7,7,final_integrated,final_integrated,integrated_workspace,,True,False,False,100
graphene,serial_specialists,oh1292_standard100_endpointfix_3d110b2_r05,graphene.scalars_to_schema.coercion_execution_contract,1,1,agent_artifact:mounting_agent:round1,agent_artifact,agent_workspace,mounting_agent,True,False,False,100
graphene,serial_specialists,oh1292_standard100_endpointfix_3d110b2_r05,graphene.scalars_to_schema.coercion_execution_contract,2,2,integration_after_merge:mounting_agent:round1,integration_after_merge,integrated_workspace,mounting_agent,True,False,False,100
graphene,serial_specialists,oh1292_standard100_endpointfix_3d110b2_r05,graphene.scalars_to_schema.coercion_execution_contract,3,3,agent_artifact:metadata_agent:round1,agent_artifact,agent_workspace,metadata_agent,True,False,False,100
graphene,serial_specialists,oh1292_standard100_endpointfix_3d110b2_r05,graphene.scalars_to_schema.coercion_execution_contract,4,4,integration_after_merge:metadata_agent:round1,integration_after_merge,integrated_workspace,metadata_agent,True,False,False,100
graphene,serial_specialists,oh1292_standard100_endpointfix_3d110b2_r05,graphene.scalars_to_schema.coercion_execution_contract,5,5,agent_artifact:schema_agent:round1,agent_artifact,agent_workspace,schema_agent,True,False,False,100
graphene,serial_specialists,oh1292_standard100_endpointfix_3d110b2_r05,graphene.scalars_to_schema.coercion_execution_contract,6,6,integration_after_merge:schema_agent:round1,integration_after_merge,integrated_workspace,schema_agent,True,False,False,100
graphene,serial_specialists,oh1292_standard100_endpointfix_3d110b2_r05,graphene.scalars_to_schema.coercion_execution_contract,7,7,final_integrated,final_integrated,integrated_workspace,,True,False,False,100
graphene,async_private,oh1292_standard100_endpointfix_3d110b2_r05,graphene.mounting_to_object.fields_contract,1,1,agent_artifact:mounting_agent:round1,agent_artifact,agent_workspace,mounting_agent,True,True,True,111
graphene,async_private,oh1292_standard100_endpointfix_3d110b2_r05,graphene.mounting_to_object.fields_contract,2,2,integration_after_merge:mounting_agent:round1,integration_after_merge,integrated_workspace,mounting_agent,False,False,False,000
graphene,async_private,oh1292_standard100_endpointfix_3d110b2_r05,graphene.mounting_to_object.fields_contract,3,3,agent_artifact:metadata_agent:round1,agent_artifact,agent_workspace,metadata_agent,False,True,False,010
graphene,async_private,oh1292_standard100_endpointfix_3d110b2_r05,graphene.mounting_to_object.fields_contract,4,4,integration_after_merge:metadata_agent:round1,integration_after_merge,integrated_workspace,metadata_agent,False,True,False,010
graphene,async_private,oh1292_standard100_endpointfix_3d110b2_r05,graphene.mounting_to_object.fields_contract,5,5,agent_artifact:schema_agent:round1,agent_artifact,agent_workspace,schema_agent,False,False,False,000
graphene,async_private,oh1292_standard100_endpointfix_3d110b2_r05,graphene.mounting_to_object.fields_contract,6,6,integration_after_merge:schema_agent:round1,integration_after_merge,integrated_workspace,schema_agent,False,True,False,010
graphene,async_private,oh1292_standard100_endpointfix_3d110b2_r05,graphene.mounting_to_object.fields_contract,7,7,final_integrated,final_integrated,integrated_workspace,,False,True,False,010
graphene,async_private,oh1292_standard100_endpointfix_3d110b2_r05,graphene.object_metadata_to_schema.typemap_contract,1,1,agent_artifact:mounting_agent:round1,agent_artifact,agent_workspace,mounting_agent,True,False,False,100
graphene,async_private,oh1292_standard100_endpointfix_3d110b2_r05,graphene.object_metadata_to_schema.typemap_contract,2,2,integration_after_merge:mounting_agent:round1,integration_after_merge,integrated_workspace,mounting_agent,True,False,False,100
graphene,async_private,oh1292_standard100_endpointfix_3d110b2_r05,graphene.object_metadata_to_schema.typemap_contract,3,3,agent_artifact:metadata_agent:round1,agent_artifact,agent_workspace,metadata_agent,True,False,False,100
graphene,async_private,oh1292_standard100_endpointfix_3d110b2_r05,graphene.object_metadata_to_schema.typemap_contract,4,4,integration_after_merge:metadata_agent:round1,integration_after_merge,integrated_workspace,metadata_agent,True,False,False,100
graphene,async_private,oh1292_standard100_endpointfix_3d110b2_r05,graphene.object_metadata_to_schema.typemap_contract,5,5,agent_artifact:schema_agent:round1,agent_artifact,agent_workspace,schema_agent,True,False,False,100
graphene,async_private,oh1292_standard100_endpointfix_3d110b2_r05,graphene.object_metadata_to_schema.typemap_contract,6,6,integration_after_merge:schema_agent:round1,integration_after_merge,integrated_workspace,schema_agent,True,False,False,100
graphene,async_private,oh1292_standard100_endpointfix_3d110b2_r05,graphene.object_metadata_to_schema.typemap_contract,7,7,final_integrated,final_integrated,integrated_workspace,,True,False,False,100
graphene,async_private,oh1292_standard100_endpointfix_3d110b2_r05,graphene.scalars_to_schema.coercion_execution_contract,1,1,agent_artifact:mounting_agent:round1,agent_artifact,agent_workspace,mounting_agent,True,False,False,100
graphene,async_private,oh1292_standard100_endpointfix_3d110b2_r05,graphene.scalars_to_schema.coercion_execution_contract,2,2,integration_after_merge:mounting_agent:round1,integration_after_merge,integrated_workspace,mounting_agent,False,False,False,000
graphene,async_private,oh1292_standard100_endpointfix_3d110b2_r05,graphene.scalars_to_schema.coercion_execution_contract,3,3,agent_artifact:metadata_agent:round1,agent_artifact,agent_workspace,metadata_agent,False,False,False,000
graphene,async_private,oh1292_standard100_endpointfix_3d110b2_r05,graphene.scalars_to_schema.coercion_execution_contract,4,4,integration_after_merge:metadata_agent:round1,integration_after_merge,integrated_workspace,metadata_agent,False,False,False,000
graphene,async_private,oh1292_standard100_endpointfix_3d110b2_r05,graphene.scalars_to_schema.coercion_execution_contract,5,5,agent_artifact:schema_agent:round1,agent_artifact,agent_workspace,schema_agent,False,False,False,000
graphene,async_private,oh1292_standard100_endpointfix_3d110b2_r05,graphene.scalars_to_schema.coercion_execution_contract,6,6,integration_after_merge:schema_agent:round1,integration_after_merge,integrated_workspace,schema_agent,False,False,False,000
graphene,async_private,oh1292_standard100_endpointfix_3d110b2_r05,graphene.scalars_to_schema.coercion_execution_contract,7,7,final_integrated,final_integrated,integrated_workspace,,False,False,False,000
graphene,caid_manager,oh1292_standard100_endpointfix_3d110b2_r05,graphene.mounting_to_object.fields_contract,1,1,agent_artifact:metadata_agent:round1,agent_artifact,agent_workspace,metadata_agent,False,True,False,010
graphene,caid_manager,oh1292_standard100_endpointfix_3d110b2_r05,graphene.mounting_to_object.fields_contract,2,2,integration_after_merge:metadata_agent:round1,integration_after_merge,integrated_workspace,metadata_agent,False,True,False,010
graphene,caid_manager,oh1292_standard100_endpointfix_3d110b2_r05,graphene.mounting_to_object.fields_contract,3,3,agent_artifact:mounting_agent:round1,agent_artifact,agent_workspace,mounting_agent,True,True,True,111
graphene,caid_manager,oh1292_standard100_endpointfix_3d110b2_r05,graphene.mounting_to_object.fields_contract,4,4,integration_after_merge:mounting_agent:round1,integration_after_merge,integrated_workspace,mounting_agent,False,True,False,010
graphene,caid_manager,oh1292_standard100_endpointfix_3d110b2_r05,graphene.mounting_to_object.fields_contract,5,5,agent_artifact:schema_agent:round1,agent_artifact,agent_workspace,schema_agent,False,True,False,010
graphene,caid_manager,oh1292_standard100_endpointfix_3d110b2_r05,graphene.mounting_to_object.fields_contract,6,6,integration_after_merge:schema_agent:round1,integration_after_merge,integrated_workspace,schema_agent,False,True,False,010
graphene,caid_manager,oh1292_standard100_endpointfix_3d110b2_r05,graphene.mounting_to_object.fields_contract,7,7,agent_artifact:mounting_agent:round2,agent_artifact,agent_workspace,mounting_agent,True,True,True,111
graphene,caid_manager,oh1292_standard100_endpointfix_3d110b2_r05,graphene.mounting_to_object.fields_contract,8,8,integration_after_merge:mounting_agent:round2,integration_after_merge,integrated_workspace,mounting_agent,False,True,False,010
graphene,caid_manager,oh1292_standard100_endpointfix_3d110b2_r05,graphene.mounting_to_object.fields_contract,9,9,agent_artifact:schema_agent:round2,agent_artifact,agent_workspace,schema_agent,False,True,False,010
graphene,caid_manager,oh1292_standard100_endpointfix_3d110b2_r05,graphene.mounting_to_object.fields_contract,10,10,integration_after_merge:schema_agent:round2,integration_after_merge,integrated_workspace,schema_agent,False,True,False,010
graphene,caid_manager,oh1292_standard100_endpointfix_3d110b2_r05,graphene.mounting_to_object.fields_contract,11,11,final_integrated,final_integrated,integrated_workspace,,True,True,True,111
graphene,caid_manager,oh1292_standard100_endpointfix_3d110b2_r05,graphene.object_metadata_to_schema.typemap_contract,1,1,agent_artifact:metadata_agent:round1,agent_artifact,agent_workspace,metadata_agent,True,False,False,100
graphene,caid_manager,oh1292_standard100_endpointfix_3d110b2_r05,graphene.object_metadata_to_schema.typemap_contract,2,2,integration_after_merge:metadata_agent:round1,integration_after_merge,integrated_workspace,metadata_agent,True,False,False,100
graphene,caid_manager,oh1292_standard100_endpointfix_3d110b2_r05,graphene.object_metadata_to_schema.typemap_contract,3,3,agent_artifact:mounting_agent:round1,agent_artifact,agent_workspace,mounting_agent,True,False,False,100
graphene,caid_manager,oh1292_standard100_endpointfix_3d110b2_r05,graphene.object_metadata_to_schema.typemap_contract,4,4,integration_after_merge:mounting_agent:round1,integration_after_merge,integrated_workspace,mounting_agent,True,False,False,100
graphene,caid_manager,oh1292_standard100_endpointfix_3d110b2_r05,graphene.object_metadata_to_schema.typemap_contract,5,5,agent_artifact:schema_agent:round1,agent_artifact,agent_workspace,schema_agent,True,False,False,100
graphene,caid_manager,oh1292_standard100_endpointfix_3d110b2_r05,graphene.object_metadata_to_schema.typemap_contract,6,6,integration_after_merge:schema_agent:round1,integration_after_merge,integrated_workspace,schema_agent,True,False,False,100
graphene,caid_manager,oh1292_standard100_endpointfix_3d110b2_r05,graphene.object_metadata_to_schema.typemap_contract,7,7,agent_artifact:mounting_agent:round2,agent_artifact,agent_workspace,mounting_agent,True,False,False,100
graphene,caid_manager,oh1292_standard100_endpointfix_3d110b2_r05,graphene.object_metadata_to_schema.typemap_contract,8,8,integration_after_merge:mounting_agent:round2,integration_after_merge,integrated_workspace,mounting_agent,True,False,False,100
graphene,caid_manager,oh1292_standard100_endpointfix_3d110b2_r05,graphene.object_metadata_to_schema.typemap_contract,9,9,agent_artifact:schema_agent:round2,agent_artifact,agent_workspace,schema_agent,True,False,False,100
graphene,caid_manager,oh1292_standard100_endpointfix_3d110b2_r05,graphene.object_metadata_to_schema.typemap_contract,10,10,integration_after_merge:schema_agent:round2,integration_after_merge,integrated_workspace,schema_agent,True,False,False,100
graphene,caid_manager,oh1292_standard100_endpointfix_3d110b2_r05,graphene.object_metadata_to_schema.typemap_contract,11,11,final_integrated,final_integrated,integrated_workspace,,True,True,True,111
graphene,caid_manager,oh1292_standard100_endpointfix_3d110b2_r05,graphene.scalars_to_schema.coercion_execution_contract,1,1,agent_artifact:metadata_agent:round1,agent_artifact,agent_workspace,metadata_agent,False,False,False,000
graphene,caid_manager,oh1292_standard100_endpointfix_3d110b2_r05,graphene.scalars_to_schema.coercion_execution_contract,2,2,integration_after_merge:metadata_agent:round1,integration_after_merge,integrated_workspace,metadata_agent,False,False,False,000
graphene,caid_manager,oh1292_standard100_endpointfix_3d110b2_r05,graphene.scalars_to_schema.coercion_execution_contract,3,3,agent_artifact:mounting_agent:round1,agent_artifact,agent_workspace,mounting_agent,True,False,False,100
graphene,caid_manager,oh1292_standard100_endpointfix_3d110b2_r05,graphene.scalars_to_schema.coercion_execution_contract,4,4,integration_after_merge:mounting_agent:round1,integration_after_merge,integrated_workspace,mounting_agent,False,False,False,000
graphene,caid_manager,oh1292_standard100_endpointfix_3d110b2_r05,graphene.scalars_to_schema.coercion_execution_contract,5,5,agent_artifact:schema_agent:round1,agent_artifact,agent_workspace,schema_agent,False,False,False,000
graphene,caid_manager,oh1292_standard100_endpointfix_3d110b2_r05,graphene.scalars_to_schema.coercion_execution_contract,6,6,integration_after_merge:schema_agent:round1,integration_after_merge,integrated_workspace,schema_agent,False,False,False,000
graphene,caid_manager,oh1292_standard100_endpointfix_3d110b2_r05,graphene.scalars_to_schema.coercion_execution_contract,7,7,agent_artifact:mounting_agent:round2,agent_artifact,agent_workspace,mounting_agent,True,False,False,100
graphene,caid_manager,oh1292_standard100_endpointfix_3d110b2_r05,graphene.scalars_to_schema.coercion_execution_contract,8,8,integration_after_merge:mounting_agent:round2,integration_after_merge,integrated_workspace,mounting_agent,False,False,False,000
graphene,caid_manager,oh1292_standard100_endpointfix_3d110b2_r05,graphene.scalars_to_schema.coercion_execution_contract,9,9,agent_artifact:schema_agent:round2,agent_artifact,agent_workspace,schema_agent,False,False,False,000
graphene,caid_manager,oh1292_standard100_endpointfix_3d110b2_r05,graphene.scalars_to_schema.coercion_execution_contract,10,10,integration_after_merge:schema_agent:round2,integration_after_merge,integrated_workspace,schema_agent,False,False,False,000
graphene,caid_manager,oh1292_standard100_endpointfix_3d110b2_r05,graphene.scalars_to_schema.coercion_execution_contract,11,11,final_integrated,final_integrated,integrated_workspace,,True,True,True,111
imapclient,single,oh1292_standard100_ddebb7d_r01,imapclient.lexer_to_parser.token_literal_contract,1,1,final_integrated,final_integrated,integrated_workspace,,True,True,True,111
imapclient,single,oh1292_standard100_ddebb7d_r01,imapclient.parser_to_client.typed_response_contract,1,1,final_integrated,final_integrated,integrated_workspace,,True,False,False,100
imapclient,single,oh1292_standard100_ddebb7d_r01,imapclient.utility_to_client.command_normalization_contract,1,1,final_integrated,final_integrated,integrated_workspace,,False,False,False,000
imapclient,serial_specialists,oh1292_standard100_ddebb7d_r01,imapclient.lexer_to_parser.token_literal_contract,1,1,agent_artifact:utility_lexer_agent:round1,agent_artifact,agent_workspace,utility_lexer_agent,True,False,False,100
imapclient,serial_specialists,oh1292_standard100_ddebb7d_r01,imapclient.lexer_to_parser.token_literal_contract,2,2,integration_after_merge:utility_lexer_agent:round1,integration_after_merge,integrated_workspace,utility_lexer_agent,True,False,False,100
imapclient,serial_specialists,oh1292_standard100_ddebb7d_r01,imapclient.lexer_to_parser.token_literal_contract,3,3,agent_artifact:parser_agent:round1,agent_artifact,agent_workspace,parser_agent,True,True,True,111
imapclient,serial_specialists,oh1292_standard100_ddebb7d_r01,imapclient.lexer_to_parser.token_literal_contract,4,4,integration_after_merge:parser_agent:round1,integration_after_merge,integrated_workspace,parser_agent,True,True,True,111
imapclient,serial_specialists,oh1292_standard100_ddebb7d_r01,imapclient.lexer_to_parser.token_literal_contract,5,5,agent_artifact:client_agent:round1,agent_artifact,agent_workspace,client_agent,True,True,True,111
imapclient,serial_specialists,oh1292_standard100_ddebb7d_r01,imapclient.lexer_to_parser.token_literal_contract,6,6,integration_after_merge:client_agent:round1,integration_after_merge,integrated_workspace,client_agent,True,True,True,111
imapclient,serial_specialists,oh1292_standard100_ddebb7d_r01,imapclient.lexer_to_parser.token_literal_contract,7,7,final_integrated,final_integrated,integrated_workspace,,True,True,True,111
imapclient,serial_specialists,oh1292_standard100_ddebb7d_r01,imapclient.parser_to_client.typed_response_contract,1,1,agent_artifact:utility_lexer_agent:round1,agent_artifact,agent_workspace,utility_lexer_agent,False,False,False,000
imapclient,serial_specialists,oh1292_standard100_ddebb7d_r01,imapclient.parser_to_client.typed_response_contract,2,2,integration_after_merge:utility_lexer_agent:round1,integration_after_merge,integrated_workspace,utility_lexer_agent,False,False,False,000
imapclient,serial_specialists,oh1292_standard100_ddebb7d_r01,imapclient.parser_to_client.typed_response_contract,3,3,agent_artifact:parser_agent:round1,agent_artifact,agent_workspace,parser_agent,True,False,False,100
imapclient,serial_specialists,oh1292_standard100_ddebb7d_r01,imapclient.parser_to_client.typed_response_contract,4,4,integration_after_merge:parser_agent:round1,integration_after_merge,integrated_workspace,parser_agent,True,False,False,100
imapclient,serial_specialists,oh1292_standard100_ddebb7d_r01,imapclient.parser_to_client.typed_response_contract,5,5,agent_artifact:client_agent:round1,agent_artifact,agent_workspace,client_agent,True,False,False,100
imapclient,serial_specialists,oh1292_standard100_ddebb7d_r01,imapclient.parser_to_client.typed_response_contract,6,6,integration_after_merge:client_agent:round1,integration_after_merge,integrated_workspace,client_agent,True,False,False,100
imapclient,serial_specialists,oh1292_standard100_ddebb7d_r01,imapclient.parser_to_client.typed_response_contract,7,7,final_integrated,final_integrated,integrated_workspace,,True,False,False,100
imapclient,serial_specialists,oh1292_standard100_ddebb7d_r01,imapclient.utility_to_client.command_normalization_contract,1,1,agent_artifact:utility_lexer_agent:round1,agent_artifact,agent_workspace,utility_lexer_agent,True,False,False,100
imapclient,serial_specialists,oh1292_standard100_ddebb7d_r01,imapclient.utility_to_client.command_normalization_contract,2,2,integration_after_merge:utility_lexer_agent:round1,integration_after_merge,integrated_workspace,utility_lexer_agent,True,False,False,100
imapclient,serial_specialists,oh1292_standard100_ddebb7d_r01,imapclient.utility_to_client.command_normalization_contract,3,3,agent_artifact:parser_agent:round1,agent_artifact,agent_workspace,parser_agent,True,False,False,100
imapclient,serial_specialists,oh1292_standard100_ddebb7d_r01,imapclient.utility_to_client.command_normalization_contract,4,4,integration_after_merge:parser_agent:round1,integration_after_merge,integrated_workspace,parser_agent,True,False,False,100
imapclient,serial_specialists,oh1292_standard100_ddebb7d_r01,imapclient.utility_to_client.command_normalization_contract,5,5,agent_artifact:client_agent:round1,agent_artifact,agent_workspace,client_agent,True,False,False,100
imapclient,serial_specialists,oh1292_standard100_ddebb7d_r01,imapclient.utility_to_client.command_normalization_contract,6,6,integration_after_merge:client_agent:round1,integration_after_merge,integrated_workspace,client_agent,True,False,False,100
imapclient,serial_specialists,oh1292_standard100_ddebb7d_r01,imapclient.utility_to_client.command_normalization_contract,7,7,final_integrated,final_integrated,integrated_workspace,,True,False,False,100
imapclient,async_private,oh1292_standard100_ddebb7d_r01,imapclient.lexer_to_parser.token_literal_contract,1,1,agent_artifact:utility_lexer_agent:round1,agent_artifact,agent_workspace,utility_lexer_agent,True,False,False,100
imapclient,async_private,oh1292_standard100_ddebb7d_r01,imapclient.lexer_to_parser.token_literal_contract,2,2,integration_after_merge:utility_lexer_agent:round1,integration_after_merge,integrated_workspace,utility_lexer_agent,True,False,False,100
imapclient,async_private,oh1292_standard100_ddebb7d_r01,imapclient.lexer_to_parser.token_literal_contract,3,3,agent_artifact:parser_agent:round1,agent_artifact,agent_workspace,parser_agent,False,False,False,000
imapclient,async_private,oh1292_standard100_ddebb7d_r01,imapclient.lexer_to_parser.token_literal_contract,4,4,integration_after_merge:parser_agent:round1,integration_after_merge,integrated_workspace,parser_agent,True,True,True,111
imapclient,async_private,oh1292_standard100_ddebb7d_r01,imapclient.lexer_to_parser.token_literal_contract,5,5,agent_artifact:client_agent:round1,agent_artifact,agent_workspace,client_agent,False,False,False,000
imapclient,async_private,oh1292_standard100_ddebb7d_r01,imapclient.lexer_to_parser.token_literal_contract,6,6,integration_after_merge:client_agent:round1,integration_after_merge,integrated_workspace,client_agent,True,True,True,111
imapclient,async_private,oh1292_standard100_ddebb7d_r01,imapclient.lexer_to_parser.token_literal_contract,7,7,final_integrated,final_integrated,integrated_workspace,,True,True,True,111
imapclient,async_private,oh1292_standard100_ddebb7d_r01,imapclient.parser_to_client.typed_response_contract,1,1,agent_artifact:utility_lexer_agent:round1,agent_artifact,agent_workspace,utility_lexer_agent,False,False,False,000
imapclient,async_private,oh1292_standard100_ddebb7d_r01,imapclient.parser_to_client.typed_response_contract,2,2,integration_after_merge:utility_lexer_agent:round1,integration_after_merge,integrated_workspace,utility_lexer_agent,False,False,False,000
imapclient,async_private,oh1292_standard100_ddebb7d_r01,imapclient.parser_to_client.typed_response_contract,3,3,agent_artifact:parser_agent:round1,agent_artifact,agent_workspace,parser_agent,False,False,False,000
imapclient,async_private,oh1292_standard100_ddebb7d_r01,imapclient.parser_to_client.typed_response_contract,4,4,integration_after_merge:parser_agent:round1,integration_after_merge,integrated_workspace,parser_agent,True,False,False,100
imapclient,async_private,oh1292_standard100_ddebb7d_r01,imapclient.parser_to_client.typed_response_contract,5,5,agent_artifact:client_agent:round1,agent_artifact,agent_workspace,client_agent,False,False,False,000
imapclient,async_private,oh1292_standard100_ddebb7d_r01,imapclient.parser_to_client.typed_response_contract,6,6,integration_after_merge:client_agent:round1,integration_after_merge,integrated_workspace,client_agent,True,False,False,100
imapclient,async_private,oh1292_standard100_ddebb7d_r01,imapclient.parser_to_client.typed_response_contract,7,7,final_integrated,final_integrated,integrated_workspace,,True,False,False,100
imapclient,async_private,oh1292_standard100_ddebb7d_r01,imapclient.utility_to_client.command_normalization_contract,1,1,agent_artifact:utility_lexer_agent:round1,agent_artifact,agent_workspace,utility_lexer_agent,True,False,False,100
imapclient,async_private,oh1292_standard100_ddebb7d_r01,imapclient.utility_to_client.command_normalization_contract,2,2,integration_after_merge:utility_lexer_agent:round1,integration_after_merge,integrated_workspace,utility_lexer_agent,True,False,False,100
imapclient,async_private,oh1292_standard100_ddebb7d_r01,imapclient.utility_to_client.command_normalization_contract,3,3,agent_artifact:parser_agent:round1,agent_artifact,agent_workspace,parser_agent,False,False,False,000
imapclient,async_private,oh1292_standard100_ddebb7d_r01,imapclient.utility_to_client.command_normalization_contract,4,4,integration_after_merge:parser_agent:round1,integration_after_merge,integrated_workspace,parser_agent,True,False,False,100
imapclient,async_private,oh1292_standard100_ddebb7d_r01,imapclient.utility_to_client.command_normalization_contract,5,5,agent_artifact:client_agent:round1,agent_artifact,agent_workspace,client_agent,False,False,False,000
imapclient,async_private,oh1292_standard100_ddebb7d_r01,imapclient.utility_to_client.command_normalization_contract,6,6,integration_after_merge:client_agent:round1,integration_after_merge,integrated_workspace,client_agent,True,False,False,100
imapclient,async_private,oh1292_standard100_ddebb7d_r01,imapclient.utility_to_client.command_normalization_contract,7,7,final_integrated,final_integrated,integrated_workspace,,True,False,False,100
imapclient,caid_manager,oh1292_standard100_ddebb7d_r01,imapclient.lexer_to_parser.token_literal_contract,1,1,agent_artifact:client_agent:round1,agent_artifact,agent_workspace,client_agent,False,False,False,000
imapclient,caid_manager,oh1292_standard100_ddebb7d_r01,imapclient.lexer_to_parser.token_literal_contract,2,2,integration_after_merge:client_agent:round1,integration_after_merge,integrated_workspace,client_agent,False,False,False,000
imapclient,caid_manager,oh1292_standard100_ddebb7d_r01,imapclient.lexer_to_parser.token_literal_contract,3,3,agent_artifact:utility_lexer_agent:round1,agent_artifact,agent_workspace,utility_lexer_agent,True,False,False,100
imapclient,caid_manager,oh1292_standard100_ddebb7d_r01,imapclient.lexer_to_parser.token_literal_contract,4,4,integration_after_merge:utility_lexer_agent:round1,integration_after_merge,integrated_workspace,utility_lexer_agent,False,False,False,000
imapclient,caid_manager,oh1292_standard100_ddebb7d_r01,imapclient.lexer_to_parser.token_literal_contract,5,5,agent_artifact:utility_lexer_agent:round2,agent_artifact,agent_workspace,utility_lexer_agent,True,False,False,100
imapclient,caid_manager,oh1292_standard100_ddebb7d_r01,imapclient.lexer_to_parser.token_literal_contract,6,6,integration_after_merge:utility_lexer_agent:round2,integration_after_merge,integrated_workspace,utility_lexer_agent,False,False,False,000
imapclient,caid_manager,oh1292_standard100_ddebb7d_r01,imapclient.lexer_to_parser.token_literal_contract,7,7,agent_artifact:parser_agent:round1,agent_artifact,agent_workspace,parser_agent,False,True,False,010
imapclient,caid_manager,oh1292_standard100_ddebb7d_r01,imapclient.lexer_to_parser.token_literal_contract,8,8,integration_after_merge:parser_agent:round1,integration_after_merge,integrated_workspace,parser_agent,False,False,False,000
imapclient,caid_manager,oh1292_standard100_ddebb7d_r01,imapclient.lexer_to_parser.token_literal_contract,9,9,agent_artifact:parser_agent:round2,agent_artifact,agent_workspace,parser_agent,False,True,False,010
imapclient,caid_manager,oh1292_standard100_ddebb7d_r01,imapclient.lexer_to_parser.token_literal_contract,10,10,integration_after_merge:parser_agent:round2,integration_after_merge,integrated_workspace,parser_agent,False,False,False,000
imapclient,caid_manager,oh1292_standard100_ddebb7d_r01,imapclient.lexer_to_parser.token_literal_contract,11,11,final_integrated,final_integrated,integrated_workspace,,True,True,True,111
imapclient,caid_manager,oh1292_standard100_ddebb7d_r01,imapclient.parser_to_client.typed_response_contract,1,1,agent_artifact:client_agent:round1,agent_artifact,agent_workspace,client_agent,False,False,False,000
imapclient,caid_manager,oh1292_standard100_ddebb7d_r01,imapclient.parser_to_client.typed_response_contract,2,2,integration_after_merge:client_agent:round1,integration_after_merge,integrated_workspace,client_agent,False,False,False,000
imapclient,caid_manager,oh1292_standard100_ddebb7d_r01,imapclient.parser_to_client.typed_response_contract,3,3,agent_artifact:utility_lexer_agent:round1,agent_artifact,agent_workspace,utility_lexer_agent,False,False,False,000
imapclient,caid_manager,oh1292_standard100_ddebb7d_r01,imapclient.parser_to_client.typed_response_contract,4,4,integration_after_merge:utility_lexer_agent:round1,integration_after_merge,integrated_workspace,utility_lexer_agent,False,False,False,000
imapclient,caid_manager,oh1292_standard100_ddebb7d_r01,imapclient.parser_to_client.typed_response_contract,5,5,agent_artifact:utility_lexer_agent:round2,agent_artifact,agent_workspace,utility_lexer_agent,False,False,False,000
imapclient,caid_manager,oh1292_standard100_ddebb7d_r01,imapclient.parser_to_client.typed_response_contract,6,6,integration_after_merge:utility_lexer_agent:round2,integration_after_merge,integrated_workspace,utility_lexer_agent,False,False,False,000
imapclient,caid_manager,oh1292_standard100_ddebb7d_r01,imapclient.parser_to_client.typed_response_contract,7,7,agent_artifact:parser_agent:round1,agent_artifact,agent_workspace,parser_agent,True,False,False,100
imapclient,caid_manager,oh1292_standard100_ddebb7d_r01,imapclient.parser_to_client.typed_response_contract,8,8,integration_after_merge:parser_agent:round1,integration_after_merge,integrated_workspace,parser_agent,False,False,False,000
imapclient,caid_manager,oh1292_standard100_ddebb7d_r01,imapclient.parser_to_client.typed_response_contract,9,9,agent_artifact:parser_agent:round2,agent_artifact,agent_workspace,parser_agent,True,False,False,100
imapclient,caid_manager,oh1292_standard100_ddebb7d_r01,imapclient.parser_to_client.typed_response_contract,10,10,integration_after_merge:parser_agent:round2,integration_after_merge,integrated_workspace,parser_agent,False,False,False,000
imapclient,caid_manager,oh1292_standard100_ddebb7d_r01,imapclient.parser_to_client.typed_response_contract,11,11,final_integrated,final_integrated,integrated_workspace,,True,True,True,111
imapclient,caid_manager,oh1292_standard100_ddebb7d_r01,imapclient.utility_to_client.command_normalization_contract,1,1,agent_artifact:client_agent:round1,agent_artifact,agent_workspace,client_agent,False,False,False,000
imapclient,caid_manager,oh1292_standard100_ddebb7d_r01,imapclient.utility_to_client.command_normalization_contract,2,2,integration_after_merge:client_agent:round1,integration_after_merge,integrated_workspace,client_agent,False,False,False,000
imapclient,caid_manager,oh1292_standard100_ddebb7d_r01,imapclient.utility_to_client.command_normalization_contract,3,3,agent_artifact:utility_lexer_agent:round1,agent_artifact,agent_workspace,utility_lexer_agent,True,False,False,100
imapclient,caid_manager,oh1292_standard100_ddebb7d_r01,imapclient.utility_to_client.command_normalization_contract,4,4,integration_after_merge:utility_lexer_agent:round1,integration_after_merge,integrated_workspace,utility_lexer_agent,False,False,False,000
imapclient,caid_manager,oh1292_standard100_ddebb7d_r01,imapclient.utility_to_client.command_normalization_contract,5,5,agent_artifact:utility_lexer_agent:round2,agent_artifact,agent_workspace,utility_lexer_agent,True,False,False,100
imapclient,caid_manager,oh1292_standard100_ddebb7d_r01,imapclient.utility_to_client.command_normalization_contract,6,6,integration_after_merge:utility_lexer_agent:round2,integration_after_merge,integrated_workspace,utility_lexer_agent,False,False,False,000
imapclient,caid_manager,oh1292_standard100_ddebb7d_r01,imapclient.utility_to_client.command_normalization_contract,7,7,agent_artifact:parser_agent:round1,agent_artifact,agent_workspace,parser_agent,False,False,False,000
imapclient,caid_manager,oh1292_standard100_ddebb7d_r01,imapclient.utility_to_client.command_normalization_contract,8,8,integration_after_merge:parser_agent:round1,integration_after_merge,integrated_workspace,parser_agent,False,False,False,000
imapclient,caid_manager,oh1292_standard100_ddebb7d_r01,imapclient.utility_to_client.command_normalization_contract,9,9,agent_artifact:parser_agent:round2,agent_artifact,agent_workspace,parser_agent,False,False,False,000
imapclient,caid_manager,oh1292_standard100_ddebb7d_r01,imapclient.utility_to_client.command_normalization_contract,10,10,integration_after_merge:parser_agent:round2,integration_after_merge,integrated_workspace,parser_agent,False,False,False,000
imapclient,caid_manager,oh1292_standard100_ddebb7d_r01,imapclient.utility_to_client.command_normalization_contract,11,11,final_integrated,final_integrated,integrated_workspace,,True,True,True,111
pexpect,single,oh1292_standard100_endpointfix_3d110b2_r05,pexpect.expect_to_spawn.match_state_contract,1,1,final_integrated,final_integrated,integrated_workspace,,False,False,False,000
pexpect,single,oh1292_standard100_endpointfix_3d110b2_r05,pexpect.transport_to_spawn.read_timeout_contract,1,1,final_integrated,final_integrated,integrated_workspace,,False,False,False,000
pexpect,single,oh1292_standard100_endpointfix_3d110b2_r05,pexpect.spawn_to_wrappers.run_async_contract,1,1,final_integrated,final_integrated,integrated_workspace,,False,False,False,000
pexpect,serial_specialists,oh1292_standard100_endpointfix_3d110b2_r05,pexpect.expect_to_spawn.match_state_contract,1,1,agent_artifact:expect_agent:round1,agent_artifact,agent_workspace,expect_agent,False,False,False,000
pexpect,serial_specialists,oh1292_standard100_endpointfix_3d110b2_r05,pexpect.expect_to_spawn.match_state_contract,2,2,integration_after_merge:expect_agent:round1,integration_after_merge,integrated_workspace,expect_agent,False,False,False,000
pexpect,serial_specialists,oh1292_standard100_endpointfix_3d110b2_r05,pexpect.expect_to_spawn.match_state_contract,3,3,agent_artifact:transport_agent:round1,agent_artifact,agent_workspace,transport_agent,False,False,False,000
pexpect,serial_specialists,oh1292_standard100_endpointfix_3d110b2_r05,pexpect.expect_to_spawn.match_state_contract,4,4,integration_after_merge:transport_agent:round1,integration_after_merge,integrated_workspace,transport_agent,False,False,False,000
pexpect,serial_specialists,oh1292_standard100_endpointfix_3d110b2_r05,pexpect.expect_to_spawn.match_state_contract,5,5,agent_artifact:spawn_agent:round1,agent_artifact,agent_workspace,spawn_agent,False,False,False,000
pexpect,serial_specialists,oh1292_standard100_endpointfix_3d110b2_r05,pexpect.expect_to_spawn.match_state_contract,6,6,integration_after_merge:spawn_agent:round1,integration_after_merge,integrated_workspace,spawn_agent,False,False,False,000
pexpect,serial_specialists,oh1292_standard100_endpointfix_3d110b2_r05,pexpect.expect_to_spawn.match_state_contract,7,7,agent_artifact:wrapper_agent:round1,agent_artifact,agent_workspace,wrapper_agent,False,False,False,000
pexpect,serial_specialists,oh1292_standard100_endpointfix_3d110b2_r05,pexpect.expect_to_spawn.match_state_contract,8,8,integration_after_merge:wrapper_agent:round1,integration_after_merge,integrated_workspace,wrapper_agent,False,False,False,000
pexpect,serial_specialists,oh1292_standard100_endpointfix_3d110b2_r05,pexpect.expect_to_spawn.match_state_contract,9,9,final_integrated,final_integrated,integrated_workspace,,False,False,False,000
pexpect,serial_specialists,oh1292_standard100_endpointfix_3d110b2_r05,pexpect.transport_to_spawn.read_timeout_contract,1,1,agent_artifact:expect_agent:round1,agent_artifact,agent_workspace,expect_agent,False,False,False,000
pexpect,serial_specialists,oh1292_standard100_endpointfix_3d110b2_r05,pexpect.transport_to_spawn.read_timeout_contract,2,2,integration_after_merge:expect_agent:round1,integration_after_merge,integrated_workspace,expect_agent,False,False,False,000
pexpect,serial_specialists,oh1292_standard100_endpointfix_3d110b2_r05,pexpect.transport_to_spawn.read_timeout_contract,3,3,agent_artifact:transport_agent:round1,agent_artifact,agent_workspace,transport_agent,True,False,False,100
pexpect,serial_specialists,oh1292_standard100_endpointfix_3d110b2_r05,pexpect.transport_to_spawn.read_timeout_contract,4,4,integration_after_merge:transport_agent:round1,integration_after_merge,integrated_workspace,transport_agent,False,False,False,000
pexpect,serial_specialists,oh1292_standard100_endpointfix_3d110b2_r05,pexpect.transport_to_spawn.read_timeout_contract,5,5,agent_artifact:spawn_agent:round1,agent_artifact,agent_workspace,spawn_agent,False,False,False,000
pexpect,serial_specialists,oh1292_standard100_endpointfix_3d110b2_r05,pexpect.transport_to_spawn.read_timeout_contract,6,6,integration_after_merge:spawn_agent:round1,integration_after_merge,integrated_workspace,spawn_agent,False,False,False,000
pexpect,serial_specialists,oh1292_standard100_endpointfix_3d110b2_r05,pexpect.transport_to_spawn.read_timeout_contract,7,7,agent_artifact:wrapper_agent:round1,agent_artifact,agent_workspace,wrapper_agent,False,False,False,000
pexpect,serial_specialists,oh1292_standard100_endpointfix_3d110b2_r05,pexpect.transport_to_spawn.read_timeout_contract,8,8,integration_after_merge:wrapper_agent:round1,integration_after_merge,integrated_workspace,wrapper_agent,False,False,False,000
pexpect,serial_specialists,oh1292_standard100_endpointfix_3d110b2_r05,pexpect.transport_to_spawn.read_timeout_contract,9,9,final_integrated,final_integrated,integrated_workspace,,False,False,False,000
pexpect,serial_specialists,oh1292_standard100_endpointfix_3d110b2_r05,pexpect.spawn_to_wrappers.run_async_contract,1,1,agent_artifact:expect_agent:round1,agent_artifact,agent_workspace,expect_agent,False,False,False,000
pexpect,serial_specialists,oh1292_standard100_endpointfix_3d110b2_r05,pexpect.spawn_to_wrappers.run_async_contract,2,2,integration_after_merge:expect_agent:round1,integration_after_merge,integrated_workspace,expect_agent,False,False,False,000
pexpect,serial_specialists,oh1292_standard100_endpointfix_3d110b2_r05,pexpect.spawn_to_wrappers.run_async_contract,3,3,agent_artifact:transport_agent:round1,agent_artifact,agent_workspace,transport_agent,False,False,False,000
pexpect,serial_specialists,oh1292_standard100_endpointfix_3d110b2_r05,pexpect.spawn_to_wrappers.run_async_contract,4,4,integration_after_merge:transport_agent:round1,integration_after_merge,integrated_workspace,transport_agent,False,False,False,000
pexpect,serial_specialists,oh1292_standard100_endpointfix_3d110b2_r05,pexpect.spawn_to_wrappers.run_async_contract,5,5,agent_artifact:spawn_agent:round1,agent_artifact,agent_workspace,spawn_agent,False,False,False,000
pexpect,serial_specialists,oh1292_standard100_endpointfix_3d110b2_r05,pexpect.spawn_to_wrappers.run_async_contract,6,6,integration_after_merge:spawn_agent:round1,integration_after_merge,integrated_workspace,spawn_agent,False,False,False,000
pexpect,serial_specialists,oh1292_standard100_endpointfix_3d110b2_r05,pexpect.spawn_to_wrappers.run_async_contract,7,7,agent_artifact:wrapper_agent:round1,agent_artifact,agent_workspace,wrapper_agent,False,False,False,000
pexpect,serial_specialists,oh1292_standard100_endpointfix_3d110b2_r05,pexpect.spawn_to_wrappers.run_async_contract,8,8,integration_after_merge:wrapper_agent:round1,integration_after_merge,integrated_workspace,wrapper_agent,False,False,False,000
pexpect,serial_specialists,oh1292_standard100_endpointfix_3d110b2_r05,pexpect.spawn_to_wrappers.run_async_contract,9,9,final_integrated,final_integrated,integrated_workspace,,False,False,False,000
pexpect,async_private,oh1292_standard100_endpointfix_3d110b2_r05,pexpect.expect_to_spawn.match_state_contract,1,1,agent_artifact:expect_agent:round1,agent_artifact,agent_workspace,expect_agent,False,False,False,000
pexpect,async_private,oh1292_standard100_endpointfix_3d110b2_r05,pexpect.expect_to_spawn.match_state_contract,2,2,integration_after_merge:expect_agent:round1,integration_after_merge,integrated_workspace,expect_agent,False,False,False,000
pexpect,async_private,oh1292_standard100_endpointfix_3d110b2_r05,pexpect.expect_to_spawn.match_state_contract,3,3,agent_artifact:transport_agent:round1,agent_artifact,agent_workspace,transport_agent,True,True,True,111
pexpect,async_private,oh1292_standard100_endpointfix_3d110b2_r05,pexpect.expect_to_spawn.match_state_contract,4,4,integration_after_merge:transport_agent:round1,integration_after_merge,integrated_workspace,transport_agent,False,False,False,000
pexpect,async_private,oh1292_standard100_endpointfix_3d110b2_r05,pexpect.expect_to_spawn.match_state_contract,5,5,agent_artifact:spawn_agent:round1,agent_artifact,agent_workspace,spawn_agent,False,False,False,000
pexpect,async_private,oh1292_standard100_endpointfix_3d110b2_r05,pexpect.expect_to_spawn.match_state_contract,6,6,integration_after_merge:spawn_agent:round1,integration_after_merge,integrated_workspace,spawn_agent,False,False,False,000
pexpect,async_private,oh1292_standard100_endpointfix_3d110b2_r05,pexpect.expect_to_spawn.match_state_contract,7,7,agent_artifact:wrapper_agent:round1,agent_artifact,agent_workspace,wrapper_agent,False,False,False,000
pexpect,async_private,oh1292_standard100_endpointfix_3d110b2_r05,pexpect.expect_to_spawn.match_state_contract,8,8,integration_after_merge:wrapper_agent:round1,integration_after_merge,integrated_workspace,wrapper_agent,False,False,False,000
pexpect,async_private,oh1292_standard100_endpointfix_3d110b2_r05,pexpect.expect_to_spawn.match_state_contract,9,9,final_integrated,final_integrated,integrated_workspace,,False,False,False,000
pexpect,async_private,oh1292_standard100_endpointfix_3d110b2_r05,pexpect.transport_to_spawn.read_timeout_contract,1,1,agent_artifact:expect_agent:round1,agent_artifact,agent_workspace,expect_agent,False,False,False,000
pexpect,async_private,oh1292_standard100_endpointfix_3d110b2_r05,pexpect.transport_to_spawn.read_timeout_contract,2,2,integration_after_merge:expect_agent:round1,integration_after_merge,integrated_workspace,expect_agent,False,False,False,000
pexpect,async_private,oh1292_standard100_endpointfix_3d110b2_r05,pexpect.transport_to_spawn.read_timeout_contract,3,3,agent_artifact:transport_agent:round1,agent_artifact,agent_workspace,transport_agent,True,True,True,111
pexpect,async_private,oh1292_standard100_endpointfix_3d110b2_r05,pexpect.transport_to_spawn.read_timeout_contract,4,4,integration_after_merge:transport_agent:round1,integration_after_merge,integrated_workspace,transport_agent,False,False,False,000
pexpect,async_private,oh1292_standard100_endpointfix_3d110b2_r05,pexpect.transport_to_spawn.read_timeout_contract,5,5,agent_artifact:spawn_agent:round1,agent_artifact,agent_workspace,spawn_agent,False,False,False,000
pexpect,async_private,oh1292_standard100_endpointfix_3d110b2_r05,pexpect.transport_to_spawn.read_timeout_contract,6,6,integration_after_merge:spawn_agent:round1,integration_after_merge,integrated_workspace,spawn_agent,False,False,False,000
pexpect,async_private,oh1292_standard100_endpointfix_3d110b2_r05,pexpect.transport_to_spawn.read_timeout_contract,7,7,agent_artifact:wrapper_agent:round1,agent_artifact,agent_workspace,wrapper_agent,False,False,False,000
pexpect,async_private,oh1292_standard100_endpointfix_3d110b2_r05,pexpect.transport_to_spawn.read_timeout_contract,8,8,integration_after_merge:wrapper_agent:round1,integration_after_merge,integrated_workspace,wrapper_agent,False,False,False,000
pexpect,async_private,oh1292_standard100_endpointfix_3d110b2_r05,pexpect.transport_to_spawn.read_timeout_contract,9,9,final_integrated,final_integrated,integrated_workspace,,False,False,False,000
pexpect,async_private,oh1292_standard100_endpointfix_3d110b2_r05,pexpect.spawn_to_wrappers.run_async_contract,1,1,agent_artifact:expect_agent:round1,agent_artifact,agent_workspace,expect_agent,False,False,False,000
pexpect,async_private,oh1292_standard100_endpointfix_3d110b2_r05,pexpect.spawn_to_wrappers.run_async_contract,2,2,integration_after_merge:expect_agent:round1,integration_after_merge,integrated_workspace,expect_agent,False,False,False,000
pexpect,async_private,oh1292_standard100_endpointfix_3d110b2_r05,pexpect.spawn_to_wrappers.run_async_contract,3,3,agent_artifact:transport_agent:round1,agent_artifact,agent_workspace,transport_agent,True,True,True,111
pexpect,async_private,oh1292_standard100_endpointfix_3d110b2_r05,pexpect.spawn_to_wrappers.run_async_contract,4,4,integration_after_merge:transport_agent:round1,integration_after_merge,integrated_workspace,transport_agent,False,False,False,000
pexpect,async_private,oh1292_standard100_endpointfix_3d110b2_r05,pexpect.spawn_to_wrappers.run_async_contract,5,5,agent_artifact:spawn_agent:round1,agent_artifact,agent_workspace,spawn_agent,False,False,False,000
pexpect,async_private,oh1292_standard100_endpointfix_3d110b2_r05,pexpect.spawn_to_wrappers.run_async_contract,6,6,integration_after_merge:spawn_agent:round1,integration_after_merge,integrated_workspace,spawn_agent,False,False,False,000
pexpect,async_private,oh1292_standard100_endpointfix_3d110b2_r05,pexpect.spawn_to_wrappers.run_async_contract,7,7,agent_artifact:wrapper_agent:round1,agent_artifact,agent_workspace,wrapper_agent,False,False,False,000
pexpect,async_private,oh1292_standard100_endpointfix_3d110b2_r05,pexpect.spawn_to_wrappers.run_async_contract,8,8,integration_after_merge:wrapper_agent:round1,integration_after_merge,integrated_workspace,wrapper_agent,False,False,False,000
pexpect,async_private,oh1292_standard100_endpointfix_3d110b2_r05,pexpect.spawn_to_wrappers.run_async_contract,9,9,final_integrated,final_integrated,integrated_workspace,,False,False,False,000
pexpect,caid_manager,oh1292_standard100_endpointfix_3d110b2_r05,pexpect.expect_to_spawn.match_state_contract,1,1,agent_artifact:expect_agent:round1,agent_artifact,agent_workspace,expect_agent,False,False,False,000
pexpect,caid_manager,oh1292_standard100_endpointfix_3d110b2_r05,pexpect.expect_to_spawn.match_state_contract,2,2,integration_after_merge:expect_agent:round1,integration_after_merge,integrated_workspace,expect_agent,False,False,False,000
pexpect,caid_manager,oh1292_standard100_endpointfix_3d110b2_r05,pexpect.expect_to_spawn.match_state_contract,3,3,agent_artifact:transport_agent:round1,agent_artifact,agent_workspace,transport_agent,True,True,True,111
pexpect,caid_manager,oh1292_standard100_endpointfix_3d110b2_r05,pexpect.expect_to_spawn.match_state_contract,4,4,integration_after_merge:transport_agent:round1,integration_after_merge,integrated_workspace,transport_agent,False,False,False,000
pexpect,caid_manager,oh1292_standard100_endpointfix_3d110b2_r05,pexpect.expect_to_spawn.match_state_contract,5,5,agent_artifact:spawn_agent:round1,agent_artifact,agent_workspace,spawn_agent,False,False,False,000
pexpect,caid_manager,oh1292_standard100_endpointfix_3d110b2_r05,pexpect.expect_to_spawn.match_state_contract,6,6,integration_after_merge:spawn_agent:round1,integration_after_merge,integrated_workspace,spawn_agent,False,False,False,000
pexpect,caid_manager,oh1292_standard100_endpointfix_3d110b2_r05,pexpect.expect_to_spawn.match_state_contract,7,7,agent_artifact:wrapper_agent:round1,agent_artifact,agent_workspace,wrapper_agent,False,False,False,000
pexpect,caid_manager,oh1292_standard100_endpointfix_3d110b2_r05,pexpect.expect_to_spawn.match_state_contract,8,8,integration_after_merge:wrapper_agent:round1,integration_after_merge,integrated_workspace,wrapper_agent,False,False,False,000
pexpect,caid_manager,oh1292_standard100_endpointfix_3d110b2_r05,pexpect.expect_to_spawn.match_state_contract,9,9,agent_artifact:transport_agent:round2,agent_artifact,agent_workspace,transport_agent,True,True,True,111
pexpect,caid_manager,oh1292_standard100_endpointfix_3d110b2_r05,pexpect.expect_to_spawn.match_state_contract,10,10,integration_after_merge:transport_agent:round2,integration_after_merge,integrated_workspace,transport_agent,False,False,False,000
pexpect,caid_manager,oh1292_standard100_endpointfix_3d110b2_r05,pexpect.expect_to_spawn.match_state_contract,11,11,final_integrated,final_integrated,integrated_workspace,,True,True,True,111
pexpect,caid_manager,oh1292_standard100_endpointfix_3d110b2_r05,pexpect.transport_to_spawn.read_timeout_contract,1,1,agent_artifact:expect_agent:round1,agent_artifact,agent_workspace,expect_agent,False,False,False,000
pexpect,caid_manager,oh1292_standard100_endpointfix_3d110b2_r05,pexpect.transport_to_spawn.read_timeout_contract,2,2,integration_after_merge:expect_agent:round1,integration_after_merge,integrated_workspace,expect_agent,False,False,False,000
pexpect,caid_manager,oh1292_standard100_endpointfix_3d110b2_r05,pexpect.transport_to_spawn.read_timeout_contract,3,3,agent_artifact:transport_agent:round1,agent_artifact,agent_workspace,transport_agent,True,True,True,111
pexpect,caid_manager,oh1292_standard100_endpointfix_3d110b2_r05,pexpect.transport_to_spawn.read_timeout_contract,4,4,integration_after_merge:transport_agent:round1,integration_after_merge,integrated_workspace,transport_agent,False,False,False,000
pexpect,caid_manager,oh1292_standard100_endpointfix_3d110b2_r05,pexpect.transport_to_spawn.read_timeout_contract,5,5,agent_artifact:spawn_agent:round1,agent_artifact,agent_workspace,spawn_agent,False,False,False,000
pexpect,caid_manager,oh1292_standard100_endpointfix_3d110b2_r05,pexpect.transport_to_spawn.read_timeout_contract,6,6,integration_after_merge:spawn_agent:round1,integration_after_merge,integrated_workspace,spawn_agent,False,False,False,000
pexpect,caid_manager,oh1292_standard100_endpointfix_3d110b2_r05,pexpect.transport_to_spawn.read_timeout_contract,7,7,agent_artifact:wrapper_agent:round1,agent_artifact,agent_workspace,wrapper_agent,False,False,False,000
pexpect,caid_manager,oh1292_standard100_endpointfix_3d110b2_r05,pexpect.transport_to_spawn.read_timeout_contract,8,8,integration_after_merge:wrapper_agent:round1,integration_after_merge,integrated_workspace,wrapper_agent,False,False,False,000
pexpect,caid_manager,oh1292_standard100_endpointfix_3d110b2_r05,pexpect.transport_to_spawn.read_timeout_contract,9,9,agent_artifact:transport_agent:round2,agent_artifact,agent_workspace,transport_agent,True,True,True,111
pexpect,caid_manager,oh1292_standard100_endpointfix_3d110b2_r05,pexpect.transport_to_spawn.read_timeout_contract,10,10,integration_after_merge:transport_agent:round2,integration_after_merge,integrated_workspace,transport_agent,False,False,False,000
pexpect,caid_manager,oh1292_standard100_endpointfix_3d110b2_r05,pexpect.transport_to_spawn.read_timeout_contract,11,11,final_integrated,final_integrated,integrated_workspace,,True,True,True,111
pexpect,caid_manager,oh1292_standard100_endpointfix_3d110b2_r05,pexpect.spawn_to_wrappers.run_async_contract,1,1,agent_artifact:expect_agent:round1,agent_artifact,agent_workspace,expect_agent,False,False,False,000
pexpect,caid_manager,oh1292_standard100_endpointfix_3d110b2_r05,pexpect.spawn_to_wrappers.run_async_contract,2,2,integration_after_merge:expect_agent:round1,integration_after_merge,integrated_workspace,expect_agent,False,False,False,000
pexpect,caid_manager,oh1292_standard100_endpointfix_3d110b2_r05,pexpect.spawn_to_wrappers.run_async_contract,3,3,agent_artifact:transport_agent:round1,agent_artifact,agent_workspace,transport_agent,True,False,False,100
pexpect,caid_manager,oh1292_standard100_endpointfix_3d110b2_r05,pexpect.spawn_to_wrappers.run_async_contract,4,4,integration_after_merge:transport_agent:round1,integration_after_merge,integrated_workspace,transport_agent,False,False,False,000
pexpect,caid_manager,oh1292_standard100_endpointfix_3d110b2_r05,pexpect.spawn_to_wrappers.run_async_contract,5,5,agent_artifact:spawn_agent:round1,agent_artifact,agent_workspace,spawn_agent,False,False,False,000
pexpect,caid_manager,oh1292_standard100_endpointfix_3d110b2_r05,pexpect.spawn_to_wrappers.run_async_contract,6,6,integration_after_merge:spawn_agent:round1,integration_after_merge,integrated_workspace,spawn_agent,False,False,False,000
pexpect,caid_manager,oh1292_standard100_endpointfix_3d110b2_r05,pexpect.spawn_to_wrappers.run_async_contract,7,7,agent_artifact:wrapper_agent:round1,agent_artifact,agent_workspace,wrapper_agent,False,False,False,000
pexpect,caid_manager,oh1292_standard100_endpointfix_3d110b2_r05,pexpect.spawn_to_wrappers.run_async_contract,8,8,integration_after_merge:wrapper_agent:round1,integration_after_merge,integrated_workspace,wrapper_agent,False,False,False,000
pexpect,caid_manager,oh1292_standard100_endpointfix_3d110b2_r05,pexpect.spawn_to_wrappers.run_async_contract,9,9,agent_artifact:transport_agent:round2,agent_artifact,agent_workspace,transport_agent,True,False,False,100
pexpect,caid_manager,oh1292_standard100_endpointfix_3d110b2_r05,pexpect.spawn_to_wrappers.run_async_contract,10,10,integration_after_merge:transport_agent:round2,integration_after_merge,integrated_workspace,transport_agent,False,False,False,000
pexpect,caid_manager,oh1292_standard100_endpointfix_3d110b2_r05,pexpect.spawn_to_wrappers.run_async_contract,11,11,final_integrated,final_integrated,integrated_workspace,,True,True,True,111
flask,single,oh1292_standard100_endpointfix_3d110b2_r05,flask.scaffold_to_dispatch.route_context_contract,1,1,final_integrated,final_integrated,integrated_workspace,,False,False,False,000
flask,single,oh1292_standard100_endpointfix_3d110b2_r05,flask.session_json_to_context.cookie_response_contract,1,1,final_integrated,final_integrated,integrated_workspace,,False,False,False,000
flask,single,oh1292_standard100_endpointfix_3d110b2_r05,flask.context_to_template_testing.client_context_contract,1,1,final_integrated,final_integrated,integrated_workspace,,False,False,False,000
flask,serial_specialists,oh1292_standard100_endpointfix_3d110b2_r05,flask.scaffold_to_dispatch.route_context_contract,1,1,agent_artifact:scaffold_agent:round1,agent_artifact,agent_workspace,scaffold_agent,False,False,False,000
flask,serial_specialists,oh1292_standard100_endpointfix_3d110b2_r05,flask.scaffold_to_dispatch.route_context_contract,2,2,integration_after_merge:scaffold_agent:round1,integration_after_merge,integrated_workspace,scaffold_agent,False,False,False,000
flask,serial_specialists,oh1292_standard100_endpointfix_3d110b2_r05,flask.scaffold_to_dispatch.route_context_contract,3,3,agent_artifact:session_json_agent:round1,agent_artifact,agent_workspace,session_json_agent,False,False,False,000
flask,serial_specialists,oh1292_standard100_endpointfix_3d110b2_r05,flask.scaffold_to_dispatch.route_context_contract,4,4,integration_after_merge:session_json_agent:round1,integration_after_merge,integrated_workspace,session_json_agent,False,False,False,000
flask,serial_specialists,oh1292_standard100_endpointfix_3d110b2_r05,flask.scaffold_to_dispatch.route_context_contract,5,5,agent_artifact:dispatch_agent:round1,agent_artifact,agent_workspace,dispatch_agent,False,False,False,000
flask,serial_specialists,oh1292_standard100_endpointfix_3d110b2_r05,flask.scaffold_to_dispatch.route_context_contract,6,6,integration_after_merge:dispatch_agent:round1,integration_after_merge,integrated_workspace,dispatch_agent,False,False,False,000
flask,serial_specialists,oh1292_standard100_endpointfix_3d110b2_r05,flask.scaffold_to_dispatch.route_context_contract,7,7,agent_artifact:template_testing_agent:round1,agent_artifact,agent_workspace,template_testing_agent,False,False,False,000
flask,serial_specialists,oh1292_standard100_endpointfix_3d110b2_r05,flask.scaffold_to_dispatch.route_context_contract,8,8,integration_after_merge:template_testing_agent:round1,integration_after_merge,integrated_workspace,template_testing_agent,False,False,False,000
flask,serial_specialists,oh1292_standard100_endpointfix_3d110b2_r05,flask.scaffold_to_dispatch.route_context_contract,9,9,final_integrated,final_integrated,integrated_workspace,,False,False,False,000
flask,serial_specialists,oh1292_standard100_endpointfix_3d110b2_r05,flask.session_json_to_context.cookie_response_contract,1,1,agent_artifact:scaffold_agent:round1,agent_artifact,agent_workspace,scaffold_agent,False,False,False,000
flask,serial_specialists,oh1292_standard100_endpointfix_3d110b2_r05,flask.session_json_to_context.cookie_response_contract,2,2,integration_after_merge:scaffold_agent:round1,integration_after_merge,integrated_workspace,scaffold_agent,False,False,False,000
flask,serial_specialists,oh1292_standard100_endpointfix_3d110b2_r05,flask.session_json_to_context.cookie_response_contract,3,3,agent_artifact:session_json_agent:round1,agent_artifact,agent_workspace,session_json_agent,False,False,False,000
flask,serial_specialists,oh1292_standard100_endpointfix_3d110b2_r05,flask.session_json_to_context.cookie_response_contract,4,4,integration_after_merge:session_json_agent:round1,integration_after_merge,integrated_workspace,session_json_agent,False,False,False,000
flask,serial_specialists,oh1292_standard100_endpointfix_3d110b2_r05,flask.session_json_to_context.cookie_response_contract,5,5,agent_artifact:dispatch_agent:round1,agent_artifact,agent_workspace,dispatch_agent,False,False,False,000
flask,serial_specialists,oh1292_standard100_endpointfix_3d110b2_r05,flask.session_json_to_context.cookie_response_contract,6,6,integration_after_merge:dispatch_agent:round1,integration_after_merge,integrated_workspace,dispatch_agent,False,False,False,000
flask,serial_specialists,oh1292_standard100_endpointfix_3d110b2_r05,flask.session_json_to_context.cookie_response_contract,7,7,agent_artifact:template_testing_agent:round1,agent_artifact,agent_workspace,template_testing_agent,False,False,False,000
flask,serial_specialists,oh1292_standard100_endpointfix_3d110b2_r05,flask.session_json_to_context.cookie_response_contract,8,8,integration_after_merge:template_testing_agent:round1,integration_after_merge,integrated_workspace,template_testing_agent,False,False,False,000
flask,serial_specialists,oh1292_standard100_endpointfix_3d110b2_r05,flask.session_json_to_context.cookie_response_contract,9,9,final_integrated,final_integrated,integrated_workspace,,False,False,False,000
flask,serial_specialists,oh1292_standard100_endpointfix_3d110b2_r05,flask.context_to_template_testing.client_context_contract,1,1,agent_artifact:scaffold_agent:round1,agent_artifact,agent_workspace,scaffold_agent,False,False,False,000
flask,serial_specialists,oh1292_standard100_endpointfix_3d110b2_r05,flask.context_to_template_testing.client_context_contract,2,2,integration_after_merge:scaffold_agent:round1,integration_after_merge,integrated_workspace,scaffold_agent,False,False,False,000
flask,serial_specialists,oh1292_standard100_endpointfix_3d110b2_r05,flask.context_to_template_testing.client_context_contract,3,3,agent_artifact:session_json_agent:round1,agent_artifact,agent_workspace,session_json_agent,False,False,False,000
flask,serial_specialists,oh1292_standard100_endpointfix_3d110b2_r05,flask.context_to_template_testing.client_context_contract,4,4,integration_after_merge:session_json_agent:round1,integration_after_merge,integrated_workspace,session_json_agent,False,False,False,000
flask,serial_specialists,oh1292_standard100_endpointfix_3d110b2_r05,flask.context_to_template_testing.client_context_contract,5,5,agent_artifact:dispatch_agent:round1,agent_artifact,agent_workspace,dispatch_agent,False,False,False,000
flask,serial_specialists,oh1292_standard100_endpointfix_3d110b2_r05,flask.context_to_template_testing.client_context_contract,6,6,integration_after_merge:dispatch_agent:round1,integration_after_merge,integrated_workspace,dispatch_agent,False,False,False,000
flask,serial_specialists,oh1292_standard100_endpointfix_3d110b2_r05,flask.context_to_template_testing.client_context_contract,7,7,agent_artifact:template_testing_agent:round1,agent_artifact,agent_workspace,template_testing_agent,False,False,False,000
flask,serial_specialists,oh1292_standard100_endpointfix_3d110b2_r05,flask.context_to_template_testing.client_context_contract,8,8,integration_after_merge:template_testing_agent:round1,integration_after_merge,integrated_workspace,template_testing_agent,False,False,False,000
flask,serial_specialists,oh1292_standard100_endpointfix_3d110b2_r05,flask.context_to_template_testing.client_context_contract,9,9,final_integrated,final_integrated,integrated_workspace,,False,False,False,000
flask,async_private,oh1292_standard100_endpointfix_3d110b2_r05,flask.scaffold_to_dispatch.route_context_contract,1,1,agent_artifact:scaffold_agent:round1,agent_artifact,agent_workspace,scaffold_agent,False,False,False,000
flask,async_private,oh1292_standard100_endpointfix_3d110b2_r05,flask.scaffold_to_dispatch.route_context_contract,2,2,integration_after_merge:scaffold_agent:round1,integration_after_merge,integrated_workspace,scaffold_agent,False,False,False,000
flask,async_private,oh1292_standard100_endpointfix_3d110b2_r05,flask.scaffold_to_dispatch.route_context_contract,3,3,agent_artifact:session_json_agent:round1,agent_artifact,agent_workspace,session_json_agent,False,False,False,000
flask,async_private,oh1292_standard100_endpointfix_3d110b2_r05,flask.scaffold_to_dispatch.route_context_contract,4,4,integration_after_merge:session_json_agent:round1,integration_after_merge,integrated_workspace,session_json_agent,False,False,False,000
flask,async_private,oh1292_standard100_endpointfix_3d110b2_r05,flask.scaffold_to_dispatch.route_context_contract,5,5,agent_artifact:dispatch_agent:round1,agent_artifact,agent_workspace,dispatch_agent,False,False,False,000
flask,async_private,oh1292_standard100_endpointfix_3d110b2_r05,flask.scaffold_to_dispatch.route_context_contract,6,6,integration_after_merge:dispatch_agent:round1,integration_after_merge,integrated_workspace,dispatch_agent,False,False,False,000
flask,async_private,oh1292_standard100_endpointfix_3d110b2_r05,flask.scaffold_to_dispatch.route_context_contract,7,7,agent_artifact:template_testing_agent:round1,agent_artifact,agent_workspace,template_testing_agent,False,False,False,000
flask,async_private,oh1292_standard100_endpointfix_3d110b2_r05,flask.scaffold_to_dispatch.route_context_contract,8,8,integration_after_merge:template_testing_agent:round1,integration_after_merge,integrated_workspace,template_testing_agent,False,False,False,000
flask,async_private,oh1292_standard100_endpointfix_3d110b2_r05,flask.scaffold_to_dispatch.route_context_contract,9,9,final_integrated,final_integrated,integrated_workspace,,False,False,False,000
flask,async_private,oh1292_standard100_endpointfix_3d110b2_r05,flask.session_json_to_context.cookie_response_contract,1,1,agent_artifact:scaffold_agent:round1,agent_artifact,agent_workspace,scaffold_agent,False,False,False,000
flask,async_private,oh1292_standard100_endpointfix_3d110b2_r05,flask.session_json_to_context.cookie_response_contract,2,2,integration_after_merge:scaffold_agent:round1,integration_after_merge,integrated_workspace,scaffold_agent,False,False,False,000
flask,async_private,oh1292_standard100_endpointfix_3d110b2_r05,flask.session_json_to_context.cookie_response_contract,3,3,agent_artifact:session_json_agent:round1,agent_artifact,agent_workspace,session_json_agent,False,False,False,000
flask,async_private,oh1292_standard100_endpointfix_3d110b2_r05,flask.session_json_to_context.cookie_response_contract,4,4,integration_after_merge:session_json_agent:round1,integration_after_merge,integrated_workspace,session_json_agent,False,False,False,000
flask,async_private,oh1292_standard100_endpointfix_3d110b2_r05,flask.session_json_to_context.cookie_response_contract,5,5,agent_artifact:dispatch_agent:round1,agent_artifact,agent_workspace,dispatch_agent,False,False,False,000
flask,async_private,oh1292_standard100_endpointfix_3d110b2_r05,flask.session_json_to_context.cookie_response_contract,6,6,integration_after_merge:dispatch_agent:round1,integration_after_merge,integrated_workspace,dispatch_agent,False,False,False,000
flask,async_private,oh1292_standard100_endpointfix_3d110b2_r05,flask.session_json_to_context.cookie_response_contract,7,7,agent_artifact:template_testing_agent:round1,agent_artifact,agent_workspace,template_testing_agent,False,False,False,000
flask,async_private,oh1292_standard100_endpointfix_3d110b2_r05,flask.session_json_to_context.cookie_response_contract,8,8,integration_after_merge:template_testing_agent:round1,integration_after_merge,integrated_workspace,template_testing_agent,False,False,False,000
flask,async_private,oh1292_standard100_endpointfix_3d110b2_r05,flask.session_json_to_context.cookie_response_contract,9,9,final_integrated,final_integrated,integrated_workspace,,False,False,False,000
flask,async_private,oh1292_standard100_endpointfix_3d110b2_r05,flask.context_to_template_testing.client_context_contract,1,1,agent_artifact:scaffold_agent:round1,agent_artifact,agent_workspace,scaffold_agent,False,False,False,000
flask,async_private,oh1292_standard100_endpointfix_3d110b2_r05,flask.context_to_template_testing.client_context_contract,2,2,integration_after_merge:scaffold_agent:round1,integration_after_merge,integrated_workspace,scaffold_agent,False,False,False,000
flask,async_private,oh1292_standard100_endpointfix_3d110b2_r05,flask.context_to_template_testing.client_context_contract,3,3,agent_artifact:session_json_agent:round1,agent_artifact,agent_workspace,session_json_agent,False,False,False,000
flask,async_private,oh1292_standard100_endpointfix_3d110b2_r05,flask.context_to_template_testing.client_context_contract,4,4,integration_after_merge:session_json_agent:round1,integration_after_merge,integrated_workspace,session_json_agent,False,False,False,000
flask,async_private,oh1292_standard100_endpointfix_3d110b2_r05,flask.context_to_template_testing.client_context_contract,5,5,agent_artifact:dispatch_agent:round1,agent_artifact,agent_workspace,dispatch_agent,False,False,False,000
flask,async_private,oh1292_standard100_endpointfix_3d110b2_r05,flask.context_to_template_testing.client_context_contract,6,6,integration_after_merge:dispatch_agent:round1,integration_after_merge,integrated_workspace,dispatch_agent,False,False,False,000
flask,async_private,oh1292_standard100_endpointfix_3d110b2_r05,flask.context_to_template_testing.client_context_contract,7,7,agent_artifact:template_testing_agent:round1,agent_artifact,agent_workspace,template_testing_agent,False,False,False,000
flask,async_private,oh1292_standard100_endpointfix_3d110b2_r05,flask.context_to_template_testing.client_context_contract,8,8,integration_after_merge:template_testing_agent:round1,integration_after_merge,integrated_workspace,template_testing_agent,False,False,False,000
flask,async_private,oh1292_standard100_endpointfix_3d110b2_r05,flask.context_to_template_testing.client_context_contract,9,9,final_integrated,final_integrated,integrated_workspace,,False,False,False,000
flask,caid_manager,oh1292_standard100_endpointfix_3d110b2_r05,flask.scaffold_to_dispatch.route_context_contract,1,1,agent_artifact:template_testing_agent:round1,agent_artifact,agent_workspace,template_testing_agent,False,False,False,000
flask,caid_manager,oh1292_standard100_endpointfix_3d110b2_r05,flask.scaffold_to_dispatch.route_context_contract,2,2,integration_after_merge:template_testing_agent:round1,integration_after_merge,integrated_workspace,template_testing_agent,False,False,False,000
flask,caid_manager,oh1292_standard100_endpointfix_3d110b2_r05,flask.scaffold_to_dispatch.route_context_contract,3,3,agent_artifact:scaffold_agent:round1,agent_artifact,agent_workspace,scaffold_agent,False,False,False,000
flask,caid_manager,oh1292_standard100_endpointfix_3d110b2_r05,flask.scaffold_to_dispatch.route_context_contract,4,4,integration_after_merge:scaffold_agent:round1,integration_after_merge,integrated_workspace,scaffold_agent,False,False,False,000
flask,caid_manager,oh1292_standard100_endpointfix_3d110b2_r05,flask.scaffold_to_dispatch.route_context_contract,5,5,agent_artifact:dispatch_agent:round1,agent_artifact,agent_workspace,dispatch_agent,False,False,False,000
flask,caid_manager,oh1292_standard100_endpointfix_3d110b2_r05,flask.scaffold_to_dispatch.route_context_contract,6,6,integration_after_merge:dispatch_agent:round1,integration_after_merge,integrated_workspace,dispatch_agent,False,False,False,000
flask,caid_manager,oh1292_standard100_endpointfix_3d110b2_r05,flask.scaffold_to_dispatch.route_context_contract,7,7,agent_artifact:session_json_agent:round1,agent_artifact,agent_workspace,session_json_agent,False,False,False,000
flask,caid_manager,oh1292_standard100_endpointfix_3d110b2_r05,flask.scaffold_to_dispatch.route_context_contract,8,8,integration_after_merge:session_json_agent:round1,integration_after_merge,integrated_workspace,session_json_agent,False,False,False,000
flask,caid_manager,oh1292_standard100_endpointfix_3d110b2_r05,flask.scaffold_to_dispatch.route_context_contract,9,9,agent_artifact:scaffold_agent:round2,agent_artifact,agent_workspace,scaffold_agent,False,False,False,000
flask,caid_manager,oh1292_standard100_endpointfix_3d110b2_r05,flask.scaffold_to_dispatch.route_context_contract,10,10,integration_after_merge:scaffold_agent:round2,integration_after_merge,integrated_workspace,scaffold_agent,False,False,False,000
flask,caid_manager,oh1292_standard100_endpointfix_3d110b2_r05,flask.scaffold_to_dispatch.route_context_contract,11,11,agent_artifact:template_testing_agent:round2,agent_artifact,agent_workspace,template_testing_agent,False,False,False,000
flask,caid_manager,oh1292_standard100_endpointfix_3d110b2_r05,flask.scaffold_to_dispatch.route_context_contract,12,12,integration_after_merge:template_testing_agent:round2,integration_after_merge,integrated_workspace,template_testing_agent,False,False,False,000
flask,caid_manager,oh1292_standard100_endpointfix_3d110b2_r05,flask.scaffold_to_dispatch.route_context_contract,13,13,final_integrated,final_integrated,integrated_workspace,,False,True,False,010
flask,caid_manager,oh1292_standard100_endpointfix_3d110b2_r05,flask.session_json_to_context.cookie_response_contract,1,1,agent_artifact:template_testing_agent:round1,agent_artifact,agent_workspace,template_testing_agent,True,False,False,100
flask,caid_manager,oh1292_standard100_endpointfix_3d110b2_r05,flask.session_json_to_context.cookie_response_contract,2,2,integration_after_merge:template_testing_agent:round1,integration_after_merge,integrated_workspace,template_testing_agent,False,False,False,000
flask,caid_manager,oh1292_standard100_endpointfix_3d110b2_r05,flask.session_json_to_context.cookie_response_contract,3,3,agent_artifact:scaffold_agent:round1,agent_artifact,agent_workspace,scaffold_agent,False,False,False,000
flask,caid_manager,oh1292_standard100_endpointfix_3d110b2_r05,flask.session_json_to_context.cookie_response_contract,4,4,integration_after_merge:scaffold_agent:round1,integration_after_merge,integrated_workspace,scaffold_agent,False,False,False,000
flask,caid_manager,oh1292_standard100_endpointfix_3d110b2_r05,flask.session_json_to_context.cookie_response_contract,5,5,agent_artifact:dispatch_agent:round1,agent_artifact,agent_workspace,dispatch_agent,False,False,False,000
flask,caid_manager,oh1292_standard100_endpointfix_3d110b2_r05,flask.session_json_to_context.cookie_response_contract,6,6,integration_after_merge:dispatch_agent:round1,integration_after_merge,integrated_workspace,dispatch_agent,False,False,False,000
flask,caid_manager,oh1292_standard100_endpointfix_3d110b2_r05,flask.session_json_to_context.cookie_response_contract,7,7,agent_artifact:session_json_agent:round1,agent_artifact,agent_workspace,session_json_agent,False,False,False,000
flask,caid_manager,oh1292_standard100_endpointfix_3d110b2_r05,flask.session_json_to_context.cookie_response_contract,8,8,integration_after_merge:session_json_agent:round1,integration_after_merge,integrated_workspace,session_json_agent,False,False,False,000
flask,caid_manager,oh1292_standard100_endpointfix_3d110b2_r05,flask.session_json_to_context.cookie_response_contract,9,9,agent_artifact:scaffold_agent:round2,agent_artifact,agent_workspace,scaffold_agent,False,False,False,000
flask,caid_manager,oh1292_standard100_endpointfix_3d110b2_r05,flask.session_json_to_context.cookie_response_contract,10,10,integration_after_merge:scaffold_agent:round2,integration_after_merge,integrated_workspace,scaffold_agent,False,False,False,000
flask,caid_manager,oh1292_standard100_endpointfix_3d110b2_r05,flask.session_json_to_context.cookie_response_contract,11,11,agent_artifact:template_testing_agent:round2,agent_artifact,agent_workspace,template_testing_agent,True,False,False,100
flask,caid_manager,oh1292_standard100_endpointfix_3d110b2_r05,flask.session_json_to_context.cookie_response_contract,12,12,integration_after_merge:template_testing_agent:round2,integration_after_merge,integrated_workspace,template_testing_agent,False,False,False,000
flask,caid_manager,oh1292_standard100_endpointfix_3d110b2_r05,flask.session_json_to_context.cookie_response_contract,13,13,final_integrated,final_integrated,integrated_workspace,,False,True,True,011
flask,caid_manager,oh1292_standard100_endpointfix_3d110b2_r05,flask.context_to_template_testing.client_context_contract,1,1,agent_artifact:template_testing_agent:round1,agent_artifact,agent_workspace,template_testing_agent,True,True,False,110
flask,caid_manager,oh1292_standard100_endpointfix_3d110b2_r05,flask.context_to_template_testing.client_context_contract,2,2,integration_after_merge:template_testing_agent:round1,integration_after_merge,integrated_workspace,template_testing_agent,False,False,False,000
flask,caid_manager,oh1292_standard100_endpointfix_3d110b2_r05,flask.context_to_template_testing.client_context_contract,3,3,agent_artifact:scaffold_agent:round1,agent_artifact,agent_workspace,scaffold_agent,False,False,False,000
flask,caid_manager,oh1292_standard100_endpointfix_3d110b2_r05,flask.context_to_template_testing.client_context_contract,4,4,integration_after_merge:scaffold_agent:round1,integration_after_merge,integrated_workspace,scaffold_agent,False,False,False,000
flask,caid_manager,oh1292_standard100_endpointfix_3d110b2_r05,flask.context_to_template_testing.client_context_contract,5,5,agent_artifact:dispatch_agent:round1,agent_artifact,agent_workspace,dispatch_agent,False,False,False,000
flask,caid_manager,oh1292_standard100_endpointfix_3d110b2_r05,flask.context_to_template_testing.client_context_contract,6,6,integration_after_merge:dispatch_agent:round1,integration_after_merge,integrated_workspace,dispatch_agent,False,False,False,000
flask,caid_manager,oh1292_standard100_endpointfix_3d110b2_r05,flask.context_to_template_testing.client_context_contract,7,7,agent_artifact:session_json_agent:round1,agent_artifact,agent_workspace,session_json_agent,False,False,False,000
flask,caid_manager,oh1292_standard100_endpointfix_3d110b2_r05,flask.context_to_template_testing.client_context_contract,8,8,integration_after_merge:session_json_agent:round1,integration_after_merge,integrated_workspace,session_json_agent,False,False,False,000
flask,caid_manager,oh1292_standard100_endpointfix_3d110b2_r05,flask.context_to_template_testing.client_context_contract,9,9,agent_artifact:scaffold_agent:round2,agent_artifact,agent_workspace,scaffold_agent,False,False,False,000
flask,caid_manager,oh1292_standard100_endpointfix_3d110b2_r05,flask.context_to_template_testing.client_context_contract,10,10,integration_after_merge:scaffold_agent:round2,integration_after_merge,integrated_workspace,scaffold_agent,False,False,False,000
flask,caid_manager,oh1292_standard100_endpointfix_3d110b2_r05,flask.context_to_template_testing.client_context_contract,11,11,agent_artifact:template_testing_agent:round2,agent_artifact,agent_workspace,template_testing_agent,True,True,False,110
flask,caid_manager,oh1292_standard100_endpointfix_3d110b2_r05,flask.context_to_template_testing.client_context_contract,12,12,integration_after_merge:template_testing_agent:round2,integration_after_merge,integrated_workspace,template_testing_agent,False,False,False,000
flask,caid_manager,oh1292_standard100_endpointfix_3d110b2_r05,flask.context_to_template_testing.client_context_contract,13,13,final_integrated,final_integrated,integrated_workspace,,True,True,True,111
python-rsa,single,oh1292_standard100_endpointfix_3d110b2_r05,python_rsa.arithmetic_to_key_generation.inverse_prime_contract,1,1,final_integrated,final_integrated,integrated_workspace,,True,True,True,111
python-rsa,single,oh1292_standard100_endpointfix_3d110b2_r05,python_rsa.key_to_serialization.pem_der_contract,1,1,final_integrated,final_integrated,integrated_workspace,,True,True,True,111
python-rsa,single,oh1292_standard100_endpointfix_3d110b2_r05,python_rsa.codec_key_to_pkcs1.crypto_api_contract,1,1,final_integrated,final_integrated,integrated_workspace,,True,True,True,111
python-rsa,serial_specialists,oh1292_standard100_endpointfix_3d110b2_r05,python_rsa.arithmetic_to_key_generation.inverse_prime_contract,1,1,agent_artifact:arithmetic_agent:round1,agent_artifact,agent_workspace,arithmetic_agent,True,False,False,100
python-rsa,serial_specialists,oh1292_standard100_endpointfix_3d110b2_r05,python_rsa.arithmetic_to_key_generation.inverse_prime_contract,2,2,integration_after_merge:arithmetic_agent:round1,integration_after_merge,integrated_workspace,arithmetic_agent,True,False,False,100
python-rsa,serial_specialists,oh1292_standard100_endpointfix_3d110b2_r05,python_rsa.arithmetic_to_key_generation.inverse_prime_contract,3,3,agent_artifact:key_agent:round1,agent_artifact,agent_workspace,key_agent,True,True,True,111
python-rsa,serial_specialists,oh1292_standard100_endpointfix_3d110b2_r05,python_rsa.arithmetic_to_key_generation.inverse_prime_contract,4,4,integration_after_merge:key_agent:round1,integration_after_merge,integrated_workspace,key_agent,True,True,True,111
python-rsa,serial_specialists,oh1292_standard100_endpointfix_3d110b2_r05,python_rsa.arithmetic_to_key_generation.inverse_prime_contract,5,5,agent_artifact:serialization_agent:round1,agent_artifact,agent_workspace,serialization_agent,True,True,True,111
python-rsa,serial_specialists,oh1292_standard100_endpointfix_3d110b2_r05,python_rsa.arithmetic_to_key_generation.inverse_prime_contract,6,6,integration_after_merge:serialization_agent:round1,integration_after_merge,integrated_workspace,serialization_agent,True,False,False,100
python-rsa,serial_specialists,oh1292_standard100_endpointfix_3d110b2_r05,python_rsa.arithmetic_to_key_generation.inverse_prime_contract,7,7,agent_artifact:pkcs1_agent:round1,agent_artifact,agent_workspace,pkcs1_agent,True,True,True,111
python-rsa,serial_specialists,oh1292_standard100_endpointfix_3d110b2_r05,python_rsa.arithmetic_to_key_generation.inverse_prime_contract,8,8,integration_after_merge:pkcs1_agent:round1,integration_after_merge,integrated_workspace,pkcs1_agent,True,True,True,111
python-rsa,serial_specialists,oh1292_standard100_endpointfix_3d110b2_r05,python_rsa.arithmetic_to_key_generation.inverse_prime_contract,9,9,final_integrated,final_integrated,integrated_workspace,,True,True,True,111
python-rsa,serial_specialists,oh1292_standard100_endpointfix_3d110b2_r05,python_rsa.key_to_serialization.pem_der_contract,1,1,agent_artifact:arithmetic_agent:round1,agent_artifact,agent_workspace,arithmetic_agent,False,False,False,000
python-rsa,serial_specialists,oh1292_standard100_endpointfix_3d110b2_r05,python_rsa.key_to_serialization.pem_der_contract,2,2,integration_after_merge:arithmetic_agent:round1,integration_after_merge,integrated_workspace,arithmetic_agent,False,False,False,000
python-rsa,serial_specialists,oh1292_standard100_endpointfix_3d110b2_r05,python_rsa.key_to_serialization.pem_der_contract,3,3,agent_artifact:key_agent:round1,agent_artifact,agent_workspace,key_agent,True,False,False,100
python-rsa,serial_specialists,oh1292_standard100_endpointfix_3d110b2_r05,python_rsa.key_to_serialization.pem_der_contract,4,4,integration_after_merge:key_agent:round1,integration_after_merge,integrated_workspace,key_agent,True,False,False,100
python-rsa,serial_specialists,oh1292_standard100_endpointfix_3d110b2_r05,python_rsa.key_to_serialization.pem_der_contract,5,5,agent_artifact:serialization_agent:round1,agent_artifact,agent_workspace,serialization_agent,True,True,True,111
python-rsa,serial_specialists,oh1292_standard100_endpointfix_3d110b2_r05,python_rsa.key_to_serialization.pem_der_contract,6,6,integration_after_merge:serialization_agent:round1,integration_after_merge,integrated_workspace,serialization_agent,True,True,True,111
python-rsa,serial_specialists,oh1292_standard100_endpointfix_3d110b2_r05,python_rsa.key_to_serialization.pem_der_contract,7,7,agent_artifact:pkcs1_agent:round1,agent_artifact,agent_workspace,pkcs1_agent,True,True,True,111
python-rsa,serial_specialists,oh1292_standard100_endpointfix_3d110b2_r05,python_rsa.key_to_serialization.pem_der_contract,8,8,integration_after_merge:pkcs1_agent:round1,integration_after_merge,integrated_workspace,pkcs1_agent,True,True,True,111
python-rsa,serial_specialists,oh1292_standard100_endpointfix_3d110b2_r05,python_rsa.key_to_serialization.pem_der_contract,9,9,final_integrated,final_integrated,integrated_workspace,,True,True,True,111
python-rsa,serial_specialists,oh1292_standard100_endpointfix_3d110b2_r05,python_rsa.codec_key_to_pkcs1.crypto_api_contract,1,1,agent_artifact:arithmetic_agent:round1,agent_artifact,agent_workspace,arithmetic_agent,False,False,False,000
python-rsa,serial_specialists,oh1292_standard100_endpointfix_3d110b2_r05,python_rsa.codec_key_to_pkcs1.crypto_api_contract,2,2,integration_after_merge:arithmetic_agent:round1,integration_after_merge,integrated_workspace,arithmetic_agent,False,False,False,000
python-rsa,serial_specialists,oh1292_standard100_endpointfix_3d110b2_r05,python_rsa.codec_key_to_pkcs1.crypto_api_contract,3,3,agent_artifact:key_agent:round1,agent_artifact,agent_workspace,key_agent,True,False,False,100
python-rsa,serial_specialists,oh1292_standard100_endpointfix_3d110b2_r05,python_rsa.codec_key_to_pkcs1.crypto_api_contract,4,4,integration_after_merge:key_agent:round1,integration_after_merge,integrated_workspace,key_agent,True,False,False,100
python-rsa,serial_specialists,oh1292_standard100_endpointfix_3d110b2_r05,python_rsa.codec_key_to_pkcs1.crypto_api_contract,5,5,agent_artifact:serialization_agent:round1,agent_artifact,agent_workspace,serialization_agent,True,False,False,100
python-rsa,serial_specialists,oh1292_standard100_endpointfix_3d110b2_r05,python_rsa.codec_key_to_pkcs1.crypto_api_contract,6,6,integration_after_merge:serialization_agent:round1,integration_after_merge,integrated_workspace,serialization_agent,True,False,False,100
python-rsa,serial_specialists,oh1292_standard100_endpointfix_3d110b2_r05,python_rsa.codec_key_to_pkcs1.crypto_api_contract,7,7,agent_artifact:pkcs1_agent:round1,agent_artifact,agent_workspace,pkcs1_agent,True,True,True,111
python-rsa,serial_specialists,oh1292_standard100_endpointfix_3d110b2_r05,python_rsa.codec_key_to_pkcs1.crypto_api_contract,8,8,integration_after_merge:pkcs1_agent:round1,integration_after_merge,integrated_workspace,pkcs1_agent,True,True,True,111
python-rsa,serial_specialists,oh1292_standard100_endpointfix_3d110b2_r05,python_rsa.codec_key_to_pkcs1.crypto_api_contract,9,9,final_integrated,final_integrated,integrated_workspace,,True,True,True,111
python-rsa,async_private,oh1292_standard100_endpointfix_3d110b2_r05,python_rsa.arithmetic_to_key_generation.inverse_prime_contract,1,1,agent_artifact:arithmetic_agent:round1,agent_artifact,agent_workspace,arithmetic_agent,True,False,False,100
python-rsa,async_private,oh1292_standard100_endpointfix_3d110b2_r05,python_rsa.arithmetic_to_key_generation.inverse_prime_contract,2,2,integration_after_merge:arithmetic_agent:round1,integration_after_merge,integrated_workspace,arithmetic_agent,True,False,False,100
python-rsa,async_private,oh1292_standard100_endpointfix_3d110b2_r05,python_rsa.arithmetic_to_key_generation.inverse_prime_contract,3,3,agent_artifact:key_agent:round1,agent_artifact,agent_workspace,key_agent,False,False,False,000
python-rsa,async_private,oh1292_standard100_endpointfix_3d110b2_r05,python_rsa.arithmetic_to_key_generation.inverse_prime_contract,4,4,integration_after_merge:key_agent:round1,integration_after_merge,integrated_workspace,key_agent,True,True,True,111
python-rsa,async_private,oh1292_standard100_endpointfix_3d110b2_r05,python_rsa.arithmetic_to_key_generation.inverse_prime_contract,5,5,agent_artifact:serialization_agent:round1,agent_artifact,agent_workspace,serialization_agent,False,False,False,000
python-rsa,async_private,oh1292_standard100_endpointfix_3d110b2_r05,python_rsa.arithmetic_to_key_generation.inverse_prime_contract,6,6,integration_after_merge:serialization_agent:round1,integration_after_merge,integrated_workspace,serialization_agent,True,True,True,111
python-rsa,async_private,oh1292_standard100_endpointfix_3d110b2_r05,python_rsa.arithmetic_to_key_generation.inverse_prime_contract,7,7,agent_artifact:pkcs1_agent:round1,agent_artifact,agent_workspace,pkcs1_agent,False,False,False,000
python-rsa,async_private,oh1292_standard100_endpointfix_3d110b2_r05,python_rsa.arithmetic_to_key_generation.inverse_prime_contract,8,8,integration_after_merge:pkcs1_agent:round1,integration_after_merge,integrated_workspace,pkcs1_agent,True,True,True,111
python-rsa,async_private,oh1292_standard100_endpointfix_3d110b2_r05,python_rsa.arithmetic_to_key_generation.inverse_prime_contract,9,9,final_integrated,final_integrated,integrated_workspace,,True,True,True,111
python-rsa,async_private,oh1292_standard100_endpointfix_3d110b2_r05,python_rsa.key_to_serialization.pem_der_contract,1,1,agent_artifact:arithmetic_agent:round1,agent_artifact,agent_workspace,arithmetic_agent,False,False,False,000
python-rsa,async_private,oh1292_standard100_endpointfix_3d110b2_r05,python_rsa.key_to_serialization.pem_der_contract,2,2,integration_after_merge:arithmetic_agent:round1,integration_after_merge,integrated_workspace,arithmetic_agent,False,False,False,000
python-rsa,async_private,oh1292_standard100_endpointfix_3d110b2_r05,python_rsa.key_to_serialization.pem_der_contract,3,3,agent_artifact:key_agent:round1,agent_artifact,agent_workspace,key_agent,False,False,False,000
python-rsa,async_private,oh1292_standard100_endpointfix_3d110b2_r05,python_rsa.key_to_serialization.pem_der_contract,4,4,integration_after_merge:key_agent:round1,integration_after_merge,integrated_workspace,key_agent,True,False,False,100
python-rsa,async_private,oh1292_standard100_endpointfix_3d110b2_r05,python_rsa.key_to_serialization.pem_der_contract,5,5,agent_artifact:serialization_agent:round1,agent_artifact,agent_workspace,serialization_agent,False,False,False,000
python-rsa,async_private,oh1292_standard100_endpointfix_3d110b2_r05,python_rsa.key_to_serialization.pem_der_contract,6,6,integration_after_merge:serialization_agent:round1,integration_after_merge,integrated_workspace,serialization_agent,True,False,False,100
python-rsa,async_private,oh1292_standard100_endpointfix_3d110b2_r05,python_rsa.key_to_serialization.pem_der_contract,7,7,agent_artifact:pkcs1_agent:round1,agent_artifact,agent_workspace,pkcs1_agent,False,False,False,000
python-rsa,async_private,oh1292_standard100_endpointfix_3d110b2_r05,python_rsa.key_to_serialization.pem_der_contract,8,8,integration_after_merge:pkcs1_agent:round1,integration_after_merge,integrated_workspace,pkcs1_agent,True,False,False,100
python-rsa,async_private,oh1292_standard100_endpointfix_3d110b2_r05,python_rsa.key_to_serialization.pem_der_contract,9,9,final_integrated,final_integrated,integrated_workspace,,True,False,False,100
python-rsa,async_private,oh1292_standard100_endpointfix_3d110b2_r05,python_rsa.codec_key_to_pkcs1.crypto_api_contract,1,1,agent_artifact:arithmetic_agent:round1,agent_artifact,agent_workspace,arithmetic_agent,False,False,False,000
python-rsa,async_private,oh1292_standard100_endpointfix_3d110b2_r05,python_rsa.codec_key_to_pkcs1.crypto_api_contract,2,2,integration_after_merge:arithmetic_agent:round1,integration_after_merge,integrated_workspace,arithmetic_agent,False,False,False,000
python-rsa,async_private,oh1292_standard100_endpointfix_3d110b2_r05,python_rsa.codec_key_to_pkcs1.crypto_api_contract,3,3,agent_artifact:key_agent:round1,agent_artifact,agent_workspace,key_agent,False,False,False,000
python-rsa,async_private,oh1292_standard100_endpointfix_3d110b2_r05,python_rsa.codec_key_to_pkcs1.crypto_api_contract,4,4,integration_after_merge:key_agent:round1,integration_after_merge,integrated_workspace,key_agent,True,False,False,100
python-rsa,async_private,oh1292_standard100_endpointfix_3d110b2_r05,python_rsa.codec_key_to_pkcs1.crypto_api_contract,5,5,agent_artifact:serialization_agent:round1,agent_artifact,agent_workspace,serialization_agent,False,False,False,000
python-rsa,async_private,oh1292_standard100_endpointfix_3d110b2_r05,python_rsa.codec_key_to_pkcs1.crypto_api_contract,6,6,integration_after_merge:serialization_agent:round1,integration_after_merge,integrated_workspace,serialization_agent,True,False,False,100
python-rsa,async_private,oh1292_standard100_endpointfix_3d110b2_r05,python_rsa.codec_key_to_pkcs1.crypto_api_contract,7,7,agent_artifact:pkcs1_agent:round1,agent_artifact,agent_workspace,pkcs1_agent,False,False,False,000
python-rsa,async_private,oh1292_standard100_endpointfix_3d110b2_r05,python_rsa.codec_key_to_pkcs1.crypto_api_contract,8,8,integration_after_merge:pkcs1_agent:round1,integration_after_merge,integrated_workspace,pkcs1_agent,True,False,False,100
python-rsa,async_private,oh1292_standard100_endpointfix_3d110b2_r05,python_rsa.codec_key_to_pkcs1.crypto_api_contract,9,9,final_integrated,final_integrated,integrated_workspace,,True,False,False,100
python-rsa,caid_manager,oh1292_standard100_endpointfix_3d110b2_r05,python_rsa.arithmetic_to_key_generation.inverse_prime_contract,1,1,agent_artifact:serialization_agent:round1,agent_artifact,agent_workspace,serialization_agent,False,False,False,000
python-rsa,caid_manager,oh1292_standard100_endpointfix_3d110b2_r05,python_rsa.arithmetic_to_key_generation.inverse_prime_contract,2,2,integration_after_merge:serialization_agent:round1,integration_after_merge,integrated_workspace,serialization_agent,False,False,False,000
python-rsa,caid_manager,oh1292_standard100_endpointfix_3d110b2_r05,python_rsa.arithmetic_to_key_generation.inverse_prime_contract,3,3,agent_artifact:key_agent:round1,agent_artifact,agent_workspace,key_agent,False,False,False,000
python-rsa,caid_manager,oh1292_standard100_endpointfix_3d110b2_r05,python_rsa.arithmetic_to_key_generation.inverse_prime_contract,4,4,integration_after_merge:key_agent:round1,integration_after_merge,integrated_workspace,key_agent,False,False,False,000
python-rsa,caid_manager,oh1292_standard100_endpointfix_3d110b2_r05,python_rsa.arithmetic_to_key_generation.inverse_prime_contract,5,5,agent_artifact:arithmetic_agent:round1,agent_artifact,agent_workspace,arithmetic_agent,True,False,False,100
python-rsa,caid_manager,oh1292_standard100_endpointfix_3d110b2_r05,python_rsa.arithmetic_to_key_generation.inverse_prime_contract,6,6,integration_after_merge:arithmetic_agent:round1,integration_after_merge,integrated_workspace,arithmetic_agent,True,True,True,111
python-rsa,caid_manager,oh1292_standard100_endpointfix_3d110b2_r05,python_rsa.arithmetic_to_key_generation.inverse_prime_contract,7,7,agent_artifact:pkcs1_agent:round1,agent_artifact,agent_workspace,pkcs1_agent,True,True,True,111
python-rsa,caid_manager,oh1292_standard100_endpointfix_3d110b2_r05,python_rsa.arithmetic_to_key_generation.inverse_prime_contract,8,8,integration_after_merge:pkcs1_agent:round1,integration_after_merge,integrated_workspace,pkcs1_agent,True,True,True,111
python-rsa,caid_manager,oh1292_standard100_endpointfix_3d110b2_r05,python_rsa.arithmetic_to_key_generation.inverse_prime_contract,9,9,agent_artifact:pkcs1_agent:round2,agent_artifact,agent_workspace,pkcs1_agent,True,False,False,100
python-rsa,caid_manager,oh1292_standard100_endpointfix_3d110b2_r05,python_rsa.arithmetic_to_key_generation.inverse_prime_contract,10,10,integration_after_merge:pkcs1_agent:round2,integration_after_merge,integrated_workspace,pkcs1_agent,True,True,True,111
python-rsa,caid_manager,oh1292_standard100_endpointfix_3d110b2_r05,python_rsa.arithmetic_to_key_generation.inverse_prime_contract,11,11,final_integrated,final_integrated,integrated_workspace,,True,True,True,111
python-rsa,caid_manager,oh1292_standard100_endpointfix_3d110b2_r05,python_rsa.key_to_serialization.pem_der_contract,1,1,agent_artifact:serialization_agent:round1,agent_artifact,agent_workspace,serialization_agent,False,False,False,000
python-rsa,caid_manager,oh1292_standard100_endpointfix_3d110b2_r05,python_rsa.key_to_serialization.pem_der_contract,2,2,integration_after_merge:serialization_agent:round1,integration_after_merge,integrated_workspace,serialization_agent,False,False,False,000
python-rsa,caid_manager,oh1292_standard100_endpointfix_3d110b2_r05,python_rsa.key_to_serialization.pem_der_contract,3,3,agent_artifact:key_agent:round1,agent_artifact,agent_workspace,key_agent,False,False,False,000
python-rsa,caid_manager,oh1292_standard100_endpointfix_3d110b2_r05,python_rsa.key_to_serialization.pem_der_contract,4,4,integration_after_merge:key_agent:round1,integration_after_merge,integrated_workspace,key_agent,False,False,False,000
python-rsa,caid_manager,oh1292_standard100_endpointfix_3d110b2_r05,python_rsa.key_to_serialization.pem_der_contract,5,5,agent_artifact:arithmetic_agent:round1,agent_artifact,agent_workspace,arithmetic_agent,False,False,False,000
python-rsa,caid_manager,oh1292_standard100_endpointfix_3d110b2_r05,python_rsa.key_to_serialization.pem_der_contract,6,6,integration_after_merge:arithmetic_agent:round1,integration_after_merge,integrated_workspace,arithmetic_agent,True,True,True,111
python-rsa,caid_manager,oh1292_standard100_endpointfix_3d110b2_r05,python_rsa.key_to_serialization.pem_der_contract,7,7,agent_artifact:pkcs1_agent:round1,agent_artifact,agent_workspace,pkcs1_agent,True,False,False,100
python-rsa,caid_manager,oh1292_standard100_endpointfix_3d110b2_r05,python_rsa.key_to_serialization.pem_der_contract,8,8,integration_after_merge:pkcs1_agent:round1,integration_after_merge,integrated_workspace,pkcs1_agent,True,True,True,111
python-rsa,caid_manager,oh1292_standard100_endpointfix_3d110b2_r05,python_rsa.key_to_serialization.pem_der_contract,9,9,agent_artifact:pkcs1_agent:round2,agent_artifact,agent_workspace,pkcs1_agent,True,False,False,100
python-rsa,caid_manager,oh1292_standard100_endpointfix_3d110b2_r05,python_rsa.key_to_serialization.pem_der_contract,10,10,integration_after_merge:pkcs1_agent:round2,integration_after_merge,integrated_workspace,pkcs1_agent,True,True,True,111
python-rsa,caid_manager,oh1292_standard100_endpointfix_3d110b2_r05,python_rsa.key_to_serialization.pem_der_contract,11,11,final_integrated,final_integrated,integrated_workspace,,True,True,True,111
python-rsa,caid_manager,oh1292_standard100_endpointfix_3d110b2_r05,python_rsa.codec_key_to_pkcs1.crypto_api_contract,1,1,agent_artifact:serialization_agent:round1,agent_artifact,agent_workspace,serialization_agent,False,False,False,000
python-rsa,caid_manager,oh1292_standard100_endpointfix_3d110b2_r05,python_rsa.codec_key_to_pkcs1.crypto_api_contract,2,2,integration_after_merge:serialization_agent:round1,integration_after_merge,integrated_workspace,serialization_agent,False,False,False,000
python-rsa,caid_manager,oh1292_standard100_endpointfix_3d110b2_r05,python_rsa.codec_key_to_pkcs1.crypto_api_contract,3,3,agent_artifact:key_agent:round1,agent_artifact,agent_workspace,key_agent,False,False,False,000
python-rsa,caid_manager,oh1292_standard100_endpointfix_3d110b2_r05,python_rsa.codec_key_to_pkcs1.crypto_api_contract,4,4,integration_after_merge:key_agent:round1,integration_after_merge,integrated_workspace,key_agent,False,False,False,000
python-rsa,caid_manager,oh1292_standard100_endpointfix_3d110b2_r05,python_rsa.codec_key_to_pkcs1.crypto_api_contract,5,5,agent_artifact:arithmetic_agent:round1,agent_artifact,agent_workspace,arithmetic_agent,False,False,False,000
python-rsa,caid_manager,oh1292_standard100_endpointfix_3d110b2_r05,python_rsa.codec_key_to_pkcs1.crypto_api_contract,6,6,integration_after_merge:arithmetic_agent:round1,integration_after_merge,integrated_workspace,arithmetic_agent,True,False,False,100
python-rsa,caid_manager,oh1292_standard100_endpointfix_3d110b2_r05,python_rsa.codec_key_to_pkcs1.crypto_api_contract,7,7,agent_artifact:pkcs1_agent:round1,agent_artifact,agent_workspace,pkcs1_agent,True,True,True,111
python-rsa,caid_manager,oh1292_standard100_endpointfix_3d110b2_r05,python_rsa.codec_key_to_pkcs1.crypto_api_contract,8,8,integration_after_merge:pkcs1_agent:round1,integration_after_merge,integrated_workspace,pkcs1_agent,True,False,False,100
python-rsa,caid_manager,oh1292_standard100_endpointfix_3d110b2_r05,python_rsa.codec_key_to_pkcs1.crypto_api_contract,9,9,agent_artifact:pkcs1_agent:round2,agent_artifact,agent_workspace,pkcs1_agent,True,True,True,111
python-rsa,caid_manager,oh1292_standard100_endpointfix_3d110b2_r05,python_rsa.codec_key_to_pkcs1.crypto_api_contract,10,10,integration_after_merge:pkcs1_agent:round2,integration_after_merge,integrated_workspace,pkcs1_agent,True,False,False,100
python-rsa,caid_manager,oh1292_standard100_endpointfix_3d110b2_r05,python_rsa.codec_key_to_pkcs1.crypto_api_contract,11,11,final_integrated,final_integrated,integrated_workspace,,True,True,True,111
cookiecutter,single,oh1292_standard100_endpointfix_3d110b2_r05,cookiecutter.config_prompt_to_main.context_contract,1,1,final_integrated,final_integrated,integrated_workspace,,False,False,False,000
cookiecutter,single,oh1292_standard100_endpointfix_3d110b2_r05,cookiecutter.source_to_main.repo_dir_contract,1,1,final_integrated,final_integrated,integrated_workspace,,False,False,False,000
cookiecutter,single,oh1292_standard100_endpointfix_3d110b2_r05,cookiecutter.generate_hooks_to_main.project_contract,1,1,final_integrated,final_integrated,integrated_workspace,,False,False,False,000
cookiecutter,serial_specialists,oh1292_standard100_endpointfix_3d110b2_r05,cookiecutter.config_prompt_to_main.context_contract,1,1,agent_artifact:config_prompt_agent:round1,agent_artifact,agent_workspace,config_prompt_agent,False,False,False,000
cookiecutter,serial_specialists,oh1292_standard100_endpointfix_3d110b2_r05,cookiecutter.config_prompt_to_main.context_contract,2,2,integration_after_merge:config_prompt_agent:round1,integration_after_merge,integrated_workspace,config_prompt_agent,False,False,False,000
cookiecutter,serial_specialists,oh1292_standard100_endpointfix_3d110b2_r05,cookiecutter.config_prompt_to_main.context_contract,3,3,agent_artifact:source_agent:round1,agent_artifact,agent_workspace,source_agent,False,False,False,000
cookiecutter,serial_specialists,oh1292_standard100_endpointfix_3d110b2_r05,cookiecutter.config_prompt_to_main.context_contract,4,4,integration_after_merge:source_agent:round1,integration_after_merge,integrated_workspace,source_agent,False,False,False,000
cookiecutter,serial_specialists,oh1292_standard100_endpointfix_3d110b2_r05,cookiecutter.config_prompt_to_main.context_contract,5,5,agent_artifact:generation_agent:round1,agent_artifact,agent_workspace,generation_agent,False,False,False,000
cookiecutter,serial_specialists,oh1292_standard100_endpointfix_3d110b2_r05,cookiecutter.config_prompt_to_main.context_contract,6,6,integration_after_merge:generation_agent:round1,integration_after_merge,integrated_workspace,generation_agent,False,False,False,000
cookiecutter,serial_specialists,oh1292_standard100_endpointfix_3d110b2_r05,cookiecutter.config_prompt_to_main.context_contract,7,7,agent_artifact:orchestration_agent:round1,agent_artifact,agent_workspace,orchestration_agent,False,True,False,010
cookiecutter,serial_specialists,oh1292_standard100_endpointfix_3d110b2_r05,cookiecutter.config_prompt_to_main.context_contract,8,8,integration_after_merge:orchestration_agent:round1,integration_after_merge,integrated_workspace,orchestration_agent,False,True,False,010
cookiecutter,serial_specialists,oh1292_standard100_endpointfix_3d110b2_r05,cookiecutter.config_prompt_to_main.context_contract,9,9,final_integrated,final_integrated,integrated_workspace,,False,True,False,010
cookiecutter,serial_specialists,oh1292_standard100_endpointfix_3d110b2_r05,cookiecutter.source_to_main.repo_dir_contract,1,1,agent_artifact:config_prompt_agent:round1,agent_artifact,agent_workspace,config_prompt_agent,False,False,False,000
cookiecutter,serial_specialists,oh1292_standard100_endpointfix_3d110b2_r05,cookiecutter.source_to_main.repo_dir_contract,2,2,integration_after_merge:config_prompt_agent:round1,integration_after_merge,integrated_workspace,config_prompt_agent,False,False,False,000
cookiecutter,serial_specialists,oh1292_standard100_endpointfix_3d110b2_r05,cookiecutter.source_to_main.repo_dir_contract,3,3,agent_artifact:source_agent:round1,agent_artifact,agent_workspace,source_agent,True,False,False,100
cookiecutter,serial_specialists,oh1292_standard100_endpointfix_3d110b2_r05,cookiecutter.source_to_main.repo_dir_contract,4,4,integration_after_merge:source_agent:round1,integration_after_merge,integrated_workspace,source_agent,True,False,False,100
cookiecutter,serial_specialists,oh1292_standard100_endpointfix_3d110b2_r05,cookiecutter.source_to_main.repo_dir_contract,5,5,agent_artifact:generation_agent:round1,agent_artifact,agent_workspace,generation_agent,True,False,False,100
cookiecutter,serial_specialists,oh1292_standard100_endpointfix_3d110b2_r05,cookiecutter.source_to_main.repo_dir_contract,6,6,integration_after_merge:generation_agent:round1,integration_after_merge,integrated_workspace,generation_agent,True,False,False,100
cookiecutter,serial_specialists,oh1292_standard100_endpointfix_3d110b2_r05,cookiecutter.source_to_main.repo_dir_contract,7,7,agent_artifact:orchestration_agent:round1,agent_artifact,agent_workspace,orchestration_agent,True,True,True,111
cookiecutter,serial_specialists,oh1292_standard100_endpointfix_3d110b2_r05,cookiecutter.source_to_main.repo_dir_contract,8,8,integration_after_merge:orchestration_agent:round1,integration_after_merge,integrated_workspace,orchestration_agent,True,True,True,111
cookiecutter,serial_specialists,oh1292_standard100_endpointfix_3d110b2_r05,cookiecutter.source_to_main.repo_dir_contract,9,9,final_integrated,final_integrated,integrated_workspace,,True,True,True,111
cookiecutter,serial_specialists,oh1292_standard100_endpointfix_3d110b2_r05,cookiecutter.generate_hooks_to_main.project_contract,1,1,agent_artifact:config_prompt_agent:round1,agent_artifact,agent_workspace,config_prompt_agent,False,False,False,000
cookiecutter,serial_specialists,oh1292_standard100_endpointfix_3d110b2_r05,cookiecutter.generate_hooks_to_main.project_contract,2,2,integration_after_merge:config_prompt_agent:round1,integration_after_merge,integrated_workspace,config_prompt_agent,False,False,False,000
cookiecutter,serial_specialists,oh1292_standard100_endpointfix_3d110b2_r05,cookiecutter.generate_hooks_to_main.project_contract,3,3,agent_artifact:source_agent:round1,agent_artifact,agent_workspace,source_agent,False,False,False,000
cookiecutter,serial_specialists,oh1292_standard100_endpointfix_3d110b2_r05,cookiecutter.generate_hooks_to_main.project_contract,4,4,integration_after_merge:source_agent:round1,integration_after_merge,integrated_workspace,source_agent,False,False,False,000
cookiecutter,serial_specialists,oh1292_standard100_endpointfix_3d110b2_r05,cookiecutter.generate_hooks_to_main.project_contract,5,5,agent_artifact:generation_agent:round1,agent_artifact,agent_workspace,generation_agent,False,False,False,000
cookiecutter,serial_specialists,oh1292_standard100_endpointfix_3d110b2_r05,cookiecutter.generate_hooks_to_main.project_contract,6,6,integration_after_merge:generation_agent:round1,integration_after_merge,integrated_workspace,generation_agent,False,False,False,000
cookiecutter,serial_specialists,oh1292_standard100_endpointfix_3d110b2_r05,cookiecutter.generate_hooks_to_main.project_contract,7,7,agent_artifact:orchestration_agent:round1,agent_artifact,agent_workspace,orchestration_agent,False,True,False,010
cookiecutter,serial_specialists,oh1292_standard100_endpointfix_3d110b2_r05,cookiecutter.generate_hooks_to_main.project_contract,8,8,integration_after_merge:orchestration_agent:round1,integration_after_merge,integrated_workspace,orchestration_agent,False,True,False,010
cookiecutter,serial_specialists,oh1292_standard100_endpointfix_3d110b2_r05,cookiecutter.generate_hooks_to_main.project_contract,9,9,final_integrated,final_integrated,integrated_workspace,,False,True,False,010
cookiecutter,async_private,oh1292_standard100_endpointfix_3d110b2_r05,cookiecutter.config_prompt_to_main.context_contract,1,1,agent_artifact:config_prompt_agent:round1,agent_artifact,agent_workspace,config_prompt_agent,False,False,False,000
cookiecutter,async_private,oh1292_standard100_endpointfix_3d110b2_r05,cookiecutter.config_prompt_to_main.context_contract,2,2,integration_after_merge:config_prompt_agent:round1,integration_after_merge,integrated_workspace,config_prompt_agent,False,False,False,000
cookiecutter,async_private,oh1292_standard100_endpointfix_3d110b2_r05,cookiecutter.config_prompt_to_main.context_contract,3,3,agent_artifact:source_agent:round1,agent_artifact,agent_workspace,source_agent,False,False,False,000
cookiecutter,async_private,oh1292_standard100_endpointfix_3d110b2_r05,cookiecutter.config_prompt_to_main.context_contract,4,4,integration_after_merge:source_agent:round1,integration_after_merge,integrated_workspace,source_agent,False,False,False,000
cookiecutter,async_private,oh1292_standard100_endpointfix_3d110b2_r05,cookiecutter.config_prompt_to_main.context_contract,5,5,agent_artifact:generation_agent:round1,agent_artifact,agent_workspace,generation_agent,False,False,False,000
cookiecutter,async_private,oh1292_standard100_endpointfix_3d110b2_r05,cookiecutter.config_prompt_to_main.context_contract,6,6,integration_after_merge:generation_agent:round1,integration_after_merge,integrated_workspace,generation_agent,False,False,False,000
cookiecutter,async_private,oh1292_standard100_endpointfix_3d110b2_r05,cookiecutter.config_prompt_to_main.context_contract,7,7,agent_artifact:orchestration_agent:round1,agent_artifact,agent_workspace,orchestration_agent,False,True,False,010
cookiecutter,async_private,oh1292_standard100_endpointfix_3d110b2_r05,cookiecutter.config_prompt_to_main.context_contract,8,8,integration_after_merge:orchestration_agent:round1,integration_after_merge,integrated_workspace,orchestration_agent,False,False,False,000
cookiecutter,async_private,oh1292_standard100_endpointfix_3d110b2_r05,cookiecutter.config_prompt_to_main.context_contract,9,9,final_integrated,final_integrated,integrated_workspace,,False,False,False,000
cookiecutter,async_private,oh1292_standard100_endpointfix_3d110b2_r05,cookiecutter.source_to_main.repo_dir_contract,1,1,agent_artifact:config_prompt_agent:round1,agent_artifact,agent_workspace,config_prompt_agent,False,False,False,000
cookiecutter,async_private,oh1292_standard100_endpointfix_3d110b2_r05,cookiecutter.source_to_main.repo_dir_contract,2,2,integration_after_merge:config_prompt_agent:round1,integration_after_merge,integrated_workspace,config_prompt_agent,False,False,False,000
cookiecutter,async_private,oh1292_standard100_endpointfix_3d110b2_r05,cookiecutter.source_to_main.repo_dir_contract,3,3,agent_artifact:source_agent:round1,agent_artifact,agent_workspace,source_agent,True,False,False,100
cookiecutter,async_private,oh1292_standard100_endpointfix_3d110b2_r05,cookiecutter.source_to_main.repo_dir_contract,4,4,integration_after_merge:source_agent:round1,integration_after_merge,integrated_workspace,source_agent,True,False,False,100
cookiecutter,async_private,oh1292_standard100_endpointfix_3d110b2_r05,cookiecutter.source_to_main.repo_dir_contract,5,5,agent_artifact:generation_agent:round1,agent_artifact,agent_workspace,generation_agent,False,False,False,000
cookiecutter,async_private,oh1292_standard100_endpointfix_3d110b2_r05,cookiecutter.source_to_main.repo_dir_contract,6,6,integration_after_merge:generation_agent:round1,integration_after_merge,integrated_workspace,generation_agent,True,False,False,100
cookiecutter,async_private,oh1292_standard100_endpointfix_3d110b2_r05,cookiecutter.source_to_main.repo_dir_contract,7,7,agent_artifact:orchestration_agent:round1,agent_artifact,agent_workspace,orchestration_agent,False,True,False,010
cookiecutter,async_private,oh1292_standard100_endpointfix_3d110b2_r05,cookiecutter.source_to_main.repo_dir_contract,8,8,integration_after_merge:orchestration_agent:round1,integration_after_merge,integrated_workspace,orchestration_agent,True,False,False,100
cookiecutter,async_private,oh1292_standard100_endpointfix_3d110b2_r05,cookiecutter.source_to_main.repo_dir_contract,9,9,final_integrated,final_integrated,integrated_workspace,,True,False,False,100
cookiecutter,async_private,oh1292_standard100_endpointfix_3d110b2_r05,cookiecutter.generate_hooks_to_main.project_contract,1,1,agent_artifact:config_prompt_agent:round1,agent_artifact,agent_workspace,config_prompt_agent,False,False,False,000
cookiecutter,async_private,oh1292_standard100_endpointfix_3d110b2_r05,cookiecutter.generate_hooks_to_main.project_contract,2,2,integration_after_merge:config_prompt_agent:round1,integration_after_merge,integrated_workspace,config_prompt_agent,False,False,False,000
cookiecutter,async_private,oh1292_standard100_endpointfix_3d110b2_r05,cookiecutter.generate_hooks_to_main.project_contract,3,3,agent_artifact:source_agent:round1,agent_artifact,agent_workspace,source_agent,False,False,False,000
cookiecutter,async_private,oh1292_standard100_endpointfix_3d110b2_r05,cookiecutter.generate_hooks_to_main.project_contract,4,4,integration_after_merge:source_agent:round1,integration_after_merge,integrated_workspace,source_agent,False,False,False,000
cookiecutter,async_private,oh1292_standard100_endpointfix_3d110b2_r05,cookiecutter.generate_hooks_to_main.project_contract,5,5,agent_artifact:generation_agent:round1,agent_artifact,agent_workspace,generation_agent,False,False,False,000
cookiecutter,async_private,oh1292_standard100_endpointfix_3d110b2_r05,cookiecutter.generate_hooks_to_main.project_contract,6,6,integration_after_merge:generation_agent:round1,integration_after_merge,integrated_workspace,generation_agent,False,False,False,000
cookiecutter,async_private,oh1292_standard100_endpointfix_3d110b2_r05,cookiecutter.generate_hooks_to_main.project_contract,7,7,agent_artifact:orchestration_agent:round1,agent_artifact,agent_workspace,orchestration_agent,False,True,False,010
cookiecutter,async_private,oh1292_standard100_endpointfix_3d110b2_r05,cookiecutter.generate_hooks_to_main.project_contract,8,8,integration_after_merge:orchestration_agent:round1,integration_after_merge,integrated_workspace,orchestration_agent,False,False,False,000
cookiecutter,async_private,oh1292_standard100_endpointfix_3d110b2_r05,cookiecutter.generate_hooks_to_main.project_contract,9,9,final_integrated,final_integrated,integrated_workspace,,False,False,False,000
cookiecutter,caid_manager,oh1292_standard100_endpointfix_3d110b2_r05,cookiecutter.config_prompt_to_main.context_contract,1,1,agent_artifact:source_agent:round1,agent_artifact,agent_workspace,source_agent,False,False,False,000
cookiecutter,caid_manager,oh1292_standard100_endpointfix_3d110b2_r05,cookiecutter.config_prompt_to_main.context_contract,2,2,integration_after_merge:source_agent:round1,integration_after_merge,integrated_workspace,source_agent,False,False,False,000
cookiecutter,caid_manager,oh1292_standard100_endpointfix_3d110b2_r05,cookiecutter.config_prompt_to_main.context_contract,3,3,agent_artifact:orchestration_agent:round1,agent_artifact,agent_workspace,orchestration_agent,False,True,False,010
cookiecutter,caid_manager,oh1292_standard100_endpointfix_3d110b2_r05,cookiecutter.config_prompt_to_main.context_contract,4,4,integration_after_merge:orchestration_agent:round1,integration_after_merge,integrated_workspace,orchestration_agent,False,True,False,010
cookiecutter,caid_manager,oh1292_standard100_endpointfix_3d110b2_r05,cookiecutter.config_prompt_to_main.context_contract,5,5,agent_artifact:source_agent:round2,agent_artifact,agent_workspace,source_agent,False,False,False,000
cookiecutter,caid_manager,oh1292_standard100_endpointfix_3d110b2_r05,cookiecutter.config_prompt_to_main.context_contract,6,6,integration_after_merge:source_agent:round2,integration_after_merge,integrated_workspace,source_agent,False,True,False,010
cookiecutter,caid_manager,oh1292_standard100_endpointfix_3d110b2_r05,cookiecutter.config_prompt_to_main.context_contract,7,7,agent_artifact:generation_agent:round1,agent_artifact,agent_workspace,generation_agent,False,False,False,000
cookiecutter,caid_manager,oh1292_standard100_endpointfix_3d110b2_r05,cookiecutter.config_prompt_to_main.context_contract,8,8,integration_after_merge:generation_agent:round1,integration_after_merge,integrated_workspace,generation_agent,False,False,False,000
cookiecutter,caid_manager,oh1292_standard100_endpointfix_3d110b2_r05,cookiecutter.config_prompt_to_main.context_contract,9,9,agent_artifact:config_prompt_agent:round1,agent_artifact,agent_workspace,config_prompt_agent,False,False,False,000
cookiecutter,caid_manager,oh1292_standard100_endpointfix_3d110b2_r05,cookiecutter.config_prompt_to_main.context_contract,10,10,integration_after_merge:config_prompt_agent:round1,integration_after_merge,integrated_workspace,config_prompt_agent,False,False,False,000
cookiecutter,caid_manager,oh1292_standard100_endpointfix_3d110b2_r05,cookiecutter.config_prompt_to_main.context_contract,11,11,final_integrated,final_integrated,integrated_workspace,,True,True,True,111
cookiecutter,caid_manager,oh1292_standard100_endpointfix_3d110b2_r05,cookiecutter.source_to_main.repo_dir_contract,1,1,agent_artifact:source_agent:round1,agent_artifact,agent_workspace,source_agent,True,False,False,100
cookiecutter,caid_manager,oh1292_standard100_endpointfix_3d110b2_r05,cookiecutter.source_to_main.repo_dir_contract,2,2,integration_after_merge:source_agent:round1,integration_after_merge,integrated_workspace,source_agent,False,False,False,000
cookiecutter,caid_manager,oh1292_standard100_endpointfix_3d110b2_r05,cookiecutter.source_to_main.repo_dir_contract,3,3,agent_artifact:orchestration_agent:round1,agent_artifact,agent_workspace,orchestration_agent,False,True,False,010
cookiecutter,caid_manager,oh1292_standard100_endpointfix_3d110b2_r05,cookiecutter.source_to_main.repo_dir_contract,4,4,integration_after_merge:orchestration_agent:round1,integration_after_merge,integrated_workspace,orchestration_agent,False,True,False,010
cookiecutter,caid_manager,oh1292_standard100_endpointfix_3d110b2_r05,cookiecutter.source_to_main.repo_dir_contract,5,5,agent_artifact:source_agent:round2,agent_artifact,agent_workspace,source_agent,True,False,False,100
cookiecutter,caid_manager,oh1292_standard100_endpointfix_3d110b2_r05,cookiecutter.source_to_main.repo_dir_contract,6,6,integration_after_merge:source_agent:round2,integration_after_merge,integrated_workspace,source_agent,True,True,True,111
cookiecutter,caid_manager,oh1292_standard100_endpointfix_3d110b2_r05,cookiecutter.source_to_main.repo_dir_contract,7,7,agent_artifact:generation_agent:round1,agent_artifact,agent_workspace,generation_agent,False,False,False,000
cookiecutter,caid_manager,oh1292_standard100_endpointfix_3d110b2_r05,cookiecutter.source_to_main.repo_dir_contract,8,8,integration_after_merge:generation_agent:round1,integration_after_merge,integrated_workspace,generation_agent,True,False,False,100
cookiecutter,caid_manager,oh1292_standard100_endpointfix_3d110b2_r05,cookiecutter.source_to_main.repo_dir_contract,9,9,agent_artifact:config_prompt_agent:round1,agent_artifact,agent_workspace,config_prompt_agent,False,False,False,000
cookiecutter,caid_manager,oh1292_standard100_endpointfix_3d110b2_r05,cookiecutter.source_to_main.repo_dir_contract,10,10,integration_after_merge:config_prompt_agent:round1,integration_after_merge,integrated_workspace,config_prompt_agent,True,False,False,100
cookiecutter,caid_manager,oh1292_standard100_endpointfix_3d110b2_r05,cookiecutter.source_to_main.repo_dir_contract,11,11,final_integrated,final_integrated,integrated_workspace,,True,True,True,111
cookiecutter,caid_manager,oh1292_standard100_endpointfix_3d110b2_r05,cookiecutter.generate_hooks_to_main.project_contract,1,1,agent_artifact:source_agent:round1,agent_artifact,agent_workspace,source_agent,False,False,False,000
cookiecutter,caid_manager,oh1292_standard100_endpointfix_3d110b2_r05,cookiecutter.generate_hooks_to_main.project_contract,2,2,integration_after_merge:source_agent:round1,integration_after_merge,integrated_workspace,source_agent,False,False,False,000
cookiecutter,caid_manager,oh1292_standard100_endpointfix_3d110b2_r05,cookiecutter.generate_hooks_to_main.project_contract,3,3,agent_artifact:orchestration_agent:round1,agent_artifact,agent_workspace,orchestration_agent,False,True,False,010
cookiecutter,caid_manager,oh1292_standard100_endpointfix_3d110b2_r05,cookiecutter.generate_hooks_to_main.project_contract,4,4,integration_after_merge:orchestration_agent:round1,integration_after_merge,integrated_workspace,orchestration_agent,False,True,False,010
cookiecutter,caid_manager,oh1292_standard100_endpointfix_3d110b2_r05,cookiecutter.generate_hooks_to_main.project_contract,5,5,agent_artifact:source_agent:round2,agent_artifact,agent_workspace,source_agent,False,False,False,000
cookiecutter,caid_manager,oh1292_standard100_endpointfix_3d110b2_r05,cookiecutter.generate_hooks_to_main.project_contract,6,6,integration_after_merge:source_agent:round2,integration_after_merge,integrated_workspace,source_agent,False,True,False,010
cookiecutter,caid_manager,oh1292_standard100_endpointfix_3d110b2_r05,cookiecutter.generate_hooks_to_main.project_contract,7,7,agent_artifact:generation_agent:round1,agent_artifact,agent_workspace,generation_agent,False,False,False,000
cookiecutter,caid_manager,oh1292_standard100_endpointfix_3d110b2_r05,cookiecutter.generate_hooks_to_main.project_contract,8,8,integration_after_merge:generation_agent:round1,integration_after_merge,integrated_workspace,generation_agent,False,False,False,000
cookiecutter,caid_manager,oh1292_standard100_endpointfix_3d110b2_r05,cookiecutter.generate_hooks_to_main.project_contract,9,9,agent_artifact:config_prompt_agent:round1,agent_artifact,agent_workspace,config_prompt_agent,False,False,False,000
cookiecutter,caid_manager,oh1292_standard100_endpointfix_3d110b2_r05,cookiecutter.generate_hooks_to_main.project_contract,10,10,integration_after_merge:config_prompt_agent:round1,integration_after_merge,integrated_workspace,config_prompt_agent,False,False,False,000
cookiecutter,caid_manager,oh1292_standard100_endpointfix_3d110b2_r05,cookiecutter.generate_hooks_to_main.project_contract,11,11,final_integrated,final_integrated,integrated_workspace,,True,True,True,111
apache-tvm-20073,single,pr-hard-20073-qwen36-27b-thinking-20260827T110040Z,irbuilder-state-to-parser-propagation,1,1,final_integrated,final_integrated,integrated_workspace,,False,False,False,000
apache-tvm-20073,single,pr-hard-20073-qwen36-27b-thinking-20260827T110040Z,source-mapping-to-parser-propagation,1,1,final_integrated,final_integrated,integrated_workspace,,True,False,False,100
apache-tvm-20073,serial_specialists,pr-hard-20073-qwen36-27b-thinking-20260827T110040Z,irbuilder-state-to-parser-propagation,1,1,agent_artifact:irbuilder_agent:round1,agent_artifact,agent_workspace,irbuilder_agent,False,False,False,000
apache-tvm-20073,serial_specialists,pr-hard-20073-qwen36-27b-thinking-20260827T110040Z,irbuilder-state-to-parser-propagation,2,2,integration_after_merge:irbuilder_agent:round1,integration_after_merge,integrated_workspace,irbuilder_agent,False,False,False,000
apache-tvm-20073,serial_specialists,pr-hard-20073-qwen36-27b-thinking-20260827T110040Z,irbuilder-state-to-parser-propagation,3,3,agent_artifact:source_mapping_agent:round1,agent_artifact,agent_workspace,source_mapping_agent,False,False,False,000
apache-tvm-20073,serial_specialists,pr-hard-20073-qwen36-27b-thinking-20260827T110040Z,irbuilder-state-to-parser-propagation,4,4,integration_after_merge:source_mapping_agent:round1,integration_after_merge,integrated_workspace,source_mapping_agent,False,False,False,000
apache-tvm-20073,serial_specialists,pr-hard-20073-qwen36-27b-thinking-20260827T110040Z,irbuilder-state-to-parser-propagation,5,5,agent_artifact:propagation_agent:round1,agent_artifact,agent_workspace,propagation_agent,False,False,False,000
apache-tvm-20073,serial_specialists,pr-hard-20073-qwen36-27b-thinking-20260827T110040Z,irbuilder-state-to-parser-propagation,6,6,integration_after_merge:propagation_agent:round1,integration_after_merge,integrated_workspace,propagation_agent,False,False,False,000
apache-tvm-20073,serial_specialists,pr-hard-20073-qwen36-27b-thinking-20260827T110040Z,irbuilder-state-to-parser-propagation,7,7,final_integrated,final_integrated,integrated_workspace,,False,False,False,000
apache-tvm-20073,serial_specialists,pr-hard-20073-qwen36-27b-thinking-20260827T110040Z,source-mapping-to-parser-propagation,1,1,agent_artifact:irbuilder_agent:round1,agent_artifact,agent_workspace,irbuilder_agent,False,False,False,000
apache-tvm-20073,serial_specialists,pr-hard-20073-qwen36-27b-thinking-20260827T110040Z,source-mapping-to-parser-propagation,2,2,integration_after_merge:irbuilder_agent:round1,integration_after_merge,integrated_workspace,irbuilder_agent,False,False,False,000
apache-tvm-20073,serial_specialists,pr-hard-20073-qwen36-27b-thinking-20260827T110040Z,source-mapping-to-parser-propagation,3,3,agent_artifact:source_mapping_agent:round1,agent_artifact,agent_workspace,source_mapping_agent,True,False,False,100
apache-tvm-20073,serial_specialists,pr-hard-20073-qwen36-27b-thinking-20260827T110040Z,source-mapping-to-parser-propagation,4,4,integration_after_merge:source_mapping_agent:round1,integration_after_merge,integrated_workspace,source_mapping_agent,True,False,False,100
apache-tvm-20073,serial_specialists,pr-hard-20073-qwen36-27b-thinking-20260827T110040Z,source-mapping-to-parser-propagation,5,5,agent_artifact:propagation_agent:round1,agent_artifact,agent_workspace,propagation_agent,True,False,False,100
apache-tvm-20073,serial_specialists,pr-hard-20073-qwen36-27b-thinking-20260827T110040Z,source-mapping-to-parser-propagation,6,6,integration_after_merge:propagation_agent:round1,integration_after_merge,integrated_workspace,propagation_agent,True,False,False,100
apache-tvm-20073,serial_specialists,pr-hard-20073-qwen36-27b-thinking-20260827T110040Z,source-mapping-to-parser-propagation,7,7,final_integrated,final_integrated,integrated_workspace,,True,False,False,100
apache-tvm-20073,async_private,pr-hard-20073-qwen36-27b-thinking-20260827T110040Z,irbuilder-state-to-parser-propagation,1,1,agent_artifact:irbuilder_agent:round1,agent_artifact,agent_workspace,irbuilder_agent,False,False,False,000
apache-tvm-20073,async_private,pr-hard-20073-qwen36-27b-thinking-20260827T110040Z,irbuilder-state-to-parser-propagation,2,2,integration_after_merge:irbuilder_agent:round1,integration_after_merge,integrated_workspace,irbuilder_agent,False,False,False,000
apache-tvm-20073,async_private,pr-hard-20073-qwen36-27b-thinking-20260827T110040Z,irbuilder-state-to-parser-propagation,3,3,agent_artifact:source_mapping_agent:round1,agent_artifact,agent_workspace,source_mapping_agent,False,False,False,000
apache-tvm-20073,async_private,pr-hard-20073-qwen36-27b-thinking-20260827T110040Z,irbuilder-state-to-parser-propagation,4,4,integration_after_merge:source_mapping_agent:round1,integration_after_merge,integrated_workspace,source_mapping_agent,False,False,False,000
apache-tvm-20073,async_private,pr-hard-20073-qwen36-27b-thinking-20260827T110040Z,irbuilder-state-to-parser-propagation,5,5,agent_artifact:propagation_agent:round1,agent_artifact,agent_workspace,propagation_agent,False,False,False,000
apache-tvm-20073,async_private,pr-hard-20073-qwen36-27b-thinking-20260827T110040Z,irbuilder-state-to-parser-propagation,6,6,integration_after_merge:propagation_agent:round1,integration_after_merge,integrated_workspace,propagation_agent,False,False,False,000
apache-tvm-20073,async_private,pr-hard-20073-qwen36-27b-thinking-20260827T110040Z,irbuilder-state-to-parser-propagation,7,7,final_integrated,final_integrated,integrated_workspace,,False,False,False,000
apache-tvm-20073,async_private,pr-hard-20073-qwen36-27b-thinking-20260827T110040Z,source-mapping-to-parser-propagation,1,1,agent_artifact:irbuilder_agent:round1,agent_artifact,agent_workspace,irbuilder_agent,False,False,False,000
apache-tvm-20073,async_private,pr-hard-20073-qwen36-27b-thinking-20260827T110040Z,source-mapping-to-parser-propagation,2,2,integration_after_merge:irbuilder_agent:round1,integration_after_merge,integrated_workspace,irbuilder_agent,False,False,False,000
apache-tvm-20073,async_private,pr-hard-20073-qwen36-27b-thinking-20260827T110040Z,source-mapping-to-parser-propagation,3,3,agent_artifact:source_mapping_agent:round1,agent_artifact,agent_workspace,source_mapping_agent,True,False,False,100
apache-tvm-20073,async_private,pr-hard-20073-qwen36-27b-thinking-20260827T110040Z,source-mapping-to-parser-propagation,4,4,integration_after_merge:source_mapping_agent:round1,integration_after_merge,integrated_workspace,source_mapping_agent,True,False,False,100
apache-tvm-20073,async_private,pr-hard-20073-qwen36-27b-thinking-20260827T110040Z,source-mapping-to-parser-propagation,5,5,agent_artifact:propagation_agent:round1,agent_artifact,agent_workspace,propagation_agent,False,False,False,000
apache-tvm-20073,async_private,pr-hard-20073-qwen36-27b-thinking-20260827T110040Z,source-mapping-to-parser-propagation,6,6,integration_after_merge:propagation_agent:round1,integration_after_merge,integrated_workspace,propagation_agent,True,False,False,100
apache-tvm-20073,async_private,pr-hard-20073-qwen36-27b-thinking-20260827T110040Z,source-mapping-to-parser-propagation,7,7,final_integrated,final_integrated,integrated_workspace,,True,False,False,100
apache-tvm-20073,caid_manager,pr-hard-20073-qwen36-27b-thinking-20260827T110040Z,irbuilder-state-to-parser-propagation,1,1,agent_artifact:source_mapping_agent:round1,agent_artifact,agent_workspace,source_mapping_agent,False,False,False,000
apache-tvm-20073,caid_manager,pr-hard-20073-qwen36-27b-thinking-20260827T110040Z,irbuilder-state-to-parser-propagation,2,2,integration_after_merge:source_mapping_agent:round1,integration_after_merge,integrated_workspace,source_mapping_agent,False,False,False,000
apache-tvm-20073,caid_manager,pr-hard-20073-qwen36-27b-thinking-20260827T110040Z,irbuilder-state-to-parser-propagation,3,3,agent_artifact:propagation_agent:round1,agent_artifact,agent_workspace,propagation_agent,False,False,False,000
apache-tvm-20073,caid_manager,pr-hard-20073-qwen36-27b-thinking-20260827T110040Z,irbuilder-state-to-parser-propagation,4,4,integration_after_merge:propagation_agent:round1,integration_after_merge,integrated_workspace,propagation_agent,False,False,False,000
apache-tvm-20073,caid_manager,pr-hard-20073-qwen36-27b-thinking-20260827T110040Z,irbuilder-state-to-parser-propagation,5,5,agent_artifact:irbuilder_agent:round1,agent_artifact,agent_workspace,irbuilder_agent,True,False,False,100
apache-tvm-20073,caid_manager,pr-hard-20073-qwen36-27b-thinking-20260827T110040Z,irbuilder-state-to-parser-propagation,6,6,integration_after_merge:irbuilder_agent:round1,integration_after_merge,integrated_workspace,irbuilder_agent,False,False,False,000
apache-tvm-20073,caid_manager,pr-hard-20073-qwen36-27b-thinking-20260827T110040Z,irbuilder-state-to-parser-propagation,7,7,agent_artifact:propagation_agent:round2,agent_artifact,agent_workspace,propagation_agent,False,False,False,000
apache-tvm-20073,caid_manager,pr-hard-20073-qwen36-27b-thinking-20260827T110040Z,irbuilder-state-to-parser-propagation,8,8,integration_after_merge:propagation_agent:round2,integration_after_merge,integrated_workspace,propagation_agent,False,False,False,000
apache-tvm-20073,caid_manager,pr-hard-20073-qwen36-27b-thinking-20260827T110040Z,irbuilder-state-to-parser-propagation,9,9,agent_artifact:irbuilder_agent:round2,agent_artifact,agent_workspace,irbuilder_agent,True,False,False,100
apache-tvm-20073,caid_manager,pr-hard-20073-qwen36-27b-thinking-20260827T110040Z,irbuilder-state-to-parser-propagation,10,10,integration_after_merge:irbuilder_agent:round2,integration_after_merge,integrated_workspace,irbuilder_agent,False,False,False,000
apache-tvm-20073,caid_manager,pr-hard-20073-qwen36-27b-thinking-20260827T110040Z,irbuilder-state-to-parser-propagation,11,11,final_integrated,final_integrated,integrated_workspace,,False,False,False,000
apache-tvm-20073,caid_manager,pr-hard-20073-qwen36-27b-thinking-20260827T110040Z,source-mapping-to-parser-propagation,1,1,agent_artifact:source_mapping_agent:round1,agent_artifact,agent_workspace,source_mapping_agent,True,False,False,100
apache-tvm-20073,caid_manager,pr-hard-20073-qwen36-27b-thinking-20260827T110040Z,source-mapping-to-parser-propagation,2,2,integration_after_merge:source_mapping_agent:round1,integration_after_merge,integrated_workspace,source_mapping_agent,True,False,False,100
apache-tvm-20073,caid_manager,pr-hard-20073-qwen36-27b-thinking-20260827T110040Z,source-mapping-to-parser-propagation,3,3,agent_artifact:propagation_agent:round1,agent_artifact,agent_workspace,propagation_agent,False,False,False,000
apache-tvm-20073,caid_manager,pr-hard-20073-qwen36-27b-thinking-20260827T110040Z,source-mapping-to-parser-propagation,4,4,integration_after_merge:propagation_agent:round1,integration_after_merge,integrated_workspace,propagation_agent,True,False,False,100
apache-tvm-20073,caid_manager,pr-hard-20073-qwen36-27b-thinking-20260827T110040Z,source-mapping-to-parser-propagation,5,5,agent_artifact:irbuilder_agent:round1,agent_artifact,agent_workspace,irbuilder_agent,False,False,False,000
apache-tvm-20073,caid_manager,pr-hard-20073-qwen36-27b-thinking-20260827T110040Z,source-mapping-to-parser-propagation,6,6,integration_after_merge:irbuilder_agent:round1,integration_after_merge,integrated_workspace,irbuilder_agent,True,False,False,100
apache-tvm-20073,caid_manager,pr-hard-20073-qwen36-27b-thinking-20260827T110040Z,source-mapping-to-parser-propagation,7,7,agent_artifact:propagation_agent:round2,agent_artifact,agent_workspace,propagation_agent,False,False,False,000
apache-tvm-20073,caid_manager,pr-hard-20073-qwen36-27b-thinking-20260827T110040Z,source-mapping-to-parser-propagation,8,8,integration_after_merge:propagation_agent:round2,integration_after_merge,integrated_workspace,propagation_agent,True,False,False,100
apache-tvm-20073,caid_manager,pr-hard-20073-qwen36-27b-thinking-20260827T110040Z,source-mapping-to-parser-propagation,9,9,agent_artifact:irbuilder_agent:round2,agent_artifact,agent_workspace,irbuilder_agent,False,False,False,000
apache-tvm-20073,caid_manager,pr-hard-20073-qwen36-27b-thinking-20260827T110040Z,source-mapping-to-parser-propagation,10,10,integration_after_merge:irbuilder_agent:round2,integration_after_merge,integrated_workspace,irbuilder_agent,True,False,False,100
apache-tvm-20073,caid_manager,pr-hard-20073-qwen36-27b-thinking-20260827T110040Z,source-mapping-to-parser-propagation,11,11,final_integrated,final_integrated,integrated_workspace,,True,False,False,100
apache-tvm-20107,single,pr-hard-20107-qwen36-27b-thinking-20260826T180300Z,shared-core-to-relax-signature,1,1,final_integrated,final_integrated,integrated_workspace,,False,False,False,000
apache-tvm-20107,single,pr-hard-20107-qwen36-27b-thinking-20260826T180300Z,shared-core-to-tirx-signature,1,1,final_integrated,final_integrated,integrated_workspace,,False,False,False,000
apache-tvm-20107,serial_specialists,pr-hard-20107-qwen36-27b-thinking-20260826T180300Z,shared-core-to-relax-signature,1,1,agent_artifact:script_core_agent:round1,agent_artifact,agent_workspace,script_core_agent,True,False,False,100
apache-tvm-20107,serial_specialists,pr-hard-20107-qwen36-27b-thinking-20260826T180300Z,shared-core-to-relax-signature,2,2,integration_after_merge:script_core_agent:round1,integration_after_merge,integrated_workspace,script_core_agent,False,False,False,000
apache-tvm-20107,serial_specialists,pr-hard-20107-qwen36-27b-thinking-20260826T180300Z,shared-core-to-relax-signature,3,3,agent_artifact:relax_agent:round1,agent_artifact,agent_workspace,relax_agent,False,False,False,000
apache-tvm-20107,serial_specialists,pr-hard-20107-qwen36-27b-thinking-20260826T180300Z,shared-core-to-relax-signature,4,4,integration_after_merge:relax_agent:round1,integration_after_merge,integrated_workspace,relax_agent,False,False,False,000
apache-tvm-20107,serial_specialists,pr-hard-20107-qwen36-27b-thinking-20260826T180300Z,shared-core-to-relax-signature,5,5,agent_artifact:tirx_agent:round1,agent_artifact,agent_workspace,tirx_agent,False,False,False,000
apache-tvm-20107,serial_specialists,pr-hard-20107-qwen36-27b-thinking-20260826T180300Z,shared-core-to-relax-signature,6,6,integration_after_merge:tirx_agent:round1,integration_after_merge,integrated_workspace,tirx_agent,False,False,False,000
apache-tvm-20107,serial_specialists,pr-hard-20107-qwen36-27b-thinking-20260826T180300Z,shared-core-to-relax-signature,7,7,final_integrated,final_integrated,integrated_workspace,,False,False,False,000
apache-tvm-20107,serial_specialists,pr-hard-20107-qwen36-27b-thinking-20260826T180300Z,shared-core-to-tirx-signature,1,1,agent_artifact:script_core_agent:round1,agent_artifact,agent_workspace,script_core_agent,True,False,False,100
apache-tvm-20107,serial_specialists,pr-hard-20107-qwen36-27b-thinking-20260826T180300Z,shared-core-to-tirx-signature,2,2,integration_after_merge:script_core_agent:round1,integration_after_merge,integrated_workspace,script_core_agent,False,False,False,000
apache-tvm-20107,serial_specialists,pr-hard-20107-qwen36-27b-thinking-20260826T180300Z,shared-core-to-tirx-signature,3,3,agent_artifact:relax_agent:round1,agent_artifact,agent_workspace,relax_agent,False,False,False,000
apache-tvm-20107,serial_specialists,pr-hard-20107-qwen36-27b-thinking-20260826T180300Z,shared-core-to-tirx-signature,4,4,integration_after_merge:relax_agent:round1,integration_after_merge,integrated_workspace,relax_agent,False,False,False,000
apache-tvm-20107,serial_specialists,pr-hard-20107-qwen36-27b-thinking-20260826T180300Z,shared-core-to-tirx-signature,5,5,agent_artifact:tirx_agent:round1,agent_artifact,agent_workspace,tirx_agent,False,False,False,000
apache-tvm-20107,serial_specialists,pr-hard-20107-qwen36-27b-thinking-20260826T180300Z,shared-core-to-tirx-signature,6,6,integration_after_merge:tirx_agent:round1,integration_after_merge,integrated_workspace,tirx_agent,False,False,False,000
apache-tvm-20107,serial_specialists,pr-hard-20107-qwen36-27b-thinking-20260826T180300Z,shared-core-to-tirx-signature,7,7,final_integrated,final_integrated,integrated_workspace,,False,False,False,000
apache-tvm-20107,async_private,pr-hard-20107-qwen36-27b-thinking-20260826T180300Z,shared-core-to-relax-signature,1,1,agent_artifact:script_core_agent:round1,agent_artifact,agent_workspace,script_core_agent,True,False,False,100
apache-tvm-20107,async_private,pr-hard-20107-qwen36-27b-thinking-20260826T180300Z,shared-core-to-relax-signature,2,2,integration_after_merge:script_core_agent:round1,integration_after_merge,integrated_workspace,script_core_agent,False,False,False,000
apache-tvm-20107,async_private,pr-hard-20107-qwen36-27b-thinking-20260826T180300Z,shared-core-to-relax-signature,3,3,agent_artifact:relax_agent:round1,agent_artifact,agent_workspace,relax_agent,False,False,False,000
apache-tvm-20107,async_private,pr-hard-20107-qwen36-27b-thinking-20260826T180300Z,shared-core-to-relax-signature,4,4,integration_after_merge:relax_agent:round1,integration_after_merge,integrated_workspace,relax_agent,False,False,False,000
apache-tvm-20107,async_private,pr-hard-20107-qwen36-27b-thinking-20260826T180300Z,shared-core-to-relax-signature,5,5,agent_artifact:tirx_agent:round1,agent_artifact,agent_workspace,tirx_agent,False,False,False,000
apache-tvm-20107,async_private,pr-hard-20107-qwen36-27b-thinking-20260826T180300Z,shared-core-to-relax-signature,6,6,integration_after_merge:tirx_agent:round1,integration_after_merge,integrated_workspace,tirx_agent,False,False,False,000
apache-tvm-20107,async_private,pr-hard-20107-qwen36-27b-thinking-20260826T180300Z,shared-core-to-relax-signature,7,7,final_integrated,final_integrated,integrated_workspace,,True,False,False,100
apache-tvm-20107,async_private,pr-hard-20107-qwen36-27b-thinking-20260826T180300Z,shared-core-to-tirx-signature,1,1,agent_artifact:script_core_agent:round1,agent_artifact,agent_workspace,script_core_agent,True,False,False,100
apache-tvm-20107,async_private,pr-hard-20107-qwen36-27b-thinking-20260826T180300Z,shared-core-to-tirx-signature,2,2,integration_after_merge:script_core_agent:round1,integration_after_merge,integrated_workspace,script_core_agent,False,False,False,000
apache-tvm-20107,async_private,pr-hard-20107-qwen36-27b-thinking-20260826T180300Z,shared-core-to-tirx-signature,3,3,agent_artifact:relax_agent:round1,agent_artifact,agent_workspace,relax_agent,False,False,False,000
apache-tvm-20107,async_private,pr-hard-20107-qwen36-27b-thinking-20260826T180300Z,shared-core-to-tirx-signature,4,4,integration_after_merge:relax_agent:round1,integration_after_merge,integrated_workspace,relax_agent,False,False,False,000
apache-tvm-20107,async_private,pr-hard-20107-qwen36-27b-thinking-20260826T180300Z,shared-core-to-tirx-signature,5,5,agent_artifact:tirx_agent:round1,agent_artifact,agent_workspace,tirx_agent,False,False,False,000
apache-tvm-20107,async_private,pr-hard-20107-qwen36-27b-thinking-20260826T180300Z,shared-core-to-tirx-signature,6,6,integration_after_merge:tirx_agent:round1,integration_after_merge,integrated_workspace,tirx_agent,False,False,False,000
apache-tvm-20107,async_private,pr-hard-20107-qwen36-27b-thinking-20260826T180300Z,shared-core-to-tirx-signature,7,7,final_integrated,final_integrated,integrated_workspace,,True,False,False,100
apache-tvm-20107,caid_manager,pr-hard-20107-qwen36-27b-thinking-20260826T180300Z,shared-core-to-relax-signature,1,1,agent_artifact:script_core_agent:round1,agent_artifact,agent_workspace,script_core_agent,True,False,False,100
apache-tvm-20107,caid_manager,pr-hard-20107-qwen36-27b-thinking-20260826T180300Z,shared-core-to-relax-signature,2,2,integration_after_merge:script_core_agent:round1,integration_after_merge,integrated_workspace,script_core_agent,True,False,False,100
apache-tvm-20107,caid_manager,pr-hard-20107-qwen36-27b-thinking-20260826T180300Z,shared-core-to-relax-signature,3,3,agent_artifact:tirx_agent:round1,agent_artifact,agent_workspace,tirx_agent,False,False,False,000
apache-tvm-20107,caid_manager,pr-hard-20107-qwen36-27b-thinking-20260826T180300Z,shared-core-to-relax-signature,4,4,integration_after_merge:tirx_agent:round1,integration_after_merge,integrated_workspace,tirx_agent,True,False,False,100
apache-tvm-20107,caid_manager,pr-hard-20107-qwen36-27b-thinking-20260826T180300Z,shared-core-to-relax-signature,5,5,agent_artifact:relax_agent:round1,agent_artifact,agent_workspace,relax_agent,False,False,False,000
apache-tvm-20107,caid_manager,pr-hard-20107-qwen36-27b-thinking-20260826T180300Z,shared-core-to-relax-signature,6,6,integration_after_merge:relax_agent:round1,integration_after_merge,integrated_workspace,relax_agent,True,False,False,100
apache-tvm-20107,caid_manager,pr-hard-20107-qwen36-27b-thinking-20260826T180300Z,shared-core-to-relax-signature,7,7,agent_artifact:tirx_agent:round2,agent_artifact,agent_workspace,tirx_agent,False,False,False,000
apache-tvm-20107,caid_manager,pr-hard-20107-qwen36-27b-thinking-20260826T180300Z,shared-core-to-relax-signature,8,8,integration_after_merge:tirx_agent:round2,integration_after_merge,integrated_workspace,tirx_agent,True,False,False,100
apache-tvm-20107,caid_manager,pr-hard-20107-qwen36-27b-thinking-20260826T180300Z,shared-core-to-relax-signature,9,9,agent_artifact:relax_agent:round2,agent_artifact,agent_workspace,relax_agent,False,False,False,000
apache-tvm-20107,caid_manager,pr-hard-20107-qwen36-27b-thinking-20260826T180300Z,shared-core-to-relax-signature,10,10,integration_after_merge:relax_agent:round2,integration_after_merge,integrated_workspace,relax_agent,True,False,False,100
apache-tvm-20107,caid_manager,pr-hard-20107-qwen36-27b-thinking-20260826T180300Z,shared-core-to-relax-signature,11,11,final_integrated,final_integrated,integrated_workspace,,True,False,False,100
apache-tvm-20107,caid_manager,pr-hard-20107-qwen36-27b-thinking-20260826T180300Z,shared-core-to-tirx-signature,1,1,agent_artifact:script_core_agent:round1,agent_artifact,agent_workspace,script_core_agent,True,False,False,100
apache-tvm-20107,caid_manager,pr-hard-20107-qwen36-27b-thinking-20260826T180300Z,shared-core-to-tirx-signature,2,2,integration_after_merge:script_core_agent:round1,integration_after_merge,integrated_workspace,script_core_agent,True,False,False,100
apache-tvm-20107,caid_manager,pr-hard-20107-qwen36-27b-thinking-20260826T180300Z,shared-core-to-tirx-signature,3,3,agent_artifact:tirx_agent:round1,agent_artifact,agent_workspace,tirx_agent,False,False,False,000
apache-tvm-20107,caid_manager,pr-hard-20107-qwen36-27b-thinking-20260826T180300Z,shared-core-to-tirx-signature,4,4,integration_after_merge:tirx_agent:round1,integration_after_merge,integrated_workspace,tirx_agent,True,False,False,100
apache-tvm-20107,caid_manager,pr-hard-20107-qwen36-27b-thinking-20260826T180300Z,shared-core-to-tirx-signature,5,5,agent_artifact:relax_agent:round1,agent_artifact,agent_workspace,relax_agent,False,False,False,000
apache-tvm-20107,caid_manager,pr-hard-20107-qwen36-27b-thinking-20260826T180300Z,shared-core-to-tirx-signature,6,6,integration_after_merge:relax_agent:round1,integration_after_merge,integrated_workspace,relax_agent,True,False,False,100
apache-tvm-20107,caid_manager,pr-hard-20107-qwen36-27b-thinking-20260826T180300Z,shared-core-to-tirx-signature,7,7,agent_artifact:tirx_agent:round2,agent_artifact,agent_workspace,tirx_agent,False,False,False,000
apache-tvm-20107,caid_manager,pr-hard-20107-qwen36-27b-thinking-20260826T180300Z,shared-core-to-tirx-signature,8,8,integration_after_merge:tirx_agent:round2,integration_after_merge,integrated_workspace,tirx_agent,True,False,False,100
apache-tvm-20107,caid_manager,pr-hard-20107-qwen36-27b-thinking-20260826T180300Z,shared-core-to-tirx-signature,9,9,agent_artifact:relax_agent:round2,agent_artifact,agent_workspace,relax_agent,False,False,False,000
apache-tvm-20107,caid_manager,pr-hard-20107-qwen36-27b-thinking-20260826T180300Z,shared-core-to-tirx-signature,10,10,integration_after_merge:relax_agent:round2,integration_after_merge,integrated_workspace,relax_agent,True,False,False,100
apache-tvm-20107,caid_manager,pr-hard-20107-qwen36-27b-thinking-20260826T180300Z,shared-core-to-tirx-signature,11,11,final_integrated,final_integrated,integrated_workspace,,True,False,False,100
apache-tvm-20153,single,qwen36-27b-gpu1-tvm20153-fixed2-20260825T113252Z,dialect-schema-to-lowering,1,1,final_integrated,final_integrated,integrated_workspace,,True,False,False,100
apache-tvm-20153,single,qwen36-27b-gpu1-tvm20153-fixed2-20260825T113252Z,operand-lowering-to-rendering,1,1,final_integrated,final_integrated,integrated_workspace,,False,False,False,000
apache-tvm-20153,serial_specialists,qwen36-27b-gpu1-tvm20153-fixed2-20260825T113252Z,dialect-schema-to-lowering,1,1,agent_artifact:dialect_agent:round1,agent_artifact,agent_workspace,dialect_agent,True,False,False,100
apache-tvm-20153,serial_specialists,qwen36-27b-gpu1-tvm20153-fixed2-20260825T113252Z,dialect-schema-to-lowering,2,2,integration_after_merge:dialect_agent:round1,integration_after_merge,integrated_workspace,dialect_agent,True,False,False,100
apache-tvm-20153,serial_specialists,qwen36-27b-gpu1-tvm20153-fixed2-20260825T113252Z,dialect-schema-to-lowering,3,3,agent_artifact:lowering_agent:round1,agent_artifact,agent_workspace,lowering_agent,True,False,True,101
apache-tvm-20153,serial_specialists,qwen36-27b-gpu1-tvm20153-fixed2-20260825T113252Z,dialect-schema-to-lowering,4,4,integration_after_merge:lowering_agent:round1,integration_after_merge,integrated_workspace,lowering_agent,True,False,False,100
apache-tvm-20153,serial_specialists,qwen36-27b-gpu1-tvm20153-fixed2-20260825T113252Z,dialect-schema-to-lowering,5,5,agent_artifact:render_agent:round1,agent_artifact,agent_workspace,render_agent,True,False,False,100
apache-tvm-20153,serial_specialists,qwen36-27b-gpu1-tvm20153-fixed2-20260825T113252Z,dialect-schema-to-lowering,6,6,integration_after_merge:render_agent:round1,integration_after_merge,integrated_workspace,render_agent,True,False,False,100
apache-tvm-20153,serial_specialists,qwen36-27b-gpu1-tvm20153-fixed2-20260825T113252Z,dialect-schema-to-lowering,7,7,final_integrated,final_integrated,integrated_workspace,,True,False,False,100
apache-tvm-20153,serial_specialists,qwen36-27b-gpu1-tvm20153-fixed2-20260825T113252Z,operand-lowering-to-rendering,1,1,agent_artifact:dialect_agent:round1,agent_artifact,agent_workspace,dialect_agent,False,False,False,000
apache-tvm-20153,serial_specialists,qwen36-27b-gpu1-tvm20153-fixed2-20260825T113252Z,operand-lowering-to-rendering,2,2,integration_after_merge:dialect_agent:round1,integration_after_merge,integrated_workspace,dialect_agent,False,False,False,000
apache-tvm-20153,serial_specialists,qwen36-27b-gpu1-tvm20153-fixed2-20260825T113252Z,operand-lowering-to-rendering,3,3,agent_artifact:lowering_agent:round1,agent_artifact,agent_workspace,lowering_agent,True,True,True,111
apache-tvm-20153,serial_specialists,qwen36-27b-gpu1-tvm20153-fixed2-20260825T113252Z,operand-lowering-to-rendering,4,4,integration_after_merge:lowering_agent:round1,integration_after_merge,integrated_workspace,lowering_agent,False,False,False,000
apache-tvm-20153,serial_specialists,qwen36-27b-gpu1-tvm20153-fixed2-20260825T113252Z,operand-lowering-to-rendering,5,5,agent_artifact:render_agent:round1,agent_artifact,agent_workspace,render_agent,False,True,False,010
apache-tvm-20153,serial_specialists,qwen36-27b-gpu1-tvm20153-fixed2-20260825T113252Z,operand-lowering-to-rendering,6,6,integration_after_merge:render_agent:round1,integration_after_merge,integrated_workspace,render_agent,False,True,False,010
apache-tvm-20153,serial_specialists,qwen36-27b-gpu1-tvm20153-fixed2-20260825T113252Z,operand-lowering-to-rendering,7,7,final_integrated,final_integrated,integrated_workspace,,False,True,False,010
apache-tvm-20153,async_private,qwen36-27b-gpu1-tvm20153-fixed2-20260825T113252Z,dialect-schema-to-lowering,1,1,agent_artifact:dialect_agent:round1,agent_artifact,agent_workspace,dialect_agent,True,False,False,100
apache-tvm-20153,async_private,qwen36-27b-gpu1-tvm20153-fixed2-20260825T113252Z,dialect-schema-to-lowering,2,2,integration_after_merge:dialect_agent:round1,integration_after_merge,integrated_workspace,dialect_agent,False,False,False,000
apache-tvm-20153,async_private,qwen36-27b-gpu1-tvm20153-fixed2-20260825T113252Z,dialect-schema-to-lowering,3,3,agent_artifact:lowering_agent:round1,agent_artifact,agent_workspace,lowering_agent,False,False,False,000
apache-tvm-20153,async_private,qwen36-27b-gpu1-tvm20153-fixed2-20260825T113252Z,dialect-schema-to-lowering,4,4,integration_after_merge:lowering_agent:round1,integration_after_merge,integrated_workspace,lowering_agent,False,False,False,000
apache-tvm-20153,async_private,qwen36-27b-gpu1-tvm20153-fixed2-20260825T113252Z,dialect-schema-to-lowering,5,5,agent_artifact:render_agent:round1,agent_artifact,agent_workspace,render_agent,False,False,False,000
apache-tvm-20153,async_private,qwen36-27b-gpu1-tvm20153-fixed2-20260825T113252Z,dialect-schema-to-lowering,6,6,integration_after_merge:render_agent:round1,integration_after_merge,integrated_workspace,render_agent,False,False,False,000
apache-tvm-20153,async_private,qwen36-27b-gpu1-tvm20153-fixed2-20260825T113252Z,dialect-schema-to-lowering,7,7,final_integrated,final_integrated,integrated_workspace,,False,False,False,000
apache-tvm-20153,async_private,qwen36-27b-gpu1-tvm20153-fixed2-20260825T113252Z,operand-lowering-to-rendering,1,1,agent_artifact:dialect_agent:round1,agent_artifact,agent_workspace,dialect_agent,False,False,False,000
apache-tvm-20153,async_private,qwen36-27b-gpu1-tvm20153-fixed2-20260825T113252Z,operand-lowering-to-rendering,2,2,integration_after_merge:dialect_agent:round1,integration_after_merge,integrated_workspace,dialect_agent,False,False,False,000
apache-tvm-20153,async_private,qwen36-27b-gpu1-tvm20153-fixed2-20260825T113252Z,operand-lowering-to-rendering,3,3,agent_artifact:lowering_agent:round1,agent_artifact,agent_workspace,lowering_agent,False,False,False,000
apache-tvm-20153,async_private,qwen36-27b-gpu1-tvm20153-fixed2-20260825T113252Z,operand-lowering-to-rendering,4,4,integration_after_merge:lowering_agent:round1,integration_after_merge,integrated_workspace,lowering_agent,False,False,False,000
apache-tvm-20153,async_private,qwen36-27b-gpu1-tvm20153-fixed2-20260825T113252Z,operand-lowering-to-rendering,5,5,agent_artifact:render_agent:round1,agent_artifact,agent_workspace,render_agent,False,True,False,010
apache-tvm-20153,async_private,qwen36-27b-gpu1-tvm20153-fixed2-20260825T113252Z,operand-lowering-to-rendering,6,6,integration_after_merge:render_agent:round1,integration_after_merge,integrated_workspace,render_agent,False,True,False,010
apache-tvm-20153,async_private,qwen36-27b-gpu1-tvm20153-fixed2-20260825T113252Z,operand-lowering-to-rendering,7,7,final_integrated,final_integrated,integrated_workspace,,False,True,False,010
apache-tvm-20153,caid_manager,qwen36-27b-gpu1-tvm20153-caidretry1-20260825T224253Z,dialect-schema-to-lowering,1,1,agent_artifact:engineer_3:round1,agent_artifact,agent_workspace,engineer_3,False,False,False,000
apache-tvm-20153,caid_manager,qwen36-27b-gpu1-tvm20153-caidretry1-20260825T224253Z,dialect-schema-to-lowering,2,2,integration_after_merge:engineer_3:round1,integration_after_merge,integrated_workspace,engineer_3,False,False,False,000
apache-tvm-20153,caid_manager,qwen36-27b-gpu1-tvm20153-caidretry1-20260825T224253Z,dialect-schema-to-lowering,3,3,agent_artifact:engineer_1:round1,agent_artifact,agent_workspace,engineer_1,False,False,False,000
apache-tvm-20153,caid_manager,qwen36-27b-gpu1-tvm20153-caidretry1-20260825T224253Z,dialect-schema-to-lowering,4,4,integration_after_merge:engineer_1:round1,integration_after_merge,integrated_workspace,engineer_1,False,False,False,000
apache-tvm-20153,caid_manager,qwen36-27b-gpu1-tvm20153-caidretry1-20260825T224253Z,dialect-schema-to-lowering,5,5,agent_artifact:engineer_1:round2,agent_artifact,agent_workspace,engineer_1,True,False,False,100
apache-tvm-20153,caid_manager,qwen36-27b-gpu1-tvm20153-caidretry1-20260825T224253Z,dialect-schema-to-lowering,6,6,integration_after_merge:engineer_1:round2,integration_after_merge,integrated_workspace,engineer_1,False,False,False,000
apache-tvm-20153,caid_manager,qwen36-27b-gpu1-tvm20153-caidretry1-20260825T224253Z,dialect-schema-to-lowering,7,7,agent_artifact:engineer_2:round1,agent_artifact,agent_workspace,engineer_2,False,False,False,000
apache-tvm-20153,caid_manager,qwen36-27b-gpu1-tvm20153-caidretry1-20260825T224253Z,dialect-schema-to-lowering,8,8,integration_after_merge:engineer_2:round1,integration_after_merge,integrated_workspace,engineer_2,False,False,False,000
apache-tvm-20153,caid_manager,qwen36-27b-gpu1-tvm20153-caidretry1-20260825T224253Z,dialect-schema-to-lowering,9,9,agent_artifact:engineer_2:round2,agent_artifact,agent_workspace,engineer_2,True,True,True,111
apache-tvm-20153,caid_manager,qwen36-27b-gpu1-tvm20153-caidretry1-20260825T224253Z,dialect-schema-to-lowering,10,10,integration_after_merge:engineer_2:round2,integration_after_merge,integrated_workspace,engineer_2,False,False,False,000
apache-tvm-20153,caid_manager,qwen36-27b-gpu1-tvm20153-caidretry1-20260825T224253Z,dialect-schema-to-lowering,11,11,final_integrated,final_integrated,integrated_workspace,,False,False,False,000
apache-tvm-20153,caid_manager,qwen36-27b-gpu1-tvm20153-caidretry1-20260825T224253Z,operand-lowering-to-rendering,1,1,agent_artifact:engineer_3:round1,agent_artifact,agent_workspace,engineer_3,False,True,False,010
apache-tvm-20153,caid_manager,qwen36-27b-gpu1-tvm20153-caidretry1-20260825T224253Z,operand-lowering-to-rendering,2,2,integration_after_merge:engineer_3:round1,integration_after_merge,integrated_workspace,engineer_3,False,True,False,010
apache-tvm-20153,caid_manager,qwen36-27b-gpu1-tvm20153-caidretry1-20260825T224253Z,operand-lowering-to-rendering,3,3,agent_artifact:engineer_1:round1,agent_artifact,agent_workspace,engineer_1,False,False,False,000
apache-tvm-20153,caid_manager,qwen36-27b-gpu1-tvm20153-caidretry1-20260825T224253Z,operand-lowering-to-rendering,4,4,integration_after_merge:engineer_1:round1,integration_after_merge,integrated_workspace,engineer_1,False,True,False,010
apache-tvm-20153,caid_manager,qwen36-27b-gpu1-tvm20153-caidretry1-20260825T224253Z,operand-lowering-to-rendering,5,5,agent_artifact:engineer_1:round2,agent_artifact,agent_workspace,engineer_1,False,False,False,000
apache-tvm-20153,caid_manager,qwen36-27b-gpu1-tvm20153-caidretry1-20260825T224253Z,operand-lowering-to-rendering,6,6,integration_after_merge:engineer_1:round2,integration_after_merge,integrated_workspace,engineer_1,False,True,False,010
apache-tvm-20153,caid_manager,qwen36-27b-gpu1-tvm20153-caidretry1-20260825T224253Z,operand-lowering-to-rendering,7,7,agent_artifact:engineer_2:round1,agent_artifact,agent_workspace,engineer_2,False,False,False,000
apache-tvm-20153,caid_manager,qwen36-27b-gpu1-tvm20153-caidretry1-20260825T224253Z,operand-lowering-to-rendering,8,8,integration_after_merge:engineer_2:round1,integration_after_merge,integrated_workspace,engineer_2,False,True,False,010
apache-tvm-20153,caid_manager,qwen36-27b-gpu1-tvm20153-caidretry1-20260825T224253Z,operand-lowering-to-rendering,9,9,agent_artifact:engineer_2:round2,agent_artifact,agent_workspace,engineer_2,True,True,True,111
apache-tvm-20153,caid_manager,qwen36-27b-gpu1-tvm20153-caidretry1-20260825T224253Z,operand-lowering-to-rendering,10,10,integration_after_merge:engineer_2:round2,integration_after_merge,integrated_workspace,engineer_2,False,True,False,010
apache-tvm-20153,caid_manager,qwen36-27b-gpu1-tvm20153-caidretry1-20260825T224253Z,operand-lowering-to-rendering,11,11,final_integrated,final_integrated,integrated_workspace,,False,True,False,010
apache-tvm-20018,single,pr-hard-20018-qwen36-full-20260828T160649Z,return-ir-to-script-surface,1,1,final_integrated,final_integrated,integrated_workspace,,False,False,False,000
apache-tvm-20018,single,pr-hard-20018-qwen36-full-20260828T160649Z,script-return-to-lowering-codegen,1,1,final_integrated,final_integrated,integrated_workspace,,False,False,False,000
apache-tvm-20018,serial_specialists,pr-hard-20018-qwen36-full-20260828T160649Z,return-ir-to-script-surface,1,1,agent_artifact:return_core_agent:round1,agent_artifact,agent_workspace,return_core_agent,True,False,False,100
apache-tvm-20018,serial_specialists,pr-hard-20018-qwen36-full-20260828T160649Z,return-ir-to-script-surface,2,2,integration_after_merge:return_core_agent:round1,integration_after_merge,integrated_workspace,return_core_agent,True,False,False,100
apache-tvm-20018,serial_specialists,pr-hard-20018-qwen36-full-20260828T160649Z,return-ir-to-script-surface,3,3,agent_artifact:return_script_agent:round1,agent_artifact,agent_workspace,return_script_agent,True,True,True,111
apache-tvm-20018,serial_specialists,pr-hard-20018-qwen36-full-20260828T160649Z,return-ir-to-script-surface,4,4,integration_after_merge:return_script_agent:round1,integration_after_merge,integrated_workspace,return_script_agent,True,True,True,111
apache-tvm-20018,serial_specialists,pr-hard-20018-qwen36-full-20260828T160649Z,return-ir-to-script-surface,5,5,agent_artifact:return_backend_agent:round1,agent_artifact,agent_workspace,return_backend_agent,True,True,True,111
apache-tvm-20018,serial_specialists,pr-hard-20018-qwen36-full-20260828T160649Z,return-ir-to-script-surface,6,6,integration_after_merge:return_backend_agent:round1,integration_after_merge,integrated_workspace,return_backend_agent,True,True,True,111
apache-tvm-20018,serial_specialists,pr-hard-20018-qwen36-full-20260828T160649Z,return-ir-to-script-surface,7,7,final_integrated,final_integrated,integrated_workspace,,True,True,True,111
apache-tvm-20018,serial_specialists,pr-hard-20018-qwen36-full-20260828T160649Z,script-return-to-lowering-codegen,1,1,agent_artifact:return_core_agent:round1,agent_artifact,agent_workspace,return_core_agent,False,False,False,000
apache-tvm-20018,serial_specialists,pr-hard-20018-qwen36-full-20260828T160649Z,script-return-to-lowering-codegen,2,2,integration_after_merge:return_core_agent:round1,integration_after_merge,integrated_workspace,return_core_agent,False,False,False,000
apache-tvm-20018,serial_specialists,pr-hard-20018-qwen36-full-20260828T160649Z,script-return-to-lowering-codegen,3,3,agent_artifact:return_script_agent:round1,agent_artifact,agent_workspace,return_script_agent,True,False,False,100
apache-tvm-20018,serial_specialists,pr-hard-20018-qwen36-full-20260828T160649Z,script-return-to-lowering-codegen,4,4,integration_after_merge:return_script_agent:round1,integration_after_merge,integrated_workspace,return_script_agent,True,False,False,100
apache-tvm-20018,serial_specialists,pr-hard-20018-qwen36-full-20260828T160649Z,script-return-to-lowering-codegen,5,5,agent_artifact:return_backend_agent:round1,agent_artifact,agent_workspace,return_backend_agent,True,True,True,111
apache-tvm-20018,serial_specialists,pr-hard-20018-qwen36-full-20260828T160649Z,script-return-to-lowering-codegen,6,6,integration_after_merge:return_backend_agent:round1,integration_after_merge,integrated_workspace,return_backend_agent,True,True,True,111
apache-tvm-20018,serial_specialists,pr-hard-20018-qwen36-full-20260828T160649Z,script-return-to-lowering-codegen,7,7,final_integrated,final_integrated,integrated_workspace,,True,True,True,111
apache-tvm-20018,async_private,pr-hard-20018-qwen36-full-20260828T160649Z,return-ir-to-script-surface,1,1,agent_artifact:return_core_agent:round1,agent_artifact,agent_workspace,return_core_agent,True,False,False,100
apache-tvm-20018,async_private,pr-hard-20018-qwen36-full-20260828T160649Z,return-ir-to-script-surface,2,2,integration_after_merge:return_core_agent:round1,integration_after_merge,integrated_workspace,return_core_agent,True,False,False,100
apache-tvm-20018,async_private,pr-hard-20018-qwen36-full-20260828T160649Z,return-ir-to-script-surface,3,3,agent_artifact:return_script_agent:round1,agent_artifact,agent_workspace,return_script_agent,False,True,True,011
apache-tvm-20018,async_private,pr-hard-20018-qwen36-full-20260828T160649Z,return-ir-to-script-surface,4,4,integration_after_merge:return_script_agent:round1,integration_after_merge,integrated_workspace,return_script_agent,True,True,True,111
apache-tvm-20018,async_private,pr-hard-20018-qwen36-full-20260828T160649Z,return-ir-to-script-surface,5,5,agent_artifact:return_backend_agent:round1,agent_artifact,agent_workspace,return_backend_agent,False,False,False,000
apache-tvm-20018,async_private,pr-hard-20018-qwen36-full-20260828T160649Z,return-ir-to-script-surface,6,6,integration_after_merge:return_backend_agent:round1,integration_after_merge,integrated_workspace,return_backend_agent,True,True,True,111
apache-tvm-20018,async_private,pr-hard-20018-qwen36-full-20260828T160649Z,return-ir-to-script-surface,7,7,final_integrated,final_integrated,integrated_workspace,,True,True,True,111
apache-tvm-20018,async_private,pr-hard-20018-qwen36-full-20260828T160649Z,script-return-to-lowering-codegen,1,1,agent_artifact:return_core_agent:round1,agent_artifact,agent_workspace,return_core_agent,False,False,False,000
apache-tvm-20018,async_private,pr-hard-20018-qwen36-full-20260828T160649Z,script-return-to-lowering-codegen,2,2,integration_after_merge:return_core_agent:round1,integration_after_merge,integrated_workspace,return_core_agent,False,False,False,000
apache-tvm-20018,async_private,pr-hard-20018-qwen36-full-20260828T160649Z,script-return-to-lowering-codegen,3,3,agent_artifact:return_script_agent:round1,agent_artifact,agent_workspace,return_script_agent,True,False,False,100
apache-tvm-20018,async_private,pr-hard-20018-qwen36-full-20260828T160649Z,script-return-to-lowering-codegen,4,4,integration_after_merge:return_script_agent:round1,integration_after_merge,integrated_workspace,return_script_agent,True,False,False,100
apache-tvm-20018,async_private,pr-hard-20018-qwen36-full-20260828T160649Z,script-return-to-lowering-codegen,5,5,agent_artifact:return_backend_agent:round1,agent_artifact,agent_workspace,return_backend_agent,False,False,False,000
apache-tvm-20018,async_private,pr-hard-20018-qwen36-full-20260828T160649Z,script-return-to-lowering-codegen,6,6,integration_after_merge:return_backend_agent:round1,integration_after_merge,integrated_workspace,return_backend_agent,True,False,False,100
apache-tvm-20018,async_private,pr-hard-20018-qwen36-full-20260828T160649Z,script-return-to-lowering-codegen,7,7,final_integrated,final_integrated,integrated_workspace,,True,False,False,100
apache-tvm-20018,caid_manager,pr-hard-20018-qwen36-caid-isolation-v2-20260829T125649Z,return-ir-to-script-surface,1,1,agent_artifact:return_backend_agent:round1,agent_artifact,agent_workspace,return_backend_agent,False,False,False,000
apache-tvm-20018,caid_manager,pr-hard-20018-qwen36-caid-isolation-v2-20260829T125649Z,return-ir-to-script-surface,2,2,integration_after_merge:return_backend_agent:round1,integration_after_merge,integrated_workspace,return_backend_agent,False,False,False,000
apache-tvm-20018,caid_manager,pr-hard-20018-qwen36-caid-isolation-v2-20260829T125649Z,return-ir-to-script-surface,3,3,agent_artifact:return_script_agent:round1,agent_artifact,agent_workspace,return_script_agent,False,False,False,000
apache-tvm-20018,caid_manager,pr-hard-20018-qwen36-caid-isolation-v2-20260829T125649Z,return-ir-to-script-surface,4,4,integration_after_merge:return_script_agent:round1,integration_after_merge,integrated_workspace,return_script_agent,False,False,False,000
apache-tvm-20018,caid_manager,pr-hard-20018-qwen36-caid-isolation-v2-20260829T125649Z,return-ir-to-script-surface,5,5,agent_artifact:return_core_agent:round1,agent_artifact,agent_workspace,return_core_agent,True,False,False,100
apache-tvm-20018,caid_manager,pr-hard-20018-qwen36-caid-isolation-v2-20260829T125649Z,return-ir-to-script-surface,6,6,integration_after_merge:return_core_agent:round1,integration_after_merge,integrated_workspace,return_core_agent,True,False,False,100
apache-tvm-20018,caid_manager,pr-hard-20018-qwen36-caid-isolation-v2-20260829T125649Z,return-ir-to-script-surface,7,7,agent_artifact:return_backend_agent:round2,agent_artifact,agent_workspace,return_backend_agent,False,False,False,000
apache-tvm-20018,caid_manager,pr-hard-20018-qwen36-caid-isolation-v2-20260829T125649Z,return-ir-to-script-surface,8,8,integration_after_merge:return_backend_agent:round2,integration_after_merge,integrated_workspace,return_backend_agent,True,False,False,100
apache-tvm-20018,caid_manager,pr-hard-20018-qwen36-caid-isolation-v2-20260829T125649Z,return-ir-to-script-surface,9,9,agent_artifact:return_script_agent:round2,agent_artifact,agent_workspace,return_script_agent,False,False,False,000
apache-tvm-20018,caid_manager,pr-hard-20018-qwen36-caid-isolation-v2-20260829T125649Z,return-ir-to-script-surface,10,10,integration_after_merge:return_script_agent:round2,integration_after_merge,integrated_workspace,return_script_agent,False,False,False,000
apache-tvm-20018,caid_manager,pr-hard-20018-qwen36-caid-isolation-v2-20260829T125649Z,return-ir-to-script-surface,11,11,final_integrated,final_integrated,integrated_workspace,,True,False,False,100
apache-tvm-20018,caid_manager,pr-hard-20018-qwen36-caid-isolation-v2-20260829T125649Z,script-return-to-lowering-codegen,1,1,agent_artifact:return_backend_agent:round1,agent_artifact,agent_workspace,return_backend_agent,False,False,False,000
apache-tvm-20018,caid_manager,pr-hard-20018-qwen36-caid-isolation-v2-20260829T125649Z,script-return-to-lowering-codegen,2,2,integration_after_merge:return_backend_agent:round1,integration_after_merge,integrated_workspace,return_backend_agent,False,False,False,000
apache-tvm-20018,caid_manager,pr-hard-20018-qwen36-caid-isolation-v2-20260829T125649Z,script-return-to-lowering-codegen,3,3,agent_artifact:return_script_agent:round1,agent_artifact,agent_workspace,return_script_agent,False,False,False,000
apache-tvm-20018,caid_manager,pr-hard-20018-qwen36-caid-isolation-v2-20260829T125649Z,script-return-to-lowering-codegen,4,4,integration_after_merge:return_script_agent:round1,integration_after_merge,integrated_workspace,return_script_agent,False,False,False,000
apache-tvm-20018,caid_manager,pr-hard-20018-qwen36-caid-isolation-v2-20260829T125649Z,script-return-to-lowering-codegen,5,5,agent_artifact:return_core_agent:round1,agent_artifact,agent_workspace,return_core_agent,False,False,False,000
apache-tvm-20018,caid_manager,pr-hard-20018-qwen36-caid-isolation-v2-20260829T125649Z,script-return-to-lowering-codegen,6,6,integration_after_merge:return_core_agent:round1,integration_after_merge,integrated_workspace,return_core_agent,False,False,False,000
apache-tvm-20018,caid_manager,pr-hard-20018-qwen36-caid-isolation-v2-20260829T125649Z,script-return-to-lowering-codegen,7,7,agent_artifact:return_backend_agent:round2,agent_artifact,agent_workspace,return_backend_agent,False,False,False,000
apache-tvm-20018,caid_manager,pr-hard-20018-qwen36-caid-isolation-v2-20260829T125649Z,script-return-to-lowering-codegen,8,8,integration_after_merge:return_backend_agent:round2,integration_after_merge,integrated_workspace,return_backend_agent,False,False,False,000
apache-tvm-20018,caid_manager,pr-hard-20018-qwen36-caid-isolation-v2-20260829T125649Z,script-return-to-lowering-codegen,9,9,agent_artifact:return_script_agent:round2,agent_artifact,agent_workspace,return_script_agent,False,False,False,000
apache-tvm-20018,caid_manager,pr-hard-20018-qwen36-caid-isolation-v2-20260829T125649Z,script-return-to-lowering-codegen,10,10,integration_after_merge:return_script_agent:round2,integration_after_merge,integrated_workspace,return_script_agent,False,False,False,000
apache-tvm-20018,caid_manager,pr-hard-20018-qwen36-caid-isolation-v2-20260829T125649Z,script-return-to-lowering-codegen,11,11,final_integrated,final_integrated,integrated_workspace,,False,False,False,000
